マイン,1141,1141,3214,名詞,固有名詞,人名,一般,*,*,マイン,マイン,マイン
ローゼマイン,1141,1141,2819,名詞,固有名詞,人名,一般,*,*,ローゼマイン,ローゼマイン,ローゼマイン
ヴィルフリート,1141,1141,3082,名詞,固有名詞,人名,一般,*,*,ヴィルフリート,ヴィルフリート,ビルフリート
フェルディナンド,1141,1141,3236,名詞,固有名詞,人名,一般,*,*,フェルディナンド,フェルディナンド,フェルディナンド
ヴァイス,1141,1141,3293,名詞,固有名詞,人名,一般,*,*,ヴァイス,ヴァイス,ヴァイス
ヴェローニカ,1141,1141,3289,名詞,固有名詞,人名,一般,*,*,ヴェローニカ,ヴェローニカ,ヴェローニカ
エーヴィリーベ,1141,1141,3326,名詞,固有名詞,人名,一般,*,*,エーヴィリーベ,エーヴィリーベ,エーヴィリーベ
ヴェール,1135,1135,4080,名詞,一般,*,*,*,*,ヴェール,ヴェール,ヴェール
エルヴィーラ,1141,1141,3327,名詞,固有名詞,人名,一般,*,*,エルヴィーラ,エルヴィーラ,エルヴィーラ
クヴェルヴァイデ,1141,1141,3327,名詞,固有名詞,人名,一般,*,*,クヴェルヴァイデ,クヴェルヴァイデ,クヴェルヴァイデ
ヴィンファル,1141,1141,3327,名詞,固有名詞,人名,一般,*,*,ヴィンファル,ヴィンファル,ヴィンファル
ヴィルマ,1141,1141,3276,名詞,固有名詞,人名,一般,*,*,ヴィルマ,ヴィルマ,ヴィルマ
オルトヴィーン,1141,1141,3327,名詞,固有名詞,人名,一般,*,*,オルトヴィーン,オルトヴィーン,オルトヴィーン
ジギスヴァルト,1141,1141,3327,名詞,固有名詞,人名,一般,*,*,ジギスヴァルト,ジギスヴァルト,ジギスヴァルト
ジルヴェスター,1141,1141,3265,名詞,固有名詞,人名,一般,*,*,ジルヴェスター,ジルヴェスター,ジルヴェスター
プリムヴェール,1141,1141,3327,名詞,固有名詞,人名,一般,*,*,プリムヴェール,プリムヴェール,プリムヴェール
ヴェネツィア,1144,1144,4245,名詞,固有名詞,地域,一般,*,*,ヴェネツィア,ヴェネツィア,ヴェネツィア
ヴァッシェン,1135,1135,4133,名詞,一般,*,*,*,*,ヴァッシェン,ヴァッシェン,ヴァッシェン
ゲヴィンネン,1135,1135,4080,名詞,一般,*,*,*,*,ゲヴィンネン,ゲヴィンネン,ゲヴィンネン
ヴィゼ,1135,1135,4080,名詞,一般,*,*,*,*,ヴィゼ,ヴィゼ,ヴィゼ
ランツェナーヴェ,1144,1144,4214,名詞,固有名詞,地域,一般,*,*,ランツェナーヴェ,ランツェナーヴェ,ランツェナーヴェ
ドレヴァンヒェル,1144,1144,4245,名詞,固有名詞,地域,一般,*,*,ドレヴァンヒェル,ドレヴァンヒェル,ドレヴァンヒェル
エントヴィッケルン,1135,1135,4080,名詞,一般,*,*,*,*,エントヴィッケルン,エントヴィッケルン,エントヴィッケルン
ユレーヴェ,1135,1135,4080,名詞,一般,*,*,*,*,ユレーヴェ,ユレーヴェ,ユレーヴェ
ヴィルフリート,1142,1142,5150,名詞,固有名詞,人名,名,*,*,ヴィルフリート,ビルフリート,ビルフリート
ジギスヴァルト,1142,1142,4921,名詞,固有名詞,人名,名,*,*,ジギスヴァルト,ジギスバルト,ジギスバルト
ジルヴェスター,1142,1142,4968,名詞,固有名詞,人名,名,*,*,ジルヴェスター,ジルベスター,ジルベスター
ヴェローニカ,1142,1142,4955,名詞,固有名詞,人名,名,*,*,ヴェローニカ,ベローニカ,ベローニカ
ヴァイス,1142,1142,4953,名詞,固有名詞,人名,名,*,*,ヴァイス,バイス,バイス
フェルディナンド,1141,1141,3236,名詞,固有名詞,人名,一般,*,*,フェルディナンド,フェルディナンド,フェルディナンド
アナスタージウス,1141,1141,3319,名詞,固有名詞,人名,一般,*,*,アナスタージウス,アナスタージウス,アナスタージウス
エグランティーヌ,1141,1141,3319,名詞,固有名詞,人名,一般,*,*,エグランティーヌ,エグランティーヌ,エグランティーヌ
ヒルデブラント,1141,1141,4135,名詞,固有名詞,人名,一般,*,*,ヒルデブラント,ヒルデブラント,ヒルデブラント
マグダレーナ,1141,1141,3323,名詞,固有名詞,人名,一般,*,*,マグダレーナ,マグダレーナ,マグダレーナ
ジギスヴァルト,1141,1141,3327,名詞,固有名詞,人名,一般,*,*,ジギスヴァルト,ジギスヴァルト,ジギスバルト
ハンネローレ,1141,1141,3320,名詞,固有名詞,人名,一般,*,*,ハンネローレ,ハンネローレ,ハンネローレ
ディートリンデ,1141,1141,3306,名詞,固有名詞,人名,一般,*,*,ディートリンデ,ディートリンデ,ディートリンデ
ベンノ,1141,1141,3258,名詞,固有名詞,人名,一般,*,*,ベンノ,ベンノ,ベンノ
トラオクヴァール,1141,1141,3327,名詞,固有名詞,人名,一般,*,*,トラオクヴァール,トラオクヴァール,トラオクヴァール
ヒルシュール,1141,1141,3326,名詞,固有名詞,人名,一般,*,*,ヒルシュール,ヒルシュール,ヒルシュール
リーゼレータ,1141,1141,3324,名詞,固有名詞,人名,一般,*,*,リーゼレータ,リーゼレータ,リーゼレータ
ハルトムート,1141,1141,3287,名詞,固有名詞,人名,一般,*,*,ハルトムート,ハルトムート,ハルトムート
アンゲリカ,1141,1141,3312,名詞,固有名詞,人名,一般,*,*,アンゲリカ,アンゲリカ,アンゲリカ
レーベレヒト,1141,1141,3287,名詞,固有名詞,人名,一般,*,*,レーベレヒト,レーベレヒト,レーベレヒト
フェルネスティーネ,1141,1141,3313,名詞,固有名詞,人名,一般,*,*,フェルネスティーネ,フェルネスティーネ,フェルネスティーネ
レオノーレ,1141,1141,3316,名詞,固有名詞,人名,一般,*,*,レオノーレ,レオノーレ,レオノーレ
クラリッサ,1141,1141,3325,名詞,固有名詞,人名,一般,*,*,クラリッサ,クラリッサ,クラリッサ
アーレンスバッハ,1144,1144,4021,名詞,固有名詞,地域,一般,*,*,アーレンスバッハ,アーレンスバッハ,アーレンスバッハ
エーレンフェスト,1144,1144,3972,名詞,固有名詞,地域,一般,*,*,エーレンフェスト,エーレンフェスト,エーレンフェスト
クラッセンブルク,1144,1144,4220,名詞,固有名詞,地域,一般,*,*,クラッセンブルク,クラッセンブルク,クラッセンブルク
ユルゲンシュミット,1144,1144,4245,名詞,固有名詞,地域,一般,*,*,ユルゲンシュミット,ユルゲンシュミット,ユルゲンシュミット
トロンベ,1140,1140,3898,名詞,固有名詞,一般,*,*,*,トロンベ,トロンベ,トロンベ
ツェント,1140,1140,3763,名詞,固有名詞,一般,*,*,*,ツェント,ツェント,ツェント
グルトリスハイト,1141,1141,3277,名詞,固有名詞,人名,一般,*,*,グルトリスハイト,グルトリスハイト,グルトリスハイト
アウブ,1140,1140,2181,名詞,固有名詞,一般,*,*,*,アウブ,アウブ,アウブ
ギーベ,1140,1140,3931,名詞,固有名詞,一般,*,*,*,ギーベ,ギーベ,ギーベ
タウナーデ,1140,1140,3927,名詞,固有名詞,一般,*,*,*,タウナーデ,タウナーデ,タウナーデ
シュプレッシュ,1140,1140,3868,名詞,固有名詞,一般,*,*,*,シュプレッシュ,シュプレッシュ,シュプレッシュ
フィリーネ,1141,1141,3302,名詞,固有名詞,人名,一般,*,*,フィリーネ,フィリーネ,フィリーネ
オティーリエ,1141,1141,3325,名詞,固有名詞,人名,一般,*,*,オティーリエ,オティーリエ,オティーリエ
ブリュンヒルデ,1141,1141,3327,名詞,固有名詞,人名,一般,*,*,ブリュンヒルデ,ブリュンヒルデ,ブリュンヒルデ
ベルティルデ,1141,1141,3327,名詞,固有名詞,人名,一般,*,*,ベルティルデ,ベルティルデ,ベルティルデ
ローデリヒ,1141,1141,3306,名詞,固有名詞,人名,一般,*,*,ローデリヒ,ローデリヒ,ローデリヒ
マティアス,1141,1141,3293,名詞,固有名詞,人名,一般,*,*,マティアス,マティアス,マティアス
ラウレンツ,1141,1141,3327,名詞,固有名詞,人名,一般,*,*,ラウレンツ,ラウレンツ,ラウレンツ
グレーティア,1141,1141,3285,名詞,固有名詞,人名,一般,*,*,グレーティア,グレーティア,グレーティア
ミュリエラ,1141,1141,3327,名詞,固有名詞,人名,一般,*,*,ミュリエラ,ミュリエラ,ミュリエラ
ベルトラム,1141,1141,3327,名詞,固有名詞,人名,一般,*,*,ベルトラム,ベルトラム,ベルトラム
メルヒオール,1141,1141,3327,名詞,固有名詞,人名,一般,*,*,メルヒオール,メルヒオール,メルヒオール
コルネリウス,1141,1141,3304,名詞,固有名詞,人名,一般,*,*,コルネリウス,コルネリウス,コルネリウス
ダームエル,1141,1141,3314,名詞,固有名詞,人名,一般,*,*,ダームエル,ダームエル,ダームエル
ユーディット,1141,1141,3327,名詞,固有名詞,人名,一般,*,*,ユーディット,ユーディット,ユーディット
テオドール,1141,1141,3327,名詞,固有名詞,人名,一般,*,*,テオドール,テオドール,テオドール
リーゼレータ,1141,1141,3324,名詞,固有名詞,人名,一般,*,*,リーゼレータ,リーゼレータ,リーゼレータ
トラウゴット,1141,1141,3327,名詞,固有名詞,人名,一般,*,*,トラウゴット,トラウゴット,トラウゴット
オルタンシア,1141,1141,3327,名詞,固有名詞,人名,一般,*,*,オルタンシア,オルタンシア,オルタンシア
レティーツィア,1141,1141,3318,名詞,固有名詞,人名,一般,*,*,レティーツィア,レティーツィア,レティーツィア
ブリギッテ,1141,1141,3307,名詞,固有名詞,人名,一般,*,*,ブリギッテ,ブリギッテ,ブリギッテ
ラザファム,1141,1141,3327,名詞,固有名詞,人名,一般,*,*,ラザファム,ラザファム,ラザファム
ルッツ,1141,1141,3077,名詞,固有名詞,人名,一般,*,*,ルッツ,ルッツ,ルッツ
エックハルト,1141,1141,3324,名詞,固有名詞,人名,一般,*,*,エックハルト,エックハルト,エックハルト
メルヒオール,1141,1141,3327,名詞,固有名詞,人名,一般,*,*,メルヒオール,メルヒオール,メルヒオール
カンフェル,1141,1141,3327,名詞,固有名詞,人名,一般,*,*,カンフェル,カンフェル,カンフェル
フリターク,1141,1141,3327,名詞,固有名詞,人名,一般,*,*,フリターク,フリターク,フリターク
ボニファティウス,1141,1141,3326,名詞,固有名詞,人名,一般,*,*,ボニファティウス,ボニファティウス,ボニファティウス
ヴェローニカ,1141,1141,3289,名詞,固有名詞,人名,一般,*,*,ヴェローニカ,ヴェローニカ,ヴェローニカ
ヴィルマ,1141,1141,3276,名詞,固有名詞,人名,一般,*,*,ヴィルマ,ヴィルマ,ヴィルマ
フラン,1141,1141,2887,名詞,固有名詞,人名,一般,*,*,フラン,フラン,フラン
コンラート,1141,1141,3326,名詞,固有名詞,人名,一般,*,*,コンラート,コンラート,コンラート
ザーム,1141,1141,3327,名詞,固有名詞,人名,一般,*,*,ザーム,ザーム,ザーム
デリア,1141,1141,3325,名詞,固有名詞,人名,一般,*,*,デリア,デリア,デリア
ディルク,1141,1141,3313,名詞,固有名詞,人名,一般,*,*,ディルク,ディルク,ディルク
モニカ,1141,1141,3327,名詞,固有名詞,人名,一般,*,*,モニカ,モニカ,モニカ
ニコラ,1141,1141,3110,名詞,固有名詞,人名,一般,*,*,ニコラ,ニコラ,ニコラ
マルク,1141,1141,3586,名詞,固有名詞,人名,一般,*,*,マルク,マルク,マルク
ギル,1141,1141,3249,名詞,固有名詞,人名,一般,*,*,ギル,ギル,ギル
ギュンター,1141,1141,3327,名詞,固有名詞,人名,一般,*,*,ギュンター,ギュンター,ギュンター
トゥーリ,1141,1141,3273,名詞,固有名詞,人名,一般,*,*,トゥーリ,トゥーリ,トゥーリ
フーゴ,1141,1141,3262,名詞,固有名詞,人名,一般,*,*,フーゴ,フーゴ,フーゴ
エラ,1141,1141,3562,名詞,固有名詞,人名,一般,*,*,エラ,エラ,エラ
ハイデマリー,1141,1141,3327,名詞,固有名詞,人名,一般,*,*,ハイデマリー,ハイデマリー,ハイデマリー
マルティナ,1141,1141,3327,名詞,固有名詞,人名,一般,*,*,マルティナ,マルティナ,マルティナ
レオンツィオ,1141,1141,3319,名詞,固有名詞,人名,一般,*,*,レオンツィオ,レオンツィオ,レオンツィオ
ラルフ,1141,1141,3327,名詞,固有名詞,人名,一般,*,*,ラルフ,ラルフ,ラルフ
ユーディット,1141,1141,3327,名詞,固有名詞,人名,一般,*,*,ユーディット,ユーディット,ユーディット
オイサヴァール,1141,1141,3327,名詞,固有名詞,人名,一般,*,*,オイサヴァール,オイサヴァール,オイサヴァール
ハイルアインド,1141,1141,3327,名詞,固有名詞,人名,一般,*,*,ハイルアインド,ハイルアインド,ハイルアインド
トルキューンハイト,1141,1141,3327,名詞,固有名詞,人名,一般,*,*,トルキューンハイト,トルキューンハイト,トルキューンハイト
フロレンツィア,1141,1141,3326,名詞,固有名詞,人名,一般,*,*,フロレンツィア,フロレンツィア,フロレンツィア
ヒルシュール,1141,1141,3326,名詞,固有名詞,人名,一般,*,*,ヒルシュール,ヒルシュール,ヒルシュール
バルトルト,1141,1141,3327,名詞,固有名詞,人名,一般,*,*,バルトルト,バルトルト,バルトルト
フリッツ,1141,1141,3327,名詞,固有名詞,人名,一般,*,*,フリッツ,フリッツ,フリッツ
ザック,1141,1141,3363,名詞,固有名詞,人名,一般,*,*,ザック,ザック,ザック
ベルトラム,1141,1141,3327,名詞,固有名詞,人名,一般,*,*,ベルトラム,ベルトラム,ベルトラム
ドレッファングーア,1141,1141,3327,名詞,固有名詞,人名,一般,*,*,ドレッファングーア,ドレッファングーア,ドレッファングーア
リーベスクヒルフェ,1141,1141,3327,名詞,固有名詞,人名,一般,*,*,リーベスクヒルフェ,リーベスクヒルフェ,リーベスクヒルフェ
シックザントラハト,1141,1141,3326,名詞,固有名詞,人名,一般,*,*,シックザントラハト,シックザントラハト,シックザントラハト
フェアシュプレーディ,1141,1141,3326,名詞,固有名詞,人名,一般,*,*,フェアシュプレーディ,フェアシュプレーディ,フェアシュプレーディ
フリュートレーネ,1141,1141,3268,名詞,固有名詞,人名,一般,*,*,フリュートレーネ,フリュートレーネ,フリュートレーネ
ライデンシャフト,1141,1141,3324,名詞,固有名詞,人名,一般,*,*,ライデンシャフト,ライデンシャフト,ライデンシャフト
シュツェーリア,1141,1141,3311,名詞,固有名詞,人名,一般,*,*,シュツェーリア,シュツェーリア,シュツェーリア
ゲドゥルリーヒ,1141,1141,3326,名詞,固有名詞,人名,一般,*,*,ゲドゥルリーヒ,ゲドゥルリーヒ,ゲドゥルリーヒ
エーヴィリーベ,1141,1141,3326,名詞,固有名詞,人名,一般,*,*,エーヴィリーベ,エーヴィリーベ,エーヴィリーベ
メスティオノーラ,1141,1141,3269,名詞,固有名詞,人名,一般,*,*,メスティオノーラ,メスティオノーラ,メスティオノーラ
エントリンドゥーゲ,1141,1141,3324,名詞,固有名詞,人名,一般,*,*,エントリンドゥーゲ,エントリンドゥーゲ,エントリンドゥーゲ
グーテンベルク,1146,1146,4767,名詞,固有名詞,組織,*,*,*,グーテンベルク,グーテンベルク,グーテンベルク
ルネッサンス,1146,1146,5744,名詞,固有名詞,組織,*,*,*,ルネッサンス,ルネッサンス,
ギルベルタ商会,1146,1146,5745,名詞,固有名詞,組織,*,*,*,ギルベルタ商会,ギルベルタ商会,ギルベルタショーカイ
プランタン商会,1146,1146,5747,名詞,固有名詞,組織,*,*,*,プランタン商会,プランタン商会,プランタンショーカイ
ヴィルトル,1144,1144,4245,名詞,固有名詞,地域,一般,*,*,ヴィルトル,ヴィルトル,ヴィルトル
ゲルラッハ,1144,1144,4245,名詞,固有名詞,地域,一般,*,*,ゲルラッハ,ゲルラッハ,ゲルラッハ
イルクナー,1144,1144,4245,名詞,固有名詞,地域,一般,*,*,イルクナー,イルクナー,イルクナー
グレッシェル,1144,1144,4245,名詞,固有名詞,地域,一般,*,*,グレッシェル,グレッシェル,グレッシェル
キルンベルガ,1144,1144,4245,名詞,固有名詞,地域,一般,*,*,キルンベルガ,キルンベルガ,キルンベルガ
ハルデンツェル,1144,1144,4245,名詞,固有名詞,地域,一般,*,*,ハルデンツェル,ハルデンツェル,ハルデンツェル
ライゼガング,1144,1144,4245,名詞,固有名詞,地域,一般,*,*,ライゼガング,ライゼガング,ライゼガング
ドレヴァンヒェル,1144,1144,4245,名詞,固有名詞,地域,一般,*,*,ドレヴァンヒェル,ドレヴァンヒェル,ドレヴァンヒェル
ダンケルフェルガー,1144,1144,3797,名詞,固有名詞,地域,一般,*,*,ダンケルフェルガー,ダンケルフェルガー,ダンケルフェルガー
シュタープ,1140,1140,3719,名詞,固有名詞,一般,*,*,*,シュタープ,シュタープ,シュタープ
オルドナンツ,1140,1140,3844,名詞,固有名詞,一般,*,*,*,オルドナンツ,オルドナンツ,オルドナンツ
ナンセーブ,1140,1140,3931,名詞,固有名詞,一般,*,*,*,ナンセーブ,ナンセーブ,ナンセーブ
エイフォン,1140,1140,3931,名詞,固有名詞,一般,*,*,*,エイフォン,エイフォン,エイフォン
ロンダリング,1133,1133,4660,名詞,サ変接続,*,*,*,*,ロンダリング,ロンダリング,ロンダリング
フェシュピール,1140,1140,3915,名詞,固有名詞,一般,*,*,*,フェシュピール,フェシュピール,フェシュピール
エントヴィッケルン,1140,1140,3931,名詞,固有名詞,一般,*,*,*,エントヴィッケルン,エントヴィッケルン,エントヴィッケルン
ヴァッシェン,1140,1140,3803,名詞,固有名詞,一般,*,*,*,ヴァッシェン,ヴァッシェン,ヴァッシェン
ジャンシアーヌ,1141,1141,3327,名詞,固有名詞,人名,一般,*,*,ジャンシアーヌ,ジャンシアーヌ,ジャンシアーヌ
パウリーネ,1141,1141,3327,名詞,固有名詞,人名,一般,*,*,パウリーネ,パウリーネ,パウリーネ
スティロ,1140,1140,3931,名詞,固有名詞,一般,*,*,*,スティロ,スティロ,スティロ
エールデグラール,1141,1141,3327,名詞,固有名詞,人名,一般,*,*,エールデグラール,エールデグラール,エールデグラール
アーンヴァックス,1141,1141,3327,名詞,固有名詞,人名,一般,*,*,アーンヴァックス,アーンヴァックス,アーンヴァックス
エアヴェルミーン,1141,1141,3327,名詞,固有名詞,人名,一般,*,*,エアヴェルミーン,エアヴェルミーン,エアヴェルミーン
クインタ,1141,1141,3327,名詞,固有名詞,人名,一般,*,*,クインタ,クインタ,クインタ
アルステーデ,1141,1141,3324,名詞,固有名詞,人名,一般,*,*,アルステーデ,アルステーデ,アルステーデ
ロスヴィータ,1141,1141,3327,名詞,固有名詞,人名,一般,*,*,ロスヴィータ,ロスヴィータ,ロスヴィータ
フェアゼーレ,1141,1141,3327,名詞,固有名詞,人名,一般,*,*,フェアゼーレ,フェアゼーレ,フェアゼーレ
フェアドレーオス,1141,1141,3322,名詞,固有名詞,人名,一般,*,*,フェアドレーオス,フェアドレーオス,フェアドレーオス
ウンハイルシュナイデ,1141,1141,3308,名詞,固有名詞,人名,一般,*,*,ウンハイルシュナイデ,ウンハイルシュナイデ,ウンハイルシュナイデ
グラオザム,1141,1141,3322,名詞,固有名詞,人名,一般,*,*,グラオザム,グラオザム,グラオザム
ハイスヒッツェ,1141,1141,3310,名詞,固有名詞,人名,一般,*,*,ハイスヒッツェ,ハイスヒッツェ,ハイスヒッツェ
フリュートレーネ,1141,1141,3268,名詞,固有名詞,人名,一般,*,*,フリュートレーネ,フリュートレーネ,フリュートレーネ
ルングシュメール,1141,1141,3321,名詞,固有名詞,人名,一般,*,*,ルングシュメール,ルングシュメール,ルングシュメール
ゲドゥルリーヒ,1141,1141,3326,名詞,固有名詞,人名,一般,*,*,ゲドゥルリーヒ,ゲドゥルリーヒ,ゲドゥルリーヒ
ルーフェン,1141,1141,3234,名詞,固有名詞,人名,一般,*,*,ルーフェン,ルーフェン,ルーフェン
アンハルトゥング,1141,1141,3327,名詞,固有名詞,人名,一般,*,*,アンハルトゥング,アンハルトゥング,アンハルトゥング
フェアベルッケン,1141,1141,3327,名詞,固有名詞,人名,一般,*,*,フェアベルッケン,フェアベルッケン,フェアベルッケン
トルキューンハイト,1141,1141,3327,名詞,固有名詞,人名,一般,*,*,トルキューンハイト,トルキューンハイト,トルキューンハイト
ラオブルート,1141,1141,3316,名詞,固有名詞,人名,一般,*,*,ラオブルート,ラオブルート,ラオブルート
オルドシュネーリ,1141,1141,3327,名詞,固有名詞,人名,一般,*,*,オルドシュネーリ,オルドシュネーリ,オルドシュネーリ
シュラートラウム,1141,1141,3327,名詞,固有名詞,人名,一般,*,*,シュラートラウム,シュラートラウム,シュラートラウム
ゼルギウス,1141,1141,3327,名詞,固有名詞,人名,一般,*,*,ゼルギウス,ゼルギウス,ゼルギウス
ロスヴィータ,1141,1141,3327,名詞,固有名詞,人名,一般,*,*,ロスヴィータ,ロスヴィータ,ロスヴィータ
フェアゼーレ,1141,1141,3327,名詞,固有名詞,人名,一般,*,*,フェアゼーレ,フェアゼーレ,フェアゼーレ
アルステーデ,1141,1141,3324,名詞,固有名詞,人名,一般,*,*,アルステーデ,アルステーデ,アルステーデ
テルツァ,1141,1141,3327,名詞,固有名詞,人名,一般,*,*,テルツァ,テルツァ,テルツァ
ジェルヴァージオ,1141,1141,3327,名詞,固有名詞,人名,一般,*,*,ジェルヴァージオ,ジェルヴァージオ,ジェルヴァージオ
ゲボルトヌーン,1141,1141,3327,名詞,固有名詞,人名,一般,*,*,ゲボルトヌーン,ゲボルトヌーン,ゲボルトヌーン
エーファ,1141,1141,3327,名詞,固有名詞,人名,一般,*,*,エーファ,エーファ,エーファ
ベルケシュトック,1144,1144,3978,名詞,固有名詞,地域,一般,*,*,ベルケシュトック,ベルケシュトック,ベルケシュトック
ザウスガース,1144,1144,4150,名詞,固有名詞,地域,一般,*,*,ザウスガース,ザウスガース,ザウスガース
シャルファー,1144,1144,4232,名詞,固有名詞,地域,一般,*,*,シャルファー,シャルファー,シャルファー
ディッター,1140,1140,3913,名詞,固有名詞,一般,*,*,*,ディッター,ディッター,ディッター
シュトレイトコルベン,1140,1140,3918,名詞,固有名詞,一般,*,*,*,シュトレイトコルベン,シュトレイトコルベン,シュトレイトコルベン
ヴォルヘニール,1140,1140,3926,名詞,固有名詞,一般,*,*,*,ヴォルヘニール,ヴォルヘニール,ヴォルヘニール
リューケン,1140,1140,3931,名詞,固有名詞,一般,*,*,*,リューケン,リューケン,リューケン
タウ,1140,1140,6681,名詞,固有名詞,一般,*,*,*,タウ,タウ,タウ
カミル,1141,1141,3316,名詞,固有名詞,人名,一般,*,*,カミル,カミル,カミル
オットー,1141,1141,3323,名詞,固有名詞,人名,一般,*,*,オットー,オットー,オットー
ディード,1141,1141,3325,名詞,固有名詞,人名,一般,*,*,ディード,ディード,ディード
コリンナ,1141,1141,3327,名詞,固有名詞,人名,一般,*,*,コリンナ,コリンナ,コリンナ
ロジーナ,1141,1141,3316,名詞,固有名詞,人名,一般,*,*,ロジーナ,ロジーナ,ロジーナ
リジー,1141,1141,3324,名詞,固有名詞,人名,一般,*,*,リジー,リジー,リジー
リジー,1141,1141,3324,名詞,固有名詞,人名,一般,*,*,リジー,リジー,リジー
カルステッド,1141,1141,3308,名詞,固有名詞,人名,一般,*,*,カルステッド,カルステッド,カルステッド
クリスティーネ,1141,1141,3324,名詞,固有名詞,人名,一般,*,*,クリスティーネ,クリスティーネ,クリスティーネ
レナーテ,1141,1141,3327,名詞,固有名詞,人名,一般,*,*,レナーテ,レナーテ,レナーテ
ヴォルフ,1141,1141,3327,名詞,固有名詞,人名,一般,*,*,ヴォルフ,ボルフ,ボルフ
ハイディ,1141,1141,3327,名詞,固有名詞,人名,一般,*,*,ハイディ,ハイディ,ハイディ
ヨゼフ,1141,1141,3327,名詞,固有名詞,人名,一般,*,*,ヨゼフ,ヨゼフ,ヨゼフ
シキコーザ,1141,1141,3327,名詞,固有名詞,人名,一般,*,*,シキコーザ,シキコーザ,シキコーザ
ビンデバルト,1141,1141,3324,名詞,固有名詞,人名,一般,*,*,ビンデバルト,ビンデバルト,ビンデバルト
ローゼマリー,1141,1141,3327,名詞,固有名詞,人名,一般,*,*,ローゼマリー,ローゼマリー,ローゼマリー
ブラウ,1140,1140,3931,名詞,固有名詞,一般,*,*,*,ブラウ,ブラウ,ブラウ
リヒャルダ,1141,1141,3314,名詞,固有名詞,人名,一般,*,*,リヒャルダ,リヒャルダ,リヒャルダ
ユストクス,1141,1141,3327,名詞,固有名詞,人名,一般,*,*,ユストクス,ユストクス,ユストクス
リュディガー,1141,1141,3327,名詞,固有名詞,人名,一般,*,*,リュディガー,リュディガー,リュディガー
ゲオルギーネ,1141,1141,3327,名詞,固有名詞,人名,一般,*,*,ゲオルギーネ,ゲオルギーネ,ゲオルギーネ
シャルロッテ,1141,1141,3327,名詞,固有名詞,人名,一般,*,*,シャルロッテ,シャルロッテ,シャルロッテ
ソランジュ,1141,1141,3327,名詞,固有名詞,人名,一般,*,*,ソランジュ,ソランジュ,ソランジュ
グレートヒェン,1141,1141,3327,名詞,固有名詞,人名,一般,*,*,グレートヒェン,グレートヒェン,グレートヒェン
ガブリエーレ,1141,1141,3327,名詞,固有名詞,人名,一般,*,*,ガブリエーレ,ガブリエーレ,ガブリエーレ
シュティンルーク,1141,1141,3327,名詞,固有名詞,人名,一般,*,*,シュティンルーク,シュティンルーク,シュティンルーク
アングリーフ,1141,1141,3327,名詞,固有名詞,人名,一般,*,*,アングリーフ,アングリーフ,アングリーフ
レスティラウト,1141,1141,3327,名詞,固有名詞,人名,一般,*,*,レスティラウト,レスティラウト,レスティラウト
ランガナタン,1141,1141,3327,名詞,固有名詞,人名,一般,*,*,ランガナタン,ランガナタン,ランガナタン
ハッセ,1144,1144,3707,名詞,固有名詞,地域,一般,*,*,ハッセ,ハッセ,ハッセ
フレーベルターク,1144,1144,4245,名詞,固有名詞,地域,一般,*,*,フレーベルターク,フレーベルターク,フレーベルターク
オスヴィン,1141,1141,3327,名詞,固有名詞,人名,一般,*,*,オスヴィン,オスヴィン,オスヴィン
ノルベルト,1141,1141,3327,名詞,固有名詞,人名,一般,*,*,ノルベルト,ノルベルト,ノルベルト
ノル,1141,1141,3327,名詞,固有名詞,人名,一般,*,*,ノル,ノル,ノル
インゴ,1141,1141,3327,名詞,固有名詞,人名,一般,*,*,インゴ,インゴ,インゴ
テオ,1141,1141,3327,名詞,固有名詞,人名,一般,*,*,テオ,テオ,テオ
ヴィクトア,1141,1141,3327,名詞,固有名詞,人名,一般,*,*,ヴィクトア,ヴィクトア,ヴィクトア
フォルク,1141,1141,3327,名詞,固有名詞,人名,一般,*,*,フォルク,フォルク,フォルク
リンファイ,1141,1141,3327,名詞,固有名詞,人名,一般,*,*,リンファイ,リンファイ,リンファイ
カーヤ,1141,1141,3327,名詞,固有名詞,人名,一般,*,*,カーヤ,カーヤ,カーヤ
ダミアン,1141,1141,3327,名詞,固有名詞,人名,一般,*,*,ダミアン,ダミアン,ダミアン
モーリッツ,1141,1141,3327,名詞,固有名詞,人名,一般,*,*,モーリッツ,モーリッツ,モーリッツ
シュネティルム,1141,1141,3327,名詞,固有名詞,人名,一般,*,*,シュネティルム,シュネティルム,シュネティルム
ランプレヒト,1141,1141,3327,名詞,固有名詞,人名,一般,*,*,ランプレヒト,ランプレヒト,ランプレヒト
グードルーン,1141,1141,3327,名詞,固有名詞,人名,一般,*,*,グードルーン,グードルーン,グードルーン
オトマール,1141,1141,3327,名詞,固有名詞,人名,一般,*,*,オトマール,オトマール,オトマール
イグナーツ,1141,1141,3327,名詞,固有名詞,人名,一般,*,*,イグナーツ,イグナーツ,イグナーツ
リンシャン,1141,1141,3327,名詞,固有名詞,人名,一般,*,*,リンシャン,リンシャン,リンシャン
シッカーク,1141,1141,3327,名詞,固有名詞,人名,一般,*,*,シッカーク,シッカーク,シッカーク
ヨナサーラ,1141,1141,3327,名詞,固有名詞,人名,一般,*,*,ヨナサーラ,ヨナサーラ,ヨナサーラ
イルゼ,1141,1141,3327,名詞,固有名詞,人名,一般,*,*,イルゼ,イルゼ,イルゼ
フェイ,1141,1141,3327,名詞,固有名詞,人名,一般,*,*,フェイ,フェイ,フェイ
ダールドルフ,1141,1141,3327,名詞,固有名詞,人名,一般,*,*,ダールドルフ,ダールドルフ,ダールドルフ
アヒム,1141,1141,3327,名詞,固有名詞,人名,一般,*,*,アヒム,アヒム,アヒム
グリム,1141,1141,3327,名詞,固有名詞,人名,一般,*,*,グリム,グリム,グリム
ミッシュ,1141,1141,3327,名詞,固有名詞,人名,一般,*,*,ミッシュ,ミッシュ,ミッシュ
ペード,1141,1141,3327,名詞,固有名詞,人名,一般,*,*,ペード,ペード,ペード
リヒト,1141,1141,3327,名詞,固有名詞,人名,一般,*,*,リヒト,リヒト,リヒト
マルテ,1141,1141,3327,名詞,固有名詞,人名,一般,*,*,マルテ,マルテ,マルテ
エルネスタ,1141,1141,3327,名詞,固有名詞,人名,一般,*,*,エルネスタ,エルネスタ,エルネスタ
シュインジョウ,1141,1141,3327,名詞,固有名詞,人名,一般,*,*,シュインジョウ,シュインジョウ,シュインジョウ
フェアドレンナ,1141,1141,3327,名詞,固有名詞,人名,一般,*,*,フェアドレンナ,フェアドレンナ,フェアドレンナ
ヨハン,1141,1141,3327,名詞,固有名詞,人名,一般,*,*,ヨハン,ヨハン,ヨハン
アイフィント,1141,1141,3327,名詞,固有名詞,人名,一般,*,*,アイフィント,アイフィント,アイフィント
ベハンクラウト,1141,1141,3327,名詞,固有名詞,人名,一般,*,*,ベハンクラウト,ベハンクラウト,ベハンクラウト
シャルラウプ,1141,1141,3327,名詞,固有名詞,人名,一般,*,*,シャルラウプ,シャルラウプ,シャルラウプ
ルングオープ,1141,1141,3327,名詞,固有名詞,人名,一般,*,*,ルングオープ,ルングオープ,ルングオープ
フロイデン,1141,1141,3327,名詞,固有名詞,人名,一般,*,*,フロイデン,フロイデン,フロイデン
アドルフィーネ,1141,1141,3327,名詞,固有名詞,人名,一般,*,*,アドルフィーネ,アドルフィーネ,アドルフィーネ
フリーダ,1141,1141,3321,名詞,固有名詞,人名,一般,*,*,フリーダ,フリーダ,フリーダ
ニコラウス,1141,1141,3314,名詞,固有名詞,人名,一般,*,*,ニコラウス,ニコラウス,ニコラウス
トルデリーデ,1141,1141,3327,名詞,固有名詞,人名,一般,*,*,トルデリーデ,トルデリーデ,トルデリーデ
アウレーリア,1141,1141,3327,名詞,固有名詞,人名,一般,*,*,アウレーリア,アウレーリア,アウレーリア
クウェカルーラ,1141,1141,3319,名詞,固有名詞,人名,一般,*,*,クウェカルーラ,クウェカルーラ,クウェカルーラ
フラウレルム,1141,1141,3327,名詞,固有名詞,人名,一般,*,*,フラウレルム,フラウレルム,フラウレルム
ベティーナ,1141,1141,3327,名詞,固有名詞,人名,一般,*,*,ベティーナ,ベティーナ,ベティーナ
ツィトリン,1141,1141,3327,名詞,固有名詞,人名,一般,*,*,ツィトリン,ツィトリン,ツィトリン
ヴィオレーベ,1141,1141,3327,名詞,固有名詞,人名,一般,*,*,ヴィオレーベ,ヴィオレーベ,ヴィオレーベ
アイフィント,1141,1141,3327,名詞,固有名詞,人名,一般,*,*,アイフィント,アイフィント,アイフィント
ベハンクラウト,1141,1141,3327,名詞,固有名詞,人名,一般,*,*,ベハンクラウト,ベハンクラウト,ベハンクラウト
シャルラウプ,1141,1141,3327,名詞,固有名詞,人名,一般,*,*,シャルラウプ,シャルラウプ,シャルラウプ
シュヴェールト,1141,1141,3327,名詞,固有名詞,人名,一般,*,*,シュヴェールト,シュヴェールト,シュヴェールト
リーズィッヒェル,1141,1141,3327,名詞,固有名詞,人名,一般,*,*,リーズィッヒェル,リーズィッヒェル,リーズィッヒェル
ライムント,1141,1141,3327,名詞,固有名詞,人名,一般,*,*,ライムント,ライムント,ライムント
グンドルフ,1141,1141,3327,名詞,固有名詞,人名,一般,*,*,グンドルフ,グンドルフ,グンドルフ
アルトゥール,1141,1141,3327,名詞,固有名詞,人名,一般,*,*,アルトゥール,アルトゥール,アルトゥール
レリギオン,1141,1141,3327,名詞,固有名詞,人名,一般,*,*,レリギオン,レリギオン,レリギオン
ハウフレッツェ,1141,1141,3327,名詞,固有名詞,人名,一般,*,*,ハウフレッツェ,ハウフレッツェ,ハウフレッツェ
ルーツィンデ,1141,1141,3327,名詞,固有名詞,人名,一般,*,*,ルーツィンデ,ルーツィンデ,ルーツィンデ
ルードルフ,1141,1141,3327,名詞,固有名詞,人名,一般,*,*,ルードルフ,ルードルフ,ルードルフ
ナターリエ,1141,1141,3327,名詞,固有名詞,人名,一般,*,*,ナターリエ,ナターリエ,ナターリエ
フランメルツ,1141,1141,3327,名詞,固有名詞,人名,一般,*,*,フランメルツ,フランメルツ,フランメルツ
グランツリング,1141,1141,3327,名詞,固有名詞,人名,一般,*,*,グランツリング,グランツリング,グランツリング
フィンストゥルム,1141,1141,3327,名詞,固有名詞,人名,一般,*,*,フィンストゥルム,フィンストゥルム,フィンストゥルム
フェアフューレメーア,1141,1141,3327,名詞,固有名詞,人名,一般,*,*,フェアフューレメーア,フェアフューレメーア,フェアフューレメーア
フンデルトタイレン,1141,1141,3327,名詞,固有名詞,人名,一般,*,*,フンデルトタイレン,フンデルトタイレン,フンデルトタイレン
インメルディンク,1144,1144,4245,名詞,固有名詞,地域,一般,*,*,インメルディンク,インメルディンク,インメルディンク
ギレッセンマイアー,1144,1144,4245,名詞,固有名詞,地域,一般,*,*,ギレッセンマイアー,ギレッセンマイアー,ギレッセンマイアー
フルース,1144,1144,4245,名詞,固有名詞,地域,一般,*,*,フルース,フルース,フルース
ジョイソターク,1141,1141,3327,名詞,固有名詞,人名,一般,*,*,ジョイソターク,ジョイソターク,ジョイソターク
エグモント,1141,1141,3327,名詞,固有名詞,人名,一般,*,*,エグモント,エグモント,エグモント
イェレミアス,1141,1141,3327,名詞,固有名詞,人名,一般,*,*,イェレミアス,イェレミアス,イェレミアス
ユッテ,1141,1141,3327,名詞,固有名詞,人名,一般,*,*,ユッテ,ユッテ,ユッテ
クヌート,1141,1141,3327,名詞,固有名詞,人名,一般,*,*,クヌート,クヌート,クヌート
アレクシス,1141,1141,3327,名詞,固有名詞,人名,一般,*,*,アレクシス,アレクシス,アレクシス
キュントズィール,1141,1141,3327,名詞,固有名詞,人名,一般,*,*,キュントズィール,キュントズィール,キュントズィール
シュタイフェリーゼ,1141,1141,3327,名詞,固有名詞,人名,一般,*,*,シュタイフェリーゼ,シュタイフェリーゼ,シュタイフェリーゼ
コルドゥラ,1141,1141,3327,名詞,固有名詞,人名,一般,*,*,コルドゥラ,コルドゥラ,コルドゥラ
シェンティス,1141,1141,3327,名詞,固有名詞,人名,一般,*,*,シェンティス,シェンティス,シェンティス
コンスタンツェ,1141,1141,3327,名詞,固有名詞,人名,一般,*,*,コンスタンツェ,コンスタンツェ,コンスタンツェ
グリュックリテート,1141,1141,3327,名詞,固有名詞,人名,一般,*,*,グリュックリテート,グリュックリテート,グリュックリテート
カサンドラ,1141,1141,3327,名詞,固有名詞,人名,一般,*,*,カサンドラ,カサンドラ,カサンドラ
ブルーアンファ,1141,1141,3327,名詞,固有名詞,人名,一般,*,*,ブルーアンファ,ブルーアンファ,ブルーアンファ
リュールラディ,1141,1141,3327,名詞,固有名詞,人名,一般,*,*,リュールラディ,リュールラディ,リュールラディ
ルストラオネ,1141,1141,3327,名詞,固有名詞,人名,一般,*,*,ルストラオネ,ルストラオネ,ルストラオネ
ムレンロイエ,1141,1141,3327,名詞,固有名詞,人名,一般,*,*,ムレンロイエ,ムレンロイエ,ムレンロイエ
フェアツィーレ,1141,1141,3327,名詞,固有名詞,人名,一般,*,*,フェアツィーレ,フェアツィーレ,フェアツィーレ
ナーエラッヒェ,1141,1141,3327,名詞,固有名詞,人名,一般,*,*,ナーエラッヒェ,ナーエラッヒェ,ナーエラッヒェ
イージドール,1141,1141,3327,名詞,固有名詞,人名,一般,*,*,イージドール,イージドール,イージドール
ラールタルク,1141,1141,3327,名詞,固有名詞,人名,一般,*,*,ラールタルク,ラールタルク,ラールタルク
オズヴァルト,1141,1141,3327,名詞,固有名詞,人名,一般,*,*,オズヴァルト,オズヴァルト,オズヴァルト
ヨースブレンナー,1144,1144,4245,名詞,固有名詞,地域,一般,*,*,ヨースブレンナー,ヨースブレンナー,ヨースブレンナー
ローエンベルク,1144,1144,4245,名詞,固有名詞,地域,一般,*,*,ローエンベルク,ローエンベルク,ローエンベルク
ギレッセンマイヤー,1144,1144,4245,名詞,固有名詞,地域,一般,*,*,ギレッセンマイヤー,ギレッセンマイヤー,ギレッセンマイヤー
トルステン,1141,1141,3327,名詞,固有名詞,人名,一般,*,*,トルステン,トルステン,トルステン
マリー・アントワネット,1141,1141,3327,名詞,固有名詞,人名,一般,*,*,マリー・アントワネット,マリー・アントワネット,マリー・アントワネット
ブラージウス,1141,1141,3327,名詞,固有名詞,人名,一般,*,*,ブラージウス,ブラージウス,ブラージウス
カメーヴァレイン,1141,1141,3327,名詞,固有名詞,人名,一般,*,*,カメーヴァレイン,カメーヴァレイン,カメーヴァレイン
ベネディクタ,1141,1141,3327,名詞,固有名詞,人名,一般,*,*,ベネディクタ,ベネディクタ,ベネディクタ
ギーベ・ベッセル,1141,1141,3327,名詞,固有名詞,人名,一般,*,*,ギーベ・ベッセル,ギーベ・ベッセル,ギーベ・ベッセル
ズィーロレ,1141,1141,3327,名詞,固有名詞,人名,一般,*,*,ズィーロレ,ズィーロレ,ズィーロレ
ライレーネ,1141,1141,3327,名詞,固有名詞,人名,一般,*,*,ライレーネ,ライレーネ,ライレーネ
エアヴァクレーレン,1141,1141,3327,名詞,固有名詞,人名,一般,*,*,エアヴァクレーレン,エアヴァクレーレン,エアヴァクレーレン
カーオスフリーエ,1141,1141,3327,名詞,固有名詞,人名,一般,*,*,カーオスフリーエ,カーオスフリーエ,カーオスフリーエ
ダオアレーベン,1141,1141,3327,名詞,固有名詞,人名,一般,*,*,ダオアレーベン,ダオアレーベン,ダオアレーベン
グラマラトゥーア,1141,1141,3327,名詞,固有名詞,人名,一般,*,*,グラマラトゥーア,グラマラトゥーア,グラマラトゥーア
ユーゲライゼ,1141,1141,3327,名詞,固有名詞,人名,一般,*,*,ユーゲライゼ,ユーゲライゼ,ユーゲライゼ
しゅーちゃん,1141,1141,7955,名詞,固有名詞,人名,一般,*,*,しゅーちゃん,シューチャン,シューチャン
ディモ,1141,1141,3327,名詞,固有名詞,人名,一般,*,*,ディモ,ディモ,ディモ
アウブ・アイゼンライヒ,1141,1141,3327,名詞,固有名詞,人名,一般,*,*,アウブ・アイゼンライヒ,アウブ・アイゼンライヒ,アウブ・アイゼンライヒ
バイシュマハート,1141,1141,3327,名詞,固有名詞,人名,一般,*,*,バイシュマハート,バイシュマハート,バイシュマハート
アイファズナイト,1141,1141,3327,名詞,固有名詞,人名,一般,*,*,アイファズナイト,アイファズナイト,アイファズナイト
クレフタルク,1141,1141,3327,名詞,固有名詞,人名,一般,*,*,クレフタルク,クレフタルク,クレフタルク
タイディヒンダ,1141,1141,3327,名詞,固有名詞,人名,一般,*,*,タイディヒンダ,タイディヒンダ,タイディヒンダ
ヴェーリヌール,1141,1141,3327,名詞,固有名詞,人名,一般,*,*,ヴェーリヌール,ヴェーリヌール,ヴェーリヌール
ゲシュテフェールト,1141,1141,3327,名詞,固有名詞,人名,一般,*,*,ゲシュテフェールト,ゲシュテフェールト,ゲシュテフェールト
ゾネンシュラーク,1141,1141,3327,名詞,固有名詞,人名,一般,*,*,ゾネンシュラーク,ゾネンシュラーク,ゾネンシュラーク
ゲゼッツケッテ,1141,1141,3327,名詞,固有名詞,人名,一般,*,*,ゲゼッツケッテ,ゲゼッツケッテ,ゲゼッツケッテ
ジークレヒト,1141,1141,3327,名詞,固有名詞,人名,一般,*,*,ジークレヒト,ジークレヒト,ジークレヒト
トルステン,1141,1141,3327,名詞,固有名詞,人名,一般,*,*,トルステン,トルステン,トルステン
ザシャ,1141,1141,3327,名詞,固有名詞,人名,一般,*,*,ザシャ,ザシャ,ザシャ
ブロン,1141,1141,3327,名詞,固有名詞,人名,一般,*,*,ブロン,ブロン,ブロン
グラーツ,1141,1141,3327,名詞,固有名詞,人名,一般,*,*,グラーツ,グラーツ,グラーツ
ベルーフ,1141,1141,3327,名詞,固有名詞,人名,一般,*,*,ベルーフ,ベルーフ,ベルーフ
ビアス,1141,1141,3327,名詞,固有名詞,人名,一般,*,*,ビアス,ビアス,ビアス
ターナ,1141,1141,3327,名詞,固有名詞,人名,一般,*,*,ターナ,ターナ,ターナ
キアッフレード,1141,1141,3327,名詞,固有名詞,人名,一般,*,*,キアッフレード,キアッフレード,キアッフレード
エフロレルーメ,1141,1141,3327,名詞,固有名詞,人名,一般,*,*,エフロレルーメ,エフロレルーメ,エフロレルーメ
ハイウェスト,1141,1141,3327,名詞,固有名詞,人名,一般,*,*,ハイウェスト,ハイウェスト,ハイウェスト
アイゼンライヒ,1144,1144,4245,名詞,固有名詞,地域,一般,*,*,アイゼンライヒ,アイゼンライヒ,アイゼンライヒ
ボースガイツ,1144,1144,4245,名詞,固有名詞,地域,一般,*,*,ボースガイツ,ボースガイツ,ボースガイツ
ベッセル,1144,1144,4245,名詞,固有名詞,地域,一般,*,*,ベッセル,ベッセル,ベッセル
アドレット,1141,1141,3327,名詞,固有名詞,人名,一般,*,*,アドレット,アドレット,アドレット
ギーベ・ガルドゥーン,1141,1141,3327,名詞,固有名詞,人名,一般,*,*,ギーベ・ガルドゥーン,ギーベ・ガルドゥーン,ギーベ・ガルドゥーン
シュトラール,1141,1141,3327,名詞,固有名詞,人名,一般,*,*,シュトラール,シュトラール,シュトラール
シュネーアスト,1141,1141,3327,名詞,固有名詞,人名,一般,*,*,シュネーアスト,シュネーアスト,シュネーアスト
グライフェシャーン,1141,1141,3327,名詞,固有名詞,人名,一般,*,*,グライフェシャーン,グライフェシャーン,グライフェシャーン
シュラーゲツィール,1141,1141,3327,名詞,固有名詞,人名,一般,*,*,シュラーゲツィール,シュラーゲツィール,シュラーゲツィール
ドゥルトゼッツェン,1141,1141,3327,名詞,固有名詞,人名,一般,*,*,ドゥルトゼッツェン,ドゥルトゼッツェン,ドゥルトゼッツェン
エアヴァルミーン,1141,1141,3327,名詞,固有名詞,人名,一般,*,*,エアヴァルミーン,エアヴァルミーン,エアヴァルミーン
ローゼマインッ,1141,1141,3096,名詞,固有名詞,人名,一般,*,*,ローゼマイン,ローゼマインッ,ローゼマイン
エアストエーデ,1144,1144,4245,名詞,固有名詞,地域,一般,*,*,エアストエーデ,エアストエーデ,エアストエーデ
ザイツェン,1144,1144,4245,名詞,固有名詞,地域,一般,*,*,ザイツェン,ザイツェン,ザイツェン
美夜,1142,1142,8612,名詞,固有名詞,人名,名,*,*,美夜,ミヤ,ミヤ
神殿長,1135,1135,7151,名詞,一般,*,*,*,*,神殿長,シンデンチョウ,シンデンチョー
神官長,1135,1135,6230,名詞,一般,*,*,*,*,神官長,シンカンチョウ,シンカンチョー
ギルド長,1135,1135,3911,名詞,一般,*,*,*,*,ギルド長,ギルドチョウ,ギルドチョー
浩浩たる,1135,1135,6167,名詞,一般,*,*,*,*,浩浩たる,コウコウタル,コウコウタル
フォリン,1135,1135,4070,名詞,一般,*,*,*,*,フォリン,フォリン,フォリン
ファルファッレ,1135,1135,4074,名詞,一般,*,*,*,*,ファルファッレ,ファルファッレ,ファルファッレ
ルトレーベ,1135,1135,4080,名詞,一般,*,*,*,*,ルトレーベ,ルトレーベ,ルトレーベ
レッサーバス,1135,1135,3998,名詞,一般,*,*,*,*,レッサーバス,レッサーバス,レッサーバス
キャレル,1135,1135,4080,名詞,一般,*,*,*,*,キャレル,キャレル,キャレル
ライティングデスク,1135,1135,4080,名詞,一般,*,*,*,*,ライティングデスク,ライティングデスク,ライティングデスク
チェインドライブラリー,1135,1135,4080,名詞,一般,*,*,*,*,チェインドライブラリー,チェインドライブラリー,チェインドライブラリー
カトルカール,1135,1135,4080,名詞,一般,*,*,*,*,カトルカール,カトルカール,カトルカール
ルムトプフ,1135,1135,4080,名詞,一般,*,*,*,*,ルムトプフ,ルムトプフ,ルムトプフ
パウンドケーキ,1135,1135,4080,名詞,一般,*,*,*,*,パウンドケーキ,パウンドケーキ,パウンドケーキ
シュミル,1135,1135,4080,名詞,一般,*,*,*,*,シュミル,シュミル,シュミル
まりょく,1135,1135,7047,名詞,一般,*,*,*,*,まりょく,マリョク,マリョク
ゲッティルト,1135,1135,4080,名詞,一般,*,*,*,*,ゲッティルト,ゲッティルト,ゲッティルト
ターニスベファレン,1135,1135,4080,名詞,一般,*,*,*,*,ターニスベファレン,ターニスベファレン,ターニスベファレン
ザンツェ,1135,1135,4080,名詞,一般,*,*,*,*,ザンツェ,ザンツェ,ザンツェ
フェルツェ,1135,1135,4080,名詞,一般,*,*,*,*,フェルツェ,フェルツェ,フェルツェ
シュネーフェールト,1135,1135,4070,名詞,一般,*,*,*,*,シュネーフェールト,シュネーフェールト,シュネーフェールト
ゲヴィンネン,1135,1135,4080,名詞,一般,*,*,*,*,ゲヴィンネン,ゲヴィンネン,ゲヴィンネン
スリングショット,1135,1135,4080,名詞,一般,*,*,*,*,スリングショット,スリングショット,スリングショット
リュエル,1135,1135,4080,名詞,一般,*,*,*,*,リュエル,リュエル,リュエル
アウブ,1135,1135,4796,名詞,一般,*,*,*,*,アウブ,アウブ,アウブ
ゴルツェ,1135,1135,4080,名詞,一般,*,*,*,*,ゴルツェ,ゴルツェ,ゴルツェ
ズィルツェ,1135,1135,4080,名詞,一般,*,*,*,*,ズィルツェ,ズィルツェ,ズィルツェ
ミズデッポウ,1135,1135,4080,名詞,一般,*,*,*,*,ミズデッポウ,ミズデッポウ,ミズデッポウ
コピーキ,1135,1135,4080,名詞,一般,*,*,*,*,コピーキ,コピーキ,コピーキ
フィンスウンハン,1135,1135,4080,名詞,一般,*,*,*,*,フィンスウンハン,フィンスウンハン,フィンスウンハン
エントヴァフヌング,1135,1135,4080,名詞,一般,*,*,*,*,エントヴァフヌング,エントヴァフヌング,エントヴァフヌング
フェリジーネ,1135,1135,4080,名詞,一般,*,*,*,*,フェリジーネ,フェリジーネ,フェリジーネ
トショイイン,1135,1135,4080,名詞,一般,*,*,*,*,トショイイン,トショイイン,トショイイン
ランツェ,1135,1135,4080,名詞,一般,*,*,*,*,ランツェ,ランツェ,ランツェ
ヒーリング,1135,1135,4080,名詞,一般,*,*,*,*,ヒーリング,ヒーリング,ヒーリング
オミソシル,1135,1135,4080,名詞,一般,*,*,*,*,オミソシル,オミソシル,オミソシル
コロッセウム,1135,1135,4080,名詞,一般,*,*,*,*,コロッセウム,コロッセウム,コロッセウム
アダルジーザ,1135,1135,4080,名詞,一般,*,*,*,*,アダルジーザ,アダルジーザ,アダルジーザ
フンデルトタイレン,1135,1135,4080,名詞,一般,*,*,*,*,フンデルトタイレン,フンデルトタイレン,フンデルトタイレン
カルパッチョ,1135,1135,4080,名詞,一般,*,*,*,*,カルパッチョ,カルパッチョ,カルパッチョ
アクアパッツア,1135,1135,4080,名詞,一般,*,*,*,*,アクアパッツア,アクアパッツア,アクアパッツア
ブイヤベース,1135,1135,4080,名詞,一般,*,*,*,*,ブイヤベース,ブイヤベース,ブイヤベース
ツァンベルズッペ,1135,1135,4080,名詞,一般,*,*,*,*,ツァンベルズッペ,ツァンベルズッペ,ツァンベルズッペ
フィッケン,1135,1135,4080,名詞,一般,*,*,*,*,フィッケン,フィッケン,フィッケン
スープ・ド・ポワソン,1135,1135,4080,名詞,一般,*,*,*,*,スープ・ド・ポワソン,スープ・ド・ポワソン,スープ・ド・ポワソン
タウナーデル,1135,1135,4080,名詞,一般,*,*,*,*,タウナーデル,タウナーデル,タウナーデル
ハリセンボン,1135,1135,4080,名詞,一般,*,*,*,*,ハリセンボン,ハリセンボン,ハリセンボン
レーギッシュ,1135,1135,4080,名詞,一般,*,*,*,*,レーギッシュ,レーギッシュ,レーギッシュ
メーアシュラン,1135,1135,4080,名詞,一般,*,*,*,*,メーアシュラン,メーアシュラン,メーアシュラン
ペーパークロマトグラフィ,1135,1135,4080,名詞,一般,*,*,*,*,ペーパークロマトグラフィ,ペーパークロマトグラフィ,ペーパークロマトグラフィ
ファランゼ,1135,1135,4080,名詞,一般,*,*,*,*,ファランゼ,ファランゼ,ファランゼ
コージモ,1135,1135,4080,名詞,一般,*,*,*,*,コージモ,コージモ,コージモ
ラニーエ,1135,1135,4080,名詞,一般,*,*,*,*,ラニーエ,ラニーエ,ラニーエ
ツィーネ,1135,1135,4080,名詞,一般,*,*,*,*,ツィーネ,ツィーネ,ツィーネ
タニエ,1135,1135,4080,名詞,一般,*,*,*,*,タニエ,タニエ,タニエ
ラッフェルパイ,1135,1135,4080,名詞,一般,*,*,*,*,ラッフェルパイ,ラッフェルパイ,ラッフェルパイ
ラッフェル,1135,1135,4080,名詞,一般,*,*,*,*,ラッフェル,ラッフェル,ラッフェル
ロータル,1135,1135,4080,名詞,一般,*,*,*,*,ロータル,ロータル,ロータル
ブラッディカーニバル,1135,1135,4080,名詞,一般,*,*,*,*,ブラッディカーニバル,ブラッディカーニバル,ブラッディカーニバル
タイガネーメ,1135,1135,4080,名詞,一般,*,*,*,*,タイガネーメ,タイガネーメ,タイガネーメ
リーズファルケ,1135,1135,4080,名詞,一般,*,*,*,*,リーズファルケ,リーズファルケ,リーズファルケ
ネガローシ,1135,1135,4080,名詞,一般,*,*,*,*,ネガローシ,ネガローシ,ネガローシ
トルーク,1135,1135,4072,名詞,一般,*,*,*,*,トルーク,トルーク,トルーク
タルクス,1135,1135,4080,名詞,一般,*,*,*,*,タルクス,タルクス,タルクス
スパーン,1135,1135,4080,名詞,一般,*,*,*,*,スパーン,スパーン,スパーン
チェスト,1135,1135,4080,名詞,一般,*,*,*,*,チェスト,チェスト,チェスト
ウリアゲテキ,1135,1135,4080,名詞,一般,*,*,*,*,ウリアゲテキ,ウリアゲテキ,ウリアゲテキ
ウェストポーチ,1135,1135,4080,名詞,一般,*,*,*,*,ウェストポーチ,ウェストポーチ,ウェストポーチ
タルクロッシュ,1135,1135,4080,名詞,一般,*,*,*,*,タルクロッシュ,タルクロッシュ,タルクロッシュ
タオヒェン,1135,1135,4080,名詞,一般,*,*,*,*,タオヒェン,タオヒェン,タオヒェン
タスキガケ,1135,1135,4080,名詞,一般,*,*,*,*,タスキガケ,タスキガケ,タスキガケ
カルフェ芋,1135,1135,4080,名詞,一般,*,*,*,*,カルフェ芋,カルフェイモ,カルフェイモ
クローゼット,1135,1135,4080,名詞,一般,*,*,*,*,クローゼット,クローゼット,クローゼット
エンダーン,1135,1135,4080,名詞,一般,*,*,*,*,エンダーン,エンダーン,エンダーン
ハカ,1135,1135,4112,名詞,一般,*,*,*,*,ハカ,ハカ,ハカ
フェル,1141,1141,3331,名詞,固有名詞,人名,一般,*,*,フェル,フェル,フェル
ローゼ,1141,1141,3809,名詞,固有名詞,人名,一般,*,*,ローゼ,ローゼ,ローゼ
ハルトムートッ,1141,1141,3327,名詞,固有名詞,人名,一般,*,*,ハルトムートッ,ハルトムートッ,ハルトムートッ
カーオサイファ,1141,1141,3327,名詞,固有名詞,人名,一般,*,*,カーオサイファ,カーオサイファ,カーオサイファ
オパック,1141,1141,3327,名詞,固有名詞,人名,一般,*,*,オパック,オパック,オパック
アントニオ・パニッツィ,1141,1141,3327,名詞,固有名詞,人名,一般,*,*,アントニオ・パニッツィ,アントニオ・パニッツィ,アントニオ パニッツィ
アイアンクィル,1141,1141,3327,名詞,固有名詞,人名,一般,*,*,アイアンクィル,アイアンクィル,アイアンクィル
レオン・クロムウェル,1141,1141,3327,名詞,固有名詞,人名,一般,*,*,レオン・クロムウェル,レオンクロムウェル,レオンクロムウェル
ユウキカグラザカ,1141,1141,3327,名詞,固有名詞,人名,一般,*,*,ユウキカグラザカ,ユウキカグラザカ,ユウキカグラザカ
ヒナタサカグチ,1141,1141,3327,名詞,固有名詞,人名,一般,*,*,ヒナタサカグチ,ヒナタサカグチ,ヒナタサカグチ
ハルナ,1141,1141,3326,名詞,固有名詞,人名,一般,*,*,ハルナ,ハルナ,ハルナ
レグルド,1141,1141,3327,名詞,固有名詞,人名,一般,*,*,レグルド,レグルド,レグルド
ベニマル,1141,1141,3290,名詞,固有名詞,人名,一般,*,*,ベニマル,ベニマル,ベニマル
クロベエ,1141,1141,3327,名詞,固有名詞,人名,一般,*,*,クロベエ,クロベエ,クロベエ
ソウエイ,1141,1141,3325,名詞,固有名詞,人名,一般,*,*,ソウエイ,ソウエイ,ソウエイ
ルグルド,1141,1141,3327,名詞,固有名詞,人名,一般,*,*,ルグルド,ルグルド,ルグルド
ログルド,1141,1141,3327,名詞,固有名詞,人名,一般,*,*,ログルド,ログルド,ログルド
カビル,1141,1141,3327,名詞,固有名詞,人名,一般,*,*,カビル,カビル,カビル
シュナ,1141,1141,3325,名詞,固有名詞,人名,一般,*,*,シュナ,シュナ,シュナ
グラン・ドワルゴ,1141,1141,3327,名詞,固有名詞,人名,一般,*,*,グラン・ドワルゴ,グランドワルゴ,グランドワルゴ
ガゼル・ドワルゴ,1141,1141,3327,名詞,固有名詞,人名,一般,*,*,ガゼル・ドワルゴ,ガゼルドワルゴ,ガゼルドワルゴ
ゲルミュッド,1141,1141,3327,名詞,固有名詞,人名,一般,*,*,ゲルミュッド,ゲルミュッド,ゲルミュッド
ゴブタ,1141,1141,3327,名詞,固有名詞,人名,一般,*,*,ゴブタ,ゴブタ,ゴブタ
アメルド,1141,1141,3327,名詞,固有名詞,人名,一般,*,*,アメルド,アメルド,アメルド
カナート,1141,1141,3327,名詞,固有名詞,人名,一般,*,*,カナート,カナート,カナート
リムル,1141,1141,3174,名詞,固有名詞,人名,一般,*,*,リムル,リムル,リムル
ニドル・マイガム,1141,1141,3327,名詞,固有名詞,人名,一般,*,*,ニドル・マイガム,ニドルマイガム,ニドルマイガム
ニドル,1141,1141,3327,名詞,固有名詞,人名,一般,*,*,ニドル,ニドル,ニドル
ニコラウス・シュペルタス,1141,1141,3327,名詞,固有名詞,人名,一般,*,*,ニコラウス・シュペルタス,ニコラウスシュペルタス,ニコラウスシュペルタス
ヒナタ,1141,1141,3261,名詞,固有名詞,人名,一般,*,*,ヒナタ,ヒナタ,ヒナタ
ユウキ,1141,1141,3497,名詞,固有名詞,人名,一般,*,*,ユウキ,ユウキ,ユウキ
カグラザカ,1141,1141,3327,名詞,固有名詞,人名,一般,*,*,カグラザカ,カグラザカ,カグラザカ
リグル,1141,1141,3327,名詞,固有名詞,人名,一般,*,*,リグル,リグル,リグル
リグル・ド,1141,1141,3327,名詞,固有名詞,人名,一般,*,*,リグル・ド,リグルド,リグルド
リグルド,1141,1141,3327,名詞,固有名詞,人名,一般,*,*,リグルド,リグルド,リグルド
リグル・ドド,1141,1141,3327,名詞,固有名詞,人名,一般,*,*,リグル・ドド,リグルドド,リグルドド
リグル・ドドド,1141,1141,3327,名詞,固有名詞,人名,一般,*,*,リグル・ドドド,リグルドドド,リグルドドド
ヴェルドラ,1141,1141,3251,名詞,固有名詞,人名,一般,*,*,ヴェルドラ,ヴェルドラ,ヴェルドラ
ガルム,1141,1141,3327,名詞,固有名詞,人名,一般,*,*,ガルム,ガルム,ガルム
ベスター,1141,1141,3327,名詞,固有名詞,人名,一般,*,*,ベスター,ベスター,ベスター
ルグル・ド,1141,1141,3327,名詞,固有名詞,人名,一般,*,*,ルグル・ド,ルグルド,ルグルド
レグル・ド,1141,1141,3327,名詞,固有名詞,人名,一般,*,*,レグル・ド,レグルド,レグルド
ログル・ド,1141,1141,3327,名詞,固有名詞,人名,一般,*,*,ログル・ド,ログルド,ログルド
リリナ,1141,1141,3327,名詞,固有名詞,人名,一般,*,*,リリナ,リリナ,リリナ
ヨウム,1141,1141,3327,名詞,固有名詞,人名,一般,*,*,ヨウム,ヨウム,ヨウム
フューズ,1141,1141,3327,名詞,固有名詞,人名,一般,*,*,フューズ,フューズ,フューズ
ギド,1141,1141,3327,名詞,固有名詞,人名,一般,*,*,ギド,ギド,ギド
カバル,1141,1141,3327,名詞,固有名詞,人名,一般,*,*,カバル,カバル,カバル
エレン,1141,1141,3327,名詞,固有名詞,人名,一般,*,*,エレン,エレン,エレン
ニコラウス・シュペルタス,1141,1141,3327,名詞,固有名詞,人名,一般,*,*,ニコラウス・シュペルタス,ニコラウスシュペルタス,ニコラウスシュペルタス
ガルド・ミョルマイル,1141,1141,3327,名詞,固有名詞,人名,一般,*,*,ガルド・ミョルマイル,ガルドミョルマイル,ガルドミョルマイル
ミョルマイル,1141,1141,3320,名詞,固有名詞,人名,一般,*,*,ミョルマイル,ミョルマイル,ミョルマイル
三崎剣也,1141,1141,6568,名詞,固有名詞,人名,一般,*,*,三崎剣也,ミサキケンヤ,ミサキケンヤ
ゲイル・ギブスン,1141,1141,3327,名詞,固有名詞,人名,一般,*,*,ゲイル・ギブスン,ゲイルギブスン,ゲイルギブスン
クロエ・オベール,1141,1141,3327,名詞,固有名詞,人名,一般,*,*,クロエ・オベール,クロエオベール,クロエオベール
トレイニー,1141,1141,3327,名詞,固有名詞,人名,一般,*,*,トレイニー,トレイニー,トレイニー
ソーカ,1141,1141,3327,名詞,固有名詞,人名,一般,*,*,ソーカ,ソーカ,ソーカ
トーカ,1141,1141,3327,名詞,固有名詞,人名,一般,*,*,トーカ,トーカ,トーカ
サイカ,1141,1141,3264,名詞,固有名詞,人名,一般,*,*,サイカ,サイカ,サイカ
ナンソウ,1141,1141,3327,名詞,固有名詞,人名,一般,*,*,ナンソウ,ナンソウ,ナンソウ
ホクソウ,1141,1141,3327,名詞,固有名詞,人名,一般,*,*,ホクソウ,ホクソウ,ホクソウ
ミリム・ナーヴァ,1141,1141,3327,名詞,固有名詞,人名,一般,*,*,ミリム・ナーヴァ,ミリムナーヴァ,ミリムナーヴァ
カリオン,1141,1141,3327,名詞,固有名詞,人名,一般,*,*,カリオン,カリオン,カリオン
ガゼル,1141,1141,3327,名詞,固有名詞,人名,一般,*,*,ガゼル,ガゼル,ガゼル
グルーシス,1141,1141,3327,名詞,固有名詞,人名,一般,*,*,グルーシス,グルーシス,グルーシス
ミュウラン,1141,1141,3327,名詞,固有名詞,人名,一般,*,*,ミュウラン,ミュウラン,ミュウラン
ブルムンド,1144,1144,4245,名詞,固有名詞,地域,一般,*,*,ブルムンド,ブルムンド,ブルムンド
ユーラザニア,1144,1144,4245,名詞,固有名詞,地域,一般,*,*,ユーラザニア,ユーラザニア,ユーラザニア
サリオン,1144,1144,4199,名詞,固有名詞,地域,一般,*,*,サリオン,サリオン,サリオン
イングラシア,1144,1144,4245,名詞,固有名詞,地域,一般,*,*,イングラシア,イングラシア,イングラシア
ファルムス,1144,1144,4245,名詞,固有名詞,地域,一般,*,*,ファルムス,ファルムス,ファルムス
ルベリオス,1144,1144,4245,名詞,固有名詞,地域,一般,*,*,ルベリオス,ルベリオス,ルベリオス
ドワルゴン,1144,1144,4245,名詞,固有名詞,地域,一般,*,*,ドワルゴン,ドワルゴン,ドワルゴン
トロストヴェーク,1144,1144,4245,名詞,固有名詞,地域,一般,*,*,トロストヴェーク,トロストヴェーク,トロストヴェーク
ベネツィア,1144,1144,4245,名詞,固有名詞,地域,一般,*,*,ベネツィア,ベネツィア,ベネツィア
カンナヴィッツ,1144,1144,4245,名詞,固有名詞,地域,一般,*,*,カンナヴィッツ,カンナヴィッツ,カンナヴィッツ
エーレンドリア,1144,1144,4245,名詞,固有名詞,地域,一般,*,*,エーレンドリア,エーレンドリア,エーレンドリア
ヴルカターク,1144,1144,4245,名詞,固有名詞,地域,一般,*,*,ヴルカターク,ヴルカターク,ヴルカターク
ガルドゥーン,1144,1144,4245,名詞,固有名詞,地域,一般,*,*,ガルドゥーン,ガルドゥーン,ガルドゥーン
ジュラ,1144,1144,4245,名詞,固有名詞,地域,一般,*,*,ジュラ,ジュラ,ジュラ
ヴェルダナーヴァ,1141,1141,3327,名詞,固有名詞,人名,一般,*,*,ヴェルダナーヴァ,ヴェルダナーヴァ,ヴェルダナーヴァ
カザリーム,1141,1141,3303,名詞,固有名詞,人名,一般,*,*,カザリーム,カザリーム,カザリーム
リムル・テンペスト,1141,1141,3327,名詞,固有名詞,人名,一般,*,*,リムル・テンペスト,リムル・テンペスト,リムルテンペスト
ヴェルグリンド,1141,1141,3327,名詞,固有名詞,人名,一般,*,*,ヴェルグリンド,ヴェルグリンド,ヴェルグリンド
ルシファー,1141,1141,3327,名詞,固有名詞,人名,一般,*,*,ルシファー,ルシファー,ルシファー
シズエイザワ,1141,1141,3327,名詞,固有名詞,人名,一般,*,*,シズエイザワ,シズエイザワ,シズエイザワ
エドガー,1141,1141,3327,名詞,固有名詞,人名,一般,*,*,エドガー,エドガー,エドガー
マリウス,1141,1141,3327,名詞,固有名詞,人名,一般,*,*,マリウス,マリウス,マリウス
ソフィアー,1141,1141,3327,名詞,固有名詞,人名,一般,*,*,ソフィアー,ソフィアー,ソフィアー
アルノー・バウマン,1141,1141,3327,名詞,固有名詞,人名,一般,*,*,アルノー・バウマン,アルノー・バウマン,アルノーバウマン
アルノー,1141,1141,3324,名詞,固有名詞,人名,一般,*,*,アルノー,アルノー,アルノー
グレンダ,1141,1141,3327,名詞,固有名詞,人名,一般,*,*,グレンダ,グレンダ,グレンダ
グレゴリー,1141,1141,3327,名詞,固有名詞,人名,一般,*,*,グレゴリー,グレゴリー,グレゴリー
サタナエル,1141,1141,3327,名詞,固有名詞,人名,一般,*,*,サタナエル,サタナエル,サタナエル
ランガ,1141,1141,3327,名詞,固有名詞,人名,一般,*,*,ランガ,ランガ,ランガ
クロエ,1141,1141,3317,名詞,固有名詞,人名,一般,*,*,クロエ,クロエ,クロエ
ゲイル,1141,1141,3327,名詞,固有名詞,人名,一般,*,*,ゲイル,ゲイル,ゲイル
ラミリス,1141,1141,3327,名詞,固有名詞,人名,一般,*,*,ラミリス,ラミリス,ラミリス
ウルグレイシア,1141,1141,3327,名詞,固有名詞,人名,一般,*,*,ウルグレイシア,ウルグレイシア,ウルグレイシア
ウルグ,1141,1141,3327,名詞,固有名詞,人名,一般,*,*,ウルグ,ウルグ,ウルグ
ベレッタ,1141,1141,3327,名詞,固有名詞,人名,一般,*,*,ベレッタ,ベレッタ,ベレッタ
エドマリス,1141,1141,3327,名詞,固有名詞,人名,一般,*,*,エドマリス,エドマリス,エドマリス
レイヒム,1141,1141,3320,名詞,固有名詞,人名,一般,*,*,レイヒム,レイヒム,レイヒム
ミリム,1141,1141,3327,名詞,固有名詞,人名,一般,*,*,ミリム,ミリム,ミリム
エリューン,1141,1141,3327,名詞,固有名詞,人名,一般,*,*,エリューン,エリューン,エリューン
フォルゲン,1141,1141,3327,名詞,固有名詞,人名,一般,*,*,フォルゲン,フォルゲン,フォルゲン
ラファエル,1141,1141,3327,名詞,固有名詞,人名,一般,*,*,ラファエル,ラファエル,ラファエル
ベルゼビュート,1141,1141,3327,名詞,固有名詞,人名,一般,*,*,ベルゼビュート,ベルゼビュート,ベルゼビュート
ガビル,1141,1141,3327,名詞,固有名詞,人名,一般,*,*,ガビル,ガビル,ガビル
ファウスト,1141,1141,3327,名詞,固有名詞,人名,一般,*,*,ファウスト,ファウスト,ファウスト
エラルド,1141,1141,3327,名詞,固有名詞,人名,一般,*,*,エラルド,エラルド,エラルド
ゲルド,1141,1141,3327,名詞,固有名詞,人名,一般,*,*,ゲルド,ゲルド,ゲルド
ルミナス・バレンタイン,1141,1141,3327,名詞,固有名詞,人名,一般,*,*,ルミナス・バレンタイン,ルミナス・バレンタイン,ルミナスバレンタイン
ダグリュール,1141,1141,3323,名詞,固有名詞,人名,一般,*,*,ダグリュール,ダグリュール,ダグリュール
ディーノ,1141,1141,3325,名詞,固有名詞,人名,一般,*,*,ディーノ,ディーノ,ディーノ
ギィ・クリムゾン,1141,1141,3327,名詞,固有名詞,人名,一般,*,*,ギィ・クリムゾン,ギィ・クリムゾン,ギィクリムゾン
ミザリー,1141,1141,3327,名詞,固有名詞,人名,一般,*,*,ミザリー,ミザリー,ミザリー
ギィ,1141,1141,3322,名詞,固有名詞,人名,一般,*,*,ギィ,ギィ,ギィ
エルメシア・エルリュ・サリオン,1141,1141,3327,名詞,固有名詞,人名,一般,*,*,エルメシア・エルリュ・サリオン,エルメシア・エルリュ・サリオン,エルメシアエルリュサリオン
ヴェルザード,1141,1141,3327,名詞,固有名詞,人名,一般,*,*,ヴェルザード,ヴェルザード,ヴェルザード
三崎剣也,1141,1141,6568,名詞,固有名詞,人名,一般,*,*,三崎剣也,ミサキケンヤ,ミサキケンヤ
剣也,1141,1141,7802,名詞,固有名詞,人名,一般,*,*,剣也,ケンヤ,ケンヤ
関口良太,1141,1141,7802,名詞,固有名詞,人名,一般,*,*,関口良太,セキグチリョウタ,セキグチリョウタ
良太,1141,1141,7808,名詞,固有名詞,人名,一般,*,*,良太,リョウタ,リョウタ
ファルメナス,1144,1144,4245,名詞,固有名詞,地域,一般,*,*,ファルメナス,ファルメナス,ファルメナス
ラミリス,1141,1141,3327,名詞,固有名詞,人名,一般,*,*,ラミリス,ラミリス,ラミリス
アビル,1141,1141,3327,名詞,固有名詞,人名,一般,*,*,アビル,アビル,アビル
ゴズ,1141,1141,3327,名詞,固有名詞,人名,一般,*,*,ゴズ,ゴズ,ゴズ
メズ,1141,1141,3317,名詞,固有名詞,人名,一般,*,*,メズ,メズ,メズ
モミジ,1141,1141,3489,名詞,固有名詞,人名,一般,*,*,モミジ,モミジ,モミジ
ラファエル,1141,1141,3327,名詞,固有名詞,人名,一般,*,*,ラファエル,ラファエル,ラファエル
ブルド・ラム・ブルムンド,1141,1141,3327,名詞,固有名詞,人名,一般,*,*,ブルド・ラム・ブルムンド,ブルド・ラム・ブルムンド,ブルドラムブルムンド
ダムラダ,1141,1141,3327,名詞,固有名詞,人名,一般,*,*,ダムラダ,ダムラダ,ダムラダ
ディアブロ,1141,1141,3114,名詞,固有名詞,人名,一般,*,*,ディアブロ,ディアブロ,ディアブロ
ランガ,1141,1141,3327,名詞,固有名詞,人名,一般,*,*,ランガ,ランガ,ランガ
ゲルド,1141,1141,3327,名詞,固有名詞,人名,一般,*,*,ゲルド,ゲルド,ゲルド
ガビル,1141,1141,3327,名詞,固有名詞,人名,一般,*,*,ガビル,ガビル,ガビル
ベレッタ,1141,1141,3327,名詞,固有名詞,人名,一般,*,*,ベレッタ,ベレッタ,ベレッタ
アルノー・バウマン,1141,1141,3327,名詞,固有名詞,人名,一般,*,*,アルノー・バウマン,アルノー・バウマン,アルノーバウマン
アルノー,1141,1141,3324,名詞,固有名詞,人名,一般,*,*,アルノー,アルノー,アルノー
ダグリュール,1141,1141,3323,名詞,固有名詞,人名,一般,*,*,ダグリュール,ダグリュール,ダグリュール
ゴズール,1141,1141,3327,名詞,固有名詞,人名,一般,*,*,ゴズール,ゴズール,ゴズール
ダグラ,1141,1141,3327,名詞,固有名詞,人名,一般,*,*,ダグラ,ダグラ,ダグラ
リューラ,1141,1141,3327,名詞,固有名詞,人名,一般,*,*,リューラ,リューラ,リューラ
マサユキ,1141,1141,3213,名詞,固有名詞,人名,一般,*,*,マサユキ,マサユキ,マサユキ
マサユキホンジョウ,1141,1141,3327,名詞,固有名詞,人名,一般,*,*,マサユキホンジョウ,マサユキホンジョウ,マサユキホンジョウ
エルメシア・エルリュ・サリオン,1141,1141,3327,名詞,固有名詞,人名,一般,*,*,エルメシア・エルリュ・サリオン,エルメシア・エルリュ・サリオン,エルメシアエルリュサリオン
ファウスト,1141,1141,3327,名詞,固有名詞,人名,一般,*,*,ファウスト,ファウスト,ファウスト
マッサユキ,1141,1141,3327,名詞,固有名詞,人名,一般,*,*,マサユキ,マッサユキ,マッサユキ
マ〜サッユキ,1141,1141,3327,名詞,固有名詞,人名,一般,*,*,マサユキ,マッサユキ,マッサユキ
マ〜〜サッユキ,1141,1141,3327,名詞,固有名詞,人名,一般,*,*,マサユキ,マッサユキ,マッサユキ
ミ・リ・ム・,1141,1141,3327,名詞,固有名詞,人名,一般,*,*,ミリム,ミリム,ミリム
ルミナス,1141,1141,3170,名詞,固有名詞,人名,一般,*,*,ルミナス,ルミナス,ルミナス
レオン,1141,1141,3009,名詞,固有名詞,人名,一般,*,*,レオン,レオン,レオン
メズール,1141,1141,3327,名詞,固有名詞,人名,一般,*,*,メズール,メズール,メズール
バッソン,1141,1141,3327,名詞,固有名詞,人名,一般,*,*,バッソン,バッソン,バッソン
カガリ,1141,1141,3327,名詞,固有名詞,人名,一般,*,*,カガリ,カガリ,カガリ
マージャ,1141,1141,3327,名詞,固有名詞,人名,一般,*,*,マージャ,マージャ,マージャ
ナージャ,1141,1141,3327,名詞,固有名詞,人名,一般,*,*,ナージャ,ナージャ,ナージャ
ブルムント,1144,1144,4245,名詞,固有名詞,地域,一般,*,*,ブルムント,ブルムント,ブルムント
ヴァンパイアキングダム,1144,1144,4245,名詞,固有名詞,地域,一般,*,*,ヴァンパイアキングダム,ヴァンパイアキングダム,ヴァンパイアキングダム
エル・ドラド,1144,1144,4230,名詞,固有名詞,地域,一般,*,*,エルドラド,エルドラド,エルドラド
アダルマン,1141,1141,6525,名詞,固有名詞,人名,一般,*,*,アダルマン,アダルマン,アダルマン
ゼギオン,1141,1141,3325,名詞,固有名詞,人名,一般,*,*,ゼギオン,ゼギオン,ゼギオン
ギャバン,1141,1141,3327,名詞,固有名詞,人名,一般,*,*,ギャバン,ギャバン,ギャバン
エルリック,1141,1141,3327,名詞,固有名詞,人名,一般,*,*,エルリック,エルリック,エルリック
ギルシュ,1141,1141,3327,名詞,固有名詞,人名,一般,*,*,ギルシュ,ギルシュ,ギルシュ
ナスカ・ナムリウム・ウルメリア,1141,1141,3327,名詞,固有名詞,人名,一般,*,*,ナスカ・ナムリウム・ウルメリア,ナスカナムリウムウルメリア,ナスカナムリウムウルメリア
テスタロッサ,1141,1141,3327,名詞,固有名詞,人名,一般,*,*,テスタロッサ,テスタロッサ,テスタロッサ
ウルティマ,1141,1141,3327,名詞,固有名詞,人名,一般,*,*,ウルティマ,ウルティマ,ウルティマ
カレラ,1141,1141,3207,名詞,固有名詞,人名,一般,*,*,カレラ,カレラ,カレラ
ヴェノム,1141,1141,3327,名詞,固有名詞,人名,一般,*,*,ヴェノム,ヴェノム,ヴェノム
ヴェイロン,1141,1141,3327,名詞,固有名詞,人名,一般,*,*,ヴェイロン,ヴェイロン,ヴェイロン
シエン,1141,1141,3327,名詞,固有名詞,人名,一般,*,*,シエン,シエン,シエン
ゾンダ,1141,1141,3327,名詞,固有名詞,人名,一般,*,*,ゾンダ,ゾンダ,ゾンダ
アゲーラ,1141,1141,3325,名詞,固有名詞,人名,一般,*,*,アゲーラ,アゲーラ,アゲーラ
ヴェガ,1141,1141,3312,名詞,固有名詞,人名,一般,*,*,ヴェガ,ヴェガ,ヴェガ
ミランダ,1141,1141,3327,名詞,固有名詞,人名,一般,*,*,ミランダ,ミランダ,ミランダ
タツヤコンドウ,1141,1141,3327,名詞,固有名詞,人名,一般,*,*,タツヤコンドウ,タツヤコンドウ,タツヤコンドウ
タツヤ,1141,1141,3326,名詞,固有名詞,人名,一般,*,*,タツヤ,タツヤ,タツヤ
シンジタニムラ,1141,1141,3327,名詞,固有名詞,人名,一般,*,*,シンジタニムラ,シンジタニムラ,シンジタニムラ
シン・リュウセイ,1141,1141,3327,名詞,固有名詞,人名,一般,*,*,シン・リュウセイ,シンリュウセイ,シンリュウセイ
シンジ,1141,1141,2866,名詞,固有名詞,人名,一般,*,*,シンジ,シンジ,シンジ
シンジー,1141,1141,3327,名詞,固有名詞,人名,一般,*,*,シンジー,シンジー,シンジー
インセクトクイーン,1141,1141,3327,名詞,固有名詞,人名,一般,*,*,インセクトクイーン,インセクトクイーン,インセクトクイーン
アピト,1141,1141,3325,名詞,固有名詞,人名,一般,*,*,アピト,アピト,アピト
クマラ,1141,1141,3327,名詞,固有名詞,人名,一般,*,*,クマラ,クマラ,クマラ
インセクトカイザー,1141,1141,3327,名詞,固有名詞,人名,一般,*,*,インセクトカイザー,インセクトカイザー,インセクトカイザー
ガドラ,1141,1141,3327,名詞,固有名詞,人名,一般,*,*,ガドラ,ガドラ,ガドラ
カリギュリオ,1141,1141,3327,名詞,固有名詞,人名,一般,*,*,カリギュリオ,カリギュリオ,カリギュリオ
ルドラ・ナム・ウル・ナスカ,1141,1141,3327,名詞,固有名詞,人名,一般,*,*,ルドラ・ナム・ウル・ナスカ,ルドラナムウルナスカ,ルドラナムウルナスカ
ルドラ,1141,1141,3398,名詞,固有名詞,人名,一般,*,*,ルドラ,ルドラ,ルドラ
グラディム,1141,1141,3286,名詞,固有名詞,人名,一般,*,*,グラディム,グラディム,グラディム
ラグエル,1141,1141,3327,名詞,固有名詞,人名,一般,*,*,ラグエル,ラグエル,ラグエル
ガスター,1141,1141,3327,名詞,固有名詞,人名,一般,*,*,ガスター,ガスター,ガスター
ファラガ,1141,1141,3327,名詞,固有名詞,人名,一般,*,*,ファラガ,ファラガ,ファラガ
ダンス・ウィズ・ウルブス,1141,1141,3327,名詞,固有名詞,人名,一般,*,*,ダンス・ウィズ・ウルブス,ダンスウィズウルブス,ダンスウィズウルブス
テスタ,1141,1141,3327,名詞,固有名詞,人名,一般,*,*,テスタ,テスタ,テスタ
レイモンド,1141,1141,3327,名詞,固有名詞,人名,一般,*,*,レイモンド,レイモンド,レイモンド
ビャクエン,1141,1141,3327,名詞,固有名詞,人名,一般,*,*,ビャクエン,ビャクエン,ビャクエン
ミニッツ,1141,1141,3327,名詞,固有名詞,人名,一般,*,*,ミニッツ,ミニッツ,ミニッツ
ウリエル,1141,1141,3327,名詞,固有名詞,人名,一般,*,*,ウリエル,ウリエル,ウリエル
ヨーダ,1141,1141,3327,名詞,固有名詞,人名,一般,*,*,ヨーダ,ヨーダ,ヨーダ
バザン,1141,1141,3327,名詞,固有名詞,人名,一般,*,*,バザン,バザン,バザン
レイハ,1141,1141,3327,名詞,固有名詞,人名,一般,*,*,レイハ,レイハ,レイハ
ラビリガド,1141,1141,3327,名詞,固有名詞,人名,一般,*,*,ラビリガド,ラビリガド,ラビリガド
メフィスト,1141,1141,3327,名詞,固有名詞,人名,一般,*,*,メフィスト,メフィスト,メフィスト
ハクロウ,1141,1141,3310,名詞,固有名詞,人名,一般,*,*,ハクロウ,ハクロウ,ハクロウ
ウェンティ,1141,1141,3327,名詞,固有名詞,人名,一般,*,*,ウェンティ,ウェンティ,ウェンティ
ゼピュロス,1141,1141,3327,名詞,固有名詞,人名,一般,*,*,ゼピュロス,ゼピュロス,ゼピュロス
ボレアス,1141,1141,3327,名詞,固有名詞,人名,一般,*,*,ボレアス,ボレアス,ボレアス
エウロス,1141,1141,3327,名詞,固有名詞,人名,一般,*,*,エウロス,エウロス,エウロス
ミナザ,1141,1141,3327,名詞,固有名詞,人名,一般,*,*,ミナザ,ミナザ,ミナザ
ザムド,1141,1141,3327,名詞,固有名詞,人名,一般,*,*,ザムド,ザムド,ザムド
グリンド,1141,1141,3327,名詞,固有名詞,人名,一般,*,*,グリンド,グリンド,グリンド
ハストゥール,1141,1141,3327,名詞,固有名詞,人名,一般,*,*,ハストゥール,ハストゥール,ハストゥール
ヴェノム,1141,1141,3327,名詞,固有名詞,人名,一般,*,*,ヴェノム,ヴェノム,ヴェノム
ベリアル,1141,1141,3327,名詞,固有名詞,人名,一般,*,*,ベリアル,ベリアル,ベリアル
サマエル,1141,1141,3327,名詞,固有名詞,人名,一般,*,*,サマエル,サマエル,サマエル
アバドン,1141,1141,3327,名詞,固有名詞,人名,一般,*,*,アバドン,アバドン,アバドン
ルドラ・ナスカ,1141,1141,3327,名詞,固有名詞,人名,一般,*,*,ルドラ・ナスカ,ルドラナスカ,ルドラナスカ
アンラ・マンユ,1141,1141,3327,名詞,固有名詞,人名,一般,*,*,アンラ・マンユ,アンラマンユ,アンラマンユ
アジ・ダハーカ,1141,1141,3327,名詞,固有名詞,人名,一般,*,*,アジ・ダハーカ,アジダハーカ,アジダハーカ
ヴェルダ,1141,1141,3327,名詞,固有名詞,人名,一般,*,*,ヴェルダ,ヴェルダ,ヴェルダ
ヴェルダ・ナーヴァ,1141,1141,3327,名詞,固有名詞,人名,一般,*,*,ヴェルダ・ナーヴァ,ヴェルダナーヴァ,ヴェルダナーヴァ
アフラ・マズダ,1141,1141,3327,名詞,固有名詞,人名,一般,*,*,アフラ・マズダ,アフラマズダ,アフラマズダ
シエル,1141,1141,3327,名詞,固有名詞,人名,一般,*,*,シエル,シエル,シエル
シュブ・ニグラト,1141,1141,3327,名詞,固有名詞,人名,一般,*,*,シュブ・ニグラト,シュブニグラト,シュブニグラト
ツクヨミ,1141,1141,3327,名詞,固有名詞,人名,一般,*,*,ツクヨミ,ツクヨミ,ツクヨミ
ベルゼバブ,1141,1141,3327,名詞,固有名詞,人名,一般,*,*,ベルゼバブ,ベルゼバブ,ベルゼバブ
バハムート,1141,1141,3327,名詞,固有名詞,人名,一般,*,*,バハムート,バハムート,バハムート
アザトース,1141,1141,3327,名詞,固有名詞,人名,一般,*,*,アザトース,アザトース,アザトース
アザゼル,1141,1141,3327,名詞,固有名詞,人名,一般,*,*,アザゼル,アザゼル,アザゼル
マルドランド,1144,1144,4244,名詞,固有名詞,地域,一般,*,*,マルドランド,マルドランド,マルドランド
テンペスト,1144,1144,4245,名詞,固有名詞,地域,一般,*,*,テンペスト,テンペスト,テンペスト
マイ・フルキ,1141,1141,3321,名詞,固有名詞,人名,一般,*,*,マイ・フルキ,マイ、フルキ,マイ、フルキ
プラーナ,1141,1141,3327,名詞,固有名詞,人名,一般,*,*,プラーナ,プラーナ,プラーナ
クズハ,1141,1141,3327,名詞,固有名詞,人名,一般,*,*,クズハ,クズハ,クズハ
ルシフェル,1141,1141,3327,名詞,固有名詞,人名,一般,*,*,ルシフェル,ルシフェル,ルシフェル
ヴェルガイア,1141,1141,3327,名詞,固有名詞,人名,一般,*,*,ヴェルガイア,ヴェルガイア,ヴェルガイア
スサノオ,1141,1141,3327,名詞,固有名詞,人名,一般,*,*,スサノオ,スサノオ,スサノオ
メーテル,1141,1141,3327,名詞,固有名詞,人名,一般,*,*,メーテル,メーテル,メーテル
アルロス,1141,1141,3327,名詞,固有名詞,人名,一般,*,*,アルロス,アルロス,アルロス
フットマン,1141,1141,3327,名詞,固有名詞,人名,一般,*,*,フットマン,フットマン,フットマン
ティア,1141,1141,3350,名詞,固有名詞,人名,一般,*,*,ティア,ティア,ティア
ウィリアム・ロアーズ,1141,1141,3327,名詞,固有名詞,人名,一般,*,*,ウィリアム・ロアーズ,ウィリアム、ロアーズウィリアム、ロアーズ
キャロル・プリムローザ,1141,1141,3327,名詞,固有名詞,人名,一般,*,*,キャロル・プリムローザ,キャロルプリムローザ,キャロル、プリムローザ
ゴルダマ・シルバー,1141,1141,3327,名詞,固有名詞,人名,一般,*,*,ゴルダマ・シルバー,ゴルダマシルバー,ゴルダマ、シルバー
マリア・ログワール,1141,1141,3327,名詞,固有名詞,人名,一般,*,*,マリア・ログワール,マリアログワール,マリア、ログワール
デウス・エクス・マキナ,1141,1141,3327,名詞,固有名詞,人名,一般,*,*,デウス・エクス・マキナ,デウスエクスマキナ,デウス、エクスマキナ
アーミット,1141,1141,3327,名詞,固有名詞,人名,一般,*,*,アーミット,アーミット,アーミット
アイナ,1141,1141,3327,名詞,固有名詞,人名,一般,*,*,アイナ,アイナ,アイナ
アギト,1141,1141,3327,名詞,固有名詞,人名,一般,*,*,アギト,アギト,アギト
アルヴィン,1141,1141,3327,名詞,固有名詞,人名,一般,*,*,アルヴィン,アルヴィン,アルヴィン
アルムスバイン,1141,1141,3327,名詞,固有名詞,人名,一般,*,*,アルムスバイン,アルムスバイン,アルムスバイン
イリナ,1141,1141,3327,名詞,固有名詞,人名,一般,*,*,イリナ,イリナ,イリナ
カラフ,1141,1141,3327,名詞,固有名詞,人名,一般,*,*,カラフ,カラフ,カラフ
カルマン,1141,1141,3327,名詞,固有名詞,人名,一般,*,*,カルマン,カルマン,カルマン
ギエナ,1141,1141,3327,名詞,固有名詞,人名,一般,*,*,ギエナ,ギエナ,ギエナ
グラサム,1141,1141,3327,名詞,固有名詞,人名,一般,*,*,グラサム,グラサム,グラサム
クラッド,1141,1141,3327,名詞,固有名詞,人名,一般,*,*,クラッド,クラッド,クラッド
クリストフ,1141,1141,3327,名詞,固有名詞,人名,一般,*,*,クリストフ,クリストフ,クリストフ
ゴルダマ,1141,1141,3325,名詞,固有名詞,人名,一般,*,*,ゴルダマ,ゴルダマ,ゴルダマ
ザザ,1141,1141,3327,名詞,固有名詞,人名,一般,*,*,ザザ,ザザ,ザザ
ザランド,1141,1141,3327,名詞,固有名詞,人名,一般,*,*,ザランド,ザランド,ザランド
ジギル,1141,1141,3323,名詞,固有名詞,人名,一般,*,*,ジギル,ジギル,ジギル
シュヴァルツシルト,1141,1141,3327,名詞,固有名詞,人名,一般,*,*,シュヴァルツシルト,シュヴァルツシルト,シュヴァルツシルト
ゼクス,1141,1141,3368,名詞,固有名詞,人名,一般,*,*,ゼクス,ゼクス,ゼクス
ゼクスタイラント,1141,1141,3281,名詞,固有名詞,人名,一般,*,*,ゼクスタイラント,ゼクスタイラント,ゼクスタイラント
ドルド,1141,1141,3327,名詞,固有名詞,人名,一般,*,*,ドルド,ドルド,ドルド
バルゼフォン,1141,1141,3327,名詞,固有名詞,人名,一般,*,*,バルゼフォン,バルゼフォン,バルゼフォン
ピューリ,1141,1141,3327,名詞,固有名詞,人名,一般,*,*,ピューリ,ピューリ,ピューリ
フュードラ,1141,1141,3327,名詞,固有名詞,人名,一般,*,*,フュードラ,フュードラ,フュードラ
ベルナー,1141,1141,3327,名詞,固有名詞,人名,一般,*,*,ベルナー,ベルナー,ベルナー
ベレッタァーーーーッ,1141,1141,3327,名詞,固有名詞,人名,一般,*,*,ベレッタァーーーーッ,ベレッタァーーーーッ,ベレッタァーーーーッ
マーシャ,1141,1141,3327,名詞,固有名詞,人名,一般,*,*,マーシャ,マーシャ,マーシャ
マグナス,1141,1141,3327,名詞,固有名詞,人名,一般,*,*,マグナス,マグナス,マグナス
ミッシェル,1141,1141,3327,名詞,固有名詞,人名,一般,*,*,ミッシェル,ミッシェル,ミッシェル
ミニリムルン,1141,1141,3327,名詞,固有名詞,人名,一般,*,*,ミニリムルン,ミニリムルン,ミニリムルン
メルヒス,1141,1141,3327,名詞,固有名詞,人名,一般,*,*,メルヒス,メルヒス,メルヒス
モンド,1141,1141,3423,名詞,固有名詞,人名,一般,*,*,モンド,モンド,モンド
ユージラス,1141,1141,3327,名詞,固有名詞,人名,一般,*,*,ユージラス,ユージラス,ユージラス
リムルン,1141,1141,3327,名詞,固有名詞,人名,一般,*,*,リムルン,リムルン,リムルン
ロザリー,1141,1141,3327,名詞,固有名詞,人名,一般,*,*,ロザリー,ロザリー,ロザリー
ベルナクラッド,1141,1141,3327,名詞,固有名詞,人名,一般,*,*,ベルナクラッド,ベルナクラッド,ベルナクラッド
ベルヤード,1141,1141,3327,名詞,固有名詞,人名,一般,*,*,ベルヤード,ベルヤード,ベルヤード
カイジン,1141,1141,3327,名詞,固有名詞,人名,一般,*,*,カイジン,カイジン,カイジン
ミルド,1141,1141,3327,名詞,固有名詞,人名,一般,*,*,ミルド,ミルド,ミルド
ジル・リラ・ルベリオス,1141,1141,3327,名詞,固有名詞,人名,一般,*,*,ジル・リラ・ルベリオス,ジル・リラ・ルベリオス,ジル、リラ、ルベリオス
ウィリアム・ロアーズ,1141,1141,3327,名詞,固有名詞,人名,一般,*,*,ウィリアム・ロアーズ,ウィリアム・ロアーズ,ウィリアム、ロアーズ
舞衣,1142,1142,8608,名詞,固有名詞,人名,名,*,*,舞衣,マイ,マイ
希望之王,1135,1135,4748,名詞,一般,*,*,*,*,希望之王,キボウノオウ,キボウノオウ
智慧之王,1135,1135,4748,名詞,一般,*,*,*,*,智慧之王,チエノオウ,チエノオウ
暴食之王,1135,1135,4748,名詞,一般,*,*,*,*,暴食之王,ボウショクノオウ,ボウショクノオウ
誓約之王,1135,1135,4748,名詞,一般,*,*,*,*,誓約之王,セイヤクノオウ,セイヤクノオウ
浸透勁,1135,1135,4622,名詞,一般,*,*,*,*,浸透勁,シントウケイ,シントウケイ
勁力,1135,1135,4748,名詞,一般,*,*,*,*,勁力,ケイリョク,ケイリョク
二連蹴,1135,1135,6832,名詞,一般,*,*,*,*,二連蹴,ニレンゲリ,ニレンゲリ
妖魚,1135,1135,4748,名詞,一般,*,*,*,*,妖魚,ヨウギョ,ヨウギョ
強殖,1135,1135,5377,名詞,一般,*,*,*,*,強殖,キョウショク,キョウショク
デッド・エンド・ペイン,1135,1135,4080,名詞,一般,*,*,*,*,デッド・エンド・ペイン,デッド・エンド・ペイン,デッド、エンド、ペイン
ロングソード,1135,1135,4080,名詞,一般,*,*,*,*,ロングソード,ロングソード,ロングソード
オーガ,1135,1135,4080,名詞,一般,*,*,*,*,オーガ,オーガ,オーガ
マシンドール,1135,1135,4080,名詞,一般,*,*,*,*,マシンドール,マシンドール,マシンドール
ポイズンフラッグ,1135,1135,4080,名詞,一般,*,*,*,*,ポイズンフラッグ,ポイズンフラッグ,ポイズンフラッグ
ドレスチェンジ,1135,1135,4080,名詞,一般,*,*,*,*,ドレスチェンジ,ドレスチェンジ,ドレスチェンジ
アークドール,1135,1135,4080,名詞,一般,*,*,*,*,アークドール,アークドール,アークドール
アサシン,1135,1135,4080,名詞,一般,*,*,*,*,アサシン,アサシン,アサシン
プラチナデビル,1135,1135,4080,名詞,一般,*,*,*,*,プラチナデビル,プラチナデビル,プラチナデビル
パワーレベリング,1135,1135,4080,名詞,一般,*,*,*,*,パワーレベリング,パワーレベリング,パワーレベリング
フォーム,1135,1135,4080,名詞,一般,*,*,*,*,フォーム,フォーム,フォーム
チェンジ,1135,1135,5707,名詞,一般,*,*,*,*,チェンジ,チェンジ,チェンジ
アキマセン,1135,1135,4080,名詞,一般,*,*,*,*,アキマセン,アキマセン,アキマセン
オシオキ,1135,1135,4014,名詞,一般,*,*,*,*,オシオキ,オシオキ,オシオキ
VRMMO,1135,1135,5939,名詞,一般,*,*,*,*,VRMMO,VRMMO,ブイアールエムエムオー
MMO,1135,1135,5939,名詞,一般,*,*,*,*,MMO,MMO,エムエムオー
MO,1135,1135,5939,名詞,一般,*,*,*,*,MO,MO,エムオー
ＭＰ,1135,1135,5939,名詞,一般,*,*,*,*,ＭＰ,ＭＰ,エムピー
PT,1135,1135,5939,名詞,一般,*,*,*,*,PT,PT,ピーティー
Ａ+,1308,1308,4204,記号,アルファベット,*,*,*,*,Ａ+,エープラス,エープラス
Ａ-,1308,1308,4204,記号,アルファベット,*,*,*,*,Ａ-,エーマイナス,エーマイナス
Ａランク,1135,1135,5939,名詞,一般,*,*,*,*,Ａランク,エーランク,エーランク
Ｂ+,1308,1308,4204,記号,アルファベット,*,*,*,*,Ｂ+,ビープラス,ビープラス
Ｂ-,1308,1308,4204,記号,アルファベット,*,*,*,*,Ｂ-,ビーマイナス,ビーマイナス
Ｂランク,1135,1135,5939,名詞,一般,*,*,*,*,Ｂランク,ビーランク,ビーランク
Ｃ+,1308,1308,4204,記号,アルファベット,*,*,*,*,Ｃ+,シープラス,シープラス
Ｃ-,1308,1308,4204,記号,アルファベット,*,*,*,*,Ｃ-,シーマイナス,シーマイナス
Ｃランク,1135,1135,5939,名詞,一般,*,*,*,*,Ｃランク,シーランク,シーランク
ビースト・ロア,1135,1135,4080,名詞,一般,*,*,*,*,ビースト・ロア,ビースト・ロア,ビーストロア
ドラゴ・ノヴァ,1135,1135,4080,名詞,一般,*,*,*,*,ドラゴ・ノヴァ,ドラゴ・ノヴァ,ドラゴノヴァ
ブラッドシャドウ,1135,1135,4080,名詞,一般,*,*,*,*,ブラッドシャドウ,ブラッドシャドウ,ブラッドシャドウ
ウォータージェイル,1135,1135,4080,名詞,一般,*,*,*,*,ウォータージェイル,ウォータージェイル,ウォータージェイル
ヌイグルミ,1135,1135,4078,名詞,一般,*,*,*,*,ヌイグルミ,ヌイグルミ,ヌイグルミ
ダンジョン,1135,1135,4054,名詞,一般,*,*,*,*,ダンジョン,ダンジョン,ダンジョン
イカレタ,1135,1135,4080,名詞,一般,*,*,*,*,イカレタ,イカレタ,イカレタ
ハシャギ,1135,1135,4080,名詞,一般,*,*,*,*,ハシャギ,ハシャギ,ハシャギ
ツマラヌ,1135,1135,4080,名詞,一般,*,*,*,*,ツマラヌ,ツマラヌ,ツマラヌ
アストラル,1135,1135,4080,名詞,一般,*,*,*,*,アストラル,アストラル,アストラル
アリガト,1135,1135,4118,名詞,一般,*,*,*,*,アリガト,アリガト,アリガト
グレーターデーモン,1135,1135,4080,名詞,一般,*,*,*,*,グレーターデーモン,グレーターデーモン,グレーターデーモン
パネエ,1135,1135,4080,名詞,一般,*,*,*,*,パネエ,パネエ,パネエ
サヨウナラ,1135,1135,4068,名詞,一般,*,*,*,*,サヨウナラ,サヨウナラ,サヨウナラ
レイピア,1135,1135,4080,名詞,一般,*,*,*,*,レイピア,レイピア,レイピア
ホーリーフィールド,1135,1135,4080,名詞,一般,*,*,*,*,ホーリーフィールド,ホーリーフィールド,ホーリーフィールド
サッパリ,1135,1135,4080,名詞,一般,*,*,*,*,サッパリ,サッパリ,サッパリ
デッド・エンド・レインボー,1135,1135,4080,名詞,一般,*,*,*,*,デッド・エンド・レインボー,デッド・エンド・レインボー,デッドエンドレインボー
アストラル・ボディー,1135,1135,4080,名詞,一般,*,*,*,*,アストラル・ボディー,アストラル・ボディー,アストラルボディー
スピリチュアル・ボディー,1135,1135,4080,名詞,一般,*,*,*,*,スピリチュアル・ボディー,スピリチュアル・ボディー,スピリチュアルボディー
マテリアル・ボディー,1135,1135,4080,名詞,一般,*,*,*,*,マテリアル・ボディー,マテリアル・ボディー,マテリアルボディー
アストラルバインド,1135,1135,4080,名詞,一般,*,*,*,*,アストラルバインド,アストラルバインド,アストラルバインド
ディスインティグレーション,1135,1135,4080,名詞,一般,*,*,*,*,ディスインティグレーション,ディスインティグレーション,ディスインティグレーション
マーキング,1135,1135,4080,名詞,一般,*,*,*,*,マーキング,マーキング,マーキング
オーガイーター,1135,1135,4080,名詞,一般,*,*,*,*,オーガイーター,オーガイーター,オーガイーター
メギド,1135,1135,4080,名詞,一般,*,*,*,*,メギド,メギド,メギド
ムジヒナルモノ,1135,1135,4080,名詞,一般,*,*,*,*,ムジヒナルモノ,ムジヒナルモノ,ムジヒナルモノ
ヨウブン,1135,1135,4080,名詞,一般,*,*,*,*,ヨウブン,ヨウブン,ヨウブン
ハーベストフェスティバル,1135,1135,4054,名詞,一般,*,*,*,*,ハーベストフェスティバル,ハーベストフェスティバル,ハーベストフェスティバル
ヒトリ,1135,1135,4116,名詞,一般,*,*,*,*,ヒトリ,ヒトリ,ヒトリ
エイチアルモノ,1135,1135,4080,名詞,一般,*,*,*,*,エイチアルモノ,エイチアルモノ,エイチアルモノ
アルティメットスキル,1135,1135,4080,名詞,一般,*,*,*,*,アルティメットスキル,アルティメットスキル,アルティメットスキル
マモノ,1135,1135,4075,名詞,一般,*,*,*,*,マモノ,マモノ,マモノ
イケニエ,1135,1135,4080,名詞,一般,*,*,*,*,イケニエ,イケニエ,イケニエ
ザコ,1135,1135,3918,名詞,一般,*,*,*,*,ザコ,ザコ,ザコ
アクマ,1135,1135,4084,名詞,一般,*,*,*,*,アクマ,アクマ,アクマ
チカラ,1135,1135,4395,名詞,一般,*,*,*,*,チカラ,チカラ,チカラ
アッサリ,1135,1135,4080,名詞,一般,*,*,*,*,アッサリ,アッサリ,アッサリ
センセイ,1135,1135,3845,名詞,一般,*,*,*,*,センセイ,センセイ,センセイ
グレーター,1135,1135,4080,名詞,一般,*,*,*,*,グレーター,グレーター,グレーター
リーサル・ウェポン,1135,1135,4080,名詞,一般,*,*,*,*,リーサル・ウェポン,リーサル・ウェポン,リーサルウェポン
ロリショタコン,1135,1135,4080,名詞,一般,*,*,*,*,ロリショタコン,ロリショタコン,ロリショタコン
ヨミガエリ,1135,1135,4248,名詞,一般,*,*,*,*,ヨミガエリ,ヨミガエリ,ヨミガエリ
ディアブロ,1135,1135,4150,名詞,一般,*,*,*,*,ディアブロ,ディアブロ,ディアブロ
フレイムブレス,1135,1135,4080,名詞,一般,*,*,*,*,フレイムブレス,フレイムブレス,フレイムブレス
サンダーブレス,1135,1135,4080,名詞,一般,*,*,*,*,サンダーブレス,サンダーブレス,サンダーブレス
ヒリュウ,1135,1135,4080,名詞,一般,*,*,*,*,ヒリュウ,ヒリュウ,ヒリュウ
エライ,1135,1135,4067,名詞,一般,*,*,*,*,エライ,エライ,エライ
コヤツ,1135,1135,4080,名詞,一般,*,*,*,*,コヤツ,コヤツ,コヤツ
デカイ,1135,1135,4081,名詞,一般,*,*,*,*,デカイ,デカイ,デカイ
マモルモノ,1135,1135,4080,名詞,一般,*,*,*,*,マモルモノ,マモルモノ,マモルモノ
オニ,1135,1135,4357,名詞,一般,*,*,*,*,オニ,オニ,オニ
プチ,1135,1135,4080,名詞,一般,*,*,*,*,プチ,プチ,プチ
モテタ,1135,1135,4080,名詞,一般,*,*,*,*,モテタ,モテタ,モテタ
ホムンクルス,1135,1135,4080,名詞,一般,*,*,*,*,ホムンクルス,ホムンクルス,ホムンクルス
キタネエ,1135,1135,4080,名詞,一般,*,*,*,*,キタネエ,キタネエ,キタネエ
ワルプルギス,1135,1135,4080,名詞,一般,*,*,*,*,ワルプルギス,ワルプルギス,ワルプルギス
ヘテロクロミア,1135,1135,4080,名詞,一般,*,*,*,*,ヘテロクロミア,ヘテロクロミア,ヘテロクロミア
クイーン・オブ・ナイトメア,1135,1135,4080,名詞,一般,*,*,*,*,クイーン・オブ・ナイトメア,クイーン・オブ・ナイトメア,クイーンオブナイトメア
ロード・オブ・ダークネス,1135,1135,4080,名詞,一般,*,*,*,*,ロード・オブ・ダークネス,ロード・オブ・ダークネス,ロードオブダークネス
シモベ,1135,1135,4248,名詞,一般,*,*,*,*,シモベ,シモベ,シモベ
ブルーダイアモンド,1135,1135,4080,名詞,一般,*,*,*,*,ブルーダイアモンド,ブルーダイアモンド,ブルーダイアモンド
ヴァンパイア,1135,1135,4080,名詞,一般,*,*,*,*,ヴァンパイア,ヴァンパイア,ヴァンパイア
ガッシリ,1135,1135,4080,名詞,一般,*,*,*,*,ガッシリ,ガッシリ,ガッシリ
ピクシー,1135,1135,4080,名詞,一般,*,*,*,*,ピクシー,ピクシー,ピクシー
アースクエイク,1135,1135,4080,名詞,一般,*,*,*,*,アースクエイク,アースクエイク,アースクエイク
フォールン,1135,1135,4080,名詞,一般,*,*,*,*,フォールン,フォールン,フォールン
スリーピング・ルーラー,1135,1135,4080,名詞,一般,*,*,*,*,スリーピング・ルーラー,スリーピング・ルーラー,スリーピングルーラー
アンデット,1135,1135,4080,名詞,一般,*,*,*,*,アンデット,アンデット,アンデット
ウスノロ,1135,1135,4080,名詞,一般,*,*,*,*,ウスノロ,ウスノロ,ウスノロ
アチコチ,1135,1135,4080,名詞,一般,*,*,*,*,アチコチ,アチコチ,アチコチ
ジャミング,1135,1135,4080,名詞,一般,*,*,*,*,ジャミング,ジャミング,ジャミング
キサマ,1135,1135,4052,名詞,一般,*,*,*,*,キサマ,キサマ,キサマ
フーン,1135,1135,4080,名詞,一般,*,*,*,*,フーン,フーン,フーン
ソウルイーター,1135,1135,4080,名詞,一般,*,*,*,*,ソウルイーター,ソウルイーター,ソウルイーター
デモンブラスター,1135,1135,4080,名詞,一般,*,*,*,*,デモンブラスター,デモンブラスター,デモンブラスター
マヌケ,1135,1135,4078,名詞,一般,*,*,*,*,マヌケ,マヌケ,マヌケ
アヤツリビト,1135,1135,4080,名詞,一般,*,*,*,*,アヤツリビト,アヤツリビト,アヤツリビト
オクタグラム,1135,1135,4080,名詞,一般,*,*,*,*,オクタグラム,オクタグラム,オクタグラム
ニュービー,1135,1135,4080,名詞,一般,*,*,*,*,ニュービー,ニュービー,ニュービー
ウィザード,1135,1135,4080,名詞,一般,*,*,*,*,ウィザード,ウィザード,ウィザード
ハッタリ,1135,1135,4100,名詞,一般,*,*,*,*,ハッタリ,ハッタリ,ハッタリ
オマケ,1135,1135,3596,名詞,一般,*,*,*,*,オマケ,オマケ,オマケ
ホーリーメイル,1135,1135,4080,名詞,一般,*,*,*,*,ホーリーメイル,ホーリーメイル,ホーリーメイル
デモンスレイヤー,1135,1135,4080,名詞,一般,*,*,*,*,デモンスレイヤー,デモンスレイヤー,デモンスレイヤー
ホーリーカノン,1135,1135,4080,名詞,一般,*,*,*,*,ホーリーカノン,ホーリーカノン,ホーリーカノン
エーテルブレイク,1135,1135,4080,名詞,一般,*,*,*,*,エーテルブレイク,エーテルブレイク,エーテルブレイク
デジャヴュ,1135,1135,4080,名詞,一般,*,*,*,*,デジャヴュ,デジャヴュ,デジャヴュ
エレメンタルソード,1135,1135,4080,名詞,一般,*,*,*,*,エレメンタルソード,エレメンタルソード,エレメンタルソード
アースジェイル,1135,1135,4080,名詞,一般,*,*,*,*,アースジェイル,アースジェイル,アースジェイル
ウインドブレード,1135,1135,4080,名詞,一般,*,*,*,*,ウインドブレード,ウインドブレード,ウインドブレード
フェンリル,1135,1135,4080,名詞,一般,*,*,*,*,フェンリル,フェンリル,フェンリル
フルリカバリー,1135,1135,4080,名詞,一般,*,*,*,*,フルリカバリー,フルリカバリー,フルリカバリー
ネタバラシ,1135,1135,4080,名詞,一般,*,*,*,*,ネタバラシ,ネタバラシ,ネタバラシ
ドラゴンスレイヤー,1135,1135,4080,名詞,一般,*,*,*,*,ドラゴンスレイヤー,ドラゴンスレイヤー,ドラゴンスレイヤー
メルトスラッシュ,1135,1135,4080,名詞,一般,*,*,*,*,メルトスラッシュ,メルトスラッシュ,メルトスラッシュ
ウッカリ,1135,1135,4080,名詞,一般,*,*,*,*,ウッカリ,ウッカリ,ウッカリ
ヤロウ,1135,1135,4080,名詞,一般,*,*,*,*,ヤロウ,ヤロウ,ヤロウ
オッケー,1135,1135,4080,名詞,一般,*,*,*,*,オッケー,オッケー,オッケー
ジャージ,1135,1135,4080,名詞,一般,*,*,*,*,ジャージ,ジャージ,ジャージ
ゾンビ,1135,1135,4080,名詞,一般,*,*,*,*,ゾンビ,ゾンビ,ゾンビ
ガラクタ,1135,1135,4080,名詞,一般,*,*,*,*,ガラクタ,ガラクタ,ガラクタ
ダイア,1135,1135,4080,名詞,一般,*,*,*,*,ダイア,ダイア,ダイア
トリップ,1135,1135,4080,名詞,一般,*,*,*,*,トリップ,トリップ,トリップ
アドバンストダンジョン,1135,1135,4080,名詞,一般,*,*,*,*,アドバンストダンジョン,アドバンストダンジョン,アドバンストダンジョン
ダンジョンツクール,1135,1135,4080,名詞,一般,*,*,*,*,ダンジョンツクール,ダンジョンツクール,ダンジョンツクール
ムシケラ,1135,1135,4080,名詞,一般,*,*,*,*,ムシケラ,ムシケラ,ムシケラ
イチイチ,1135,1135,4306,名詞,一般,*,*,*,*,イチイチ,イチイチ,イチイチ
カルマ,1135,1135,4080,名詞,一般,*,*,*,*,カルマ,カルマ,カルマ
シゴキ,1135,1135,4080,名詞,一般,*,*,*,*,シゴキ,シゴキ,シゴキ
ミミック,1135,1135,4080,名詞,一般,*,*,*,*,ミミック,ミミック,ミミック
テイム,1135,1135,4080,名詞,一般,*,*,*,*,テイム,テイム,テイム
カラミティ・カノン,1135,1135,4080,名詞,一般,*,*,*,*,カラミティ・カノン,カラミティカノン,カラミティカノン
カオティックフェイト,1135,1135,4080,名詞,一般,*,*,*,*,カオティックフェイト,カオティックフェイト,カオティックフェイト
ハジメマシテ,1135,1135,4080,名詞,一般,*,*,*,*,ハジメマシテ,ハジメマシテ,ハジメマシテ
ヘンシン,1135,1135,4080,名詞,一般,*,*,*,*,ヘンシン,ヘンシン,ヘンシン
リバース・フレイム,1135,1135,4080,名詞,一般,*,*,*,*,リバース・フレイム,リバースフレイム,リバースフレイム
エレメンタラー,1135,1135,4080,名詞,一般,*,*,*,*,エレメンタラー,エレメンタラー,エレメンタラー
オーガロード,1135,1135,4080,名詞,一般,*,*,*,*,オーガロード,オーガロード,オーガロード
オーガシリーズ,1135,1135,4080,名詞,一般,*,*,*,*,オーガシリーズ,オーガシリーズ,オーガシリーズ
オーガアックス,1135,1135,4080,名詞,一般,*,*,*,*,オーガアックス,オーガアックス,オーガアックス
オーガレッグ,1135,1135,4080,名詞,一般,*,*,*,*,オーガレッグ,オーガレッグ,オーガレッグ
オーガベア,1135,1135,4080,名詞,一般,*,*,*,*,オーガベア,オーガベア,オーガベア
ギジコン,1135,1135,4080,名詞,一般,*,*,*,*,ギジコン,ギジコン,ギジコン
リビングアーマー,1135,1135,4080,名詞,一般,*,*,*,*,リビングアーマー,リビングアーマー,リビングアーマー
デスサイズ,1135,1135,4080,名詞,一般,*,*,*,*,デスサイズ,デスサイズ,デスサイズ
デス・バスタード,1135,1135,4080,名詞,一般,*,*,*,*,デス・バスタード,デスバスタード,デスバスタード
デスピックル,1135,1135,4080,名詞,一般,*,*,*,*,デスピックル,デスピックル,デスピックル
クリムゾンローブ,1135,1135,4080,名詞,一般,*,*,*,*,クリムゾンローブ,クリムゾンローブ,クリムゾンローブ
ヘヴィフルプレート,1135,1135,4080,名詞,一般,*,*,*,*,ヘヴィフルプレート,ヘヴィフルプレート,ヘヴィフルプレート
デスアックス,1135,1135,4080,名詞,一般,*,*,*,*,デスアックス,デスアックス,デスアックス
バーサーカー,1135,1135,4080,名詞,一般,*,*,*,*,バーサーカー,バーサーカー,バーサーカー
フザケタ,1135,1135,4080,名詞,一般,*,*,*,*,フザケタ,フザケタ,フザケタ
バインドスラッシュ,1135,1135,4080,名詞,一般,*,*,*,*,バインドスラッシュ,バインドスラッシュ,バインドスラッシュ
キルマシーン,1135,1135,4080,名詞,一般,*,*,*,*,キルマシーン,キルマシーン,キルマシーン
エクストラヒール,1135,1135,4080,名詞,一般,*,*,*,*,エクストラヒール,エクストラヒール,エクストラヒール
リザレクション,1135,1135,4080,名詞,一般,*,*,*,*,リザレクション,リザレクション,リザレクション
リ・バース,1135,1135,4080,名詞,一般,*,*,*,*,リ・バース,リバース,リバース
ヨグ・ソトース,1135,1135,4080,名詞,一般,*,*,*,*,ヨグ・ソトース,ヨグソトース,ヨグソトース
トルネードブレード,1135,1135,4080,名詞,一般,*,*,*,*,トルネードブレード,トルネードブレード,トルネードブレード
フィアーオーラ,1135,1135,4080,名詞,一般,*,*,*,*,フィアーオーラ,フィアーオーラ,フィアーオーラ
ドミネーター,1135,1135,4080,名詞,一般,*,*,*,*,ドミネーター,ドミネーター,ドミネーター
スネークソード,1135,1135,4080,名詞,一般,*,*,*,*,スネークソード,スネークソード,スネークソード
ハイエロファント,1135,1135,4080,名詞,一般,*,*,*,*,ハイエロファント,ハイエロファント,ハイエロファント
マジックナイツ,1135,1135,4080,名詞,一般,*,*,*,*,マジックナイツ,マジックナイツ,マジックナイツ
サーチエネミー,1135,1135,4080,名詞,一般,*,*,*,*,サーチエネミー,サーチエネミー,サーチエネミー
メタトロン,1135,1135,4080,名詞,一般,*,*,*,*,メタトロン,メタトロン,メタトロン
フォーミング,1135,1135,4080,名詞,一般,*,*,*,*,フォーミング,フォーミング,フォーミング
ユニークスキル,1135,1135,4080,名詞,一般,*,*,*,*,ユニークスキル,ユニークスキル,ユニークスキル
カオティックブレス,1135,1135,4080,名詞,一般,*,*,*,*,カオティックブレス,カオティックブレス,カオティックブレス
フレイムピラー,1135,1135,4080,名詞,一般,*,*,*,*,フレイムピラー,フレイムピラー,フレイムピラー
ホーリー,1135,1135,4080,名詞,一般,*,*,*,*,ホーリー,ホーリー,ホーリー
ブレイクダウン,1135,1135,4080,名詞,一般,*,*,*,*,ブレイクダウン,ブレイクダウン,ブレイクダウン
フォトン,1135,1135,4080,名詞,一般,*,*,*,*,フォトン,フォトン,フォトン
爪鋏刃,1135,1135,4748,名詞,一般,*,*,*,*,爪鋏刃,ツメバサミトウ,ツメバサミトウ
ブロードソード,1135,1135,4080,名詞,一般,*,*,*,*,ブロードソード,ブロードソード,ブロードソード
ボーンゴーレム,1135,1135,4080,名詞,一般,*,*,*,*,ボーンゴーレム,ボーンゴーレム,ボーンゴーレム
オーガウルフ,1135,1135,4080,名詞,一般,*,*,*,*,オーガウルフ,オーガウルフ,オーガウルフ
スターウルフ,1135,1135,4080,名詞,一般,*,*,*,*,スターウルフ,スターウルフ,スターウルフ
ミノスシリーズ,1135,1135,4080,名詞,一般,*,*,*,*,ミノスシリーズ,ミノスシリーズ,ミノスシリーズ
ミノスバルディッシュ,1135,1135,4080,名詞,一般,*,*,*,*,ミノスバルディッシュ,ミノスバルディッシュ,ミノスバルディッシュ
ミノストライデント,1135,1135,4080,名詞,一般,*,*,*,*,ミノストライデント,ミノストライデント,ミノストライデント
デスウルフ,1135,1135,4080,名詞,一般,*,*,*,*,デスウルフ,デスウルフ,デスウルフ
ウォーリア,1135,1135,4080,名詞,一般,*,*,*,*,ウォーリア,ウォーリア,ウォーリア
マジシャン,1135,1135,4080,名詞,一般,*,*,*,*,マジシャン,マジシャン,マジシャン
デス・パラディン,1135,1135,4080,名詞,一般,*,*,*,*,デス・パラディン,デスパラディン,デスパラディン
デス・ロード,1135,1135,4080,名詞,一般,*,*,*,*,デス・ロード,デスロード,デスロード
ネクロマンサー,1135,1135,4080,名詞,一般,*,*,*,*,ネクロマンサー,ネクロマンサー,ネクロマンサー
スペック,1135,1135,4080,名詞,一般,*,*,*,*,スペック,スペック,スペック
デス・ドラゴン,1135,1135,4080,名詞,一般,*,*,*,*,デス・ドラゴン,デスドラゴン,デスドラゴン
デスナイト,1135,1135,4080,名詞,一般,*,*,*,*,デスナイト,デスナイト,デスナイト
マジックキャンセラー,1135,1135,4080,名詞,一般,*,*,*,*,マジックキャンセラー,マジックキャンセラー,マジックキャンセラー
ニュークリアフレイム,1135,1135,4080,名詞,一般,*,*,*,*,ニュークリアフレイム,ニュークリアフレイム,ニュークリアフレイム
デスストリーク,1135,1135,4080,名詞,一般,*,*,*,*,デスストリーク,デスストリーク,デスストリーク
イモータルキング,1135,1135,4080,名詞,一般,*,*,*,*,イモータルキング,イモータルキング,イモータルキング
ルーンマスター,1135,1135,4080,名詞,一般,*,*,*,*,ルーンマスター,ルーンマスター,ルーンマスター
デストピア,1135,1135,4080,名詞,一般,*,*,*,*,デストピア,デストピア,デストピア
アーミーワスプ,1135,1135,4080,名詞,一般,*,*,*,*,アーミーワスプ,アーミーワスプ,アーミーワスプ
アダマンタイト,1135,1135,4080,名詞,一般,*,*,*,*,アダマンタイト,アダマンタイト,アダマンタイト
ダイアモンド,1135,1135,4080,名詞,一般,*,*,*,*,ダイアモンド,ダイアモンド,ダイアモンド
フルプレートメイル,1135,1135,4080,名詞,一般,*,*,*,*,フルプレートメイル,フルプレートメイル,フルプレートメイル
ディストーションフィールド,1135,1135,4080,名詞,一般,*,*,*,*,ディストーションフィールド,ディストーションフィールド,ディストーションフィールド
フルチューンナップ,1135,1135,4080,名詞,一般,*,*,*,*,フルチューンナップ,フルチューンナップ,フルチューンナップ
テラーナイト,1135,1135,4080,名詞,一般,*,*,*,*,テラーナイト,テラーナイト,テラーナイト
グラビティーコラプス,1135,1135,4080,名詞,一般,*,*,*,*,グラビティーコラプス,グラビティーコラプス,グラビティーコラプス
セイクリッド・バースディ,1135,1135,4080,名詞,一般,*,*,*,*,セイクリッド・バースディ,セイクリッドバースディ,セイクリッドバースディ
ファンタスティック,1135,1135,4080,名詞,一般,*,*,*,*,ファンタスティック,ファンタスティック,ファンタスティック
ドラグロード,1135,1135,4080,名詞,一般,*,*,*,*,ドラグロード,ドラグロード,ドラグロード
ウォーロード,1135,1135,4080,名詞,一般,*,*,*,*,ウォーロード,ウォーロード,ウォーロード
ディアブルシュバリエ,1135,1135,4080,名詞,一般,*,*,*,*,ディアブルシュバリエ,ディアブルシュバリエ,ディアブルシュバリエ
デモンシュバリエ,1135,1135,4080,名詞,一般,*,*,*,*,デモンシュバリエ,デモンシュバリエ,デモンシュバリエ
ミストロード,1135,1135,4080,名詞,一般,*,*,*,*,ミストロード,ミストロード,ミストロード
ゲヘナロード,1135,1135,4080,名詞,一般,*,*,*,*,ゲヘナロード,ゲヘナロード,ゲヘナロード
コアブレイク,1135,1135,4080,名詞,一般,*,*,*,*,コアブレイク,コアブレイク,コアブレイク
メナスロード,1135,1135,4080,名詞,一般,*,*,*,*,メナスロード,メナスロード,メナスロード
カオスクリエイト,1135,1135,4080,名詞,一般,*,*,*,*,カオスクリエイト,カオスクリエイト,カオスクリエイト
カースパフューム,1135,1135,4080,名詞,一般,*,*,*,*,カースパフューム,カースパフューム,カースパフューム
バランスブレイカー,1135,1135,4080,名詞,一般,*,*,*,*,バランスブレイカー,バランスブレイカー,バランスブレイカー
ロイヤルナイツ,1135,1135,4080,名詞,一般,*,*,*,*,ロイヤルナイツ,ロイヤルナイツ,ロイヤルナイツ
マモン,1135,1135,4080,名詞,一般,*,*,*,*,マモン,マモン,マモン
アルティメットエンチャント,1135,1135,4080,名詞,一般,*,*,*,*,アルティメットエンチャント,アルティメットエンチャント,アルティメットエンチャント
オルタナティブ,1135,1135,4080,名詞,一般,*,*,*,*,オルタナティブ,オルタナティブ,オルタナティブ
ネクロシス,1135,1135,4080,名詞,一般,*,*,*,*,ネクロシス,ネクロシス,ネクロシス
ブラッディーナイツ,1135,1135,4080,名詞,一般,*,*,*,*,ブラッディーナイツ,ブラッディーナイツ,ブラッディーナイツ
ナパームバースト,1135,1135,4080,名詞,一般,*,*,*,*,ナパームバースト,ナパームバースト,ナパームバースト
シャドウボクシング,1135,1135,4080,名詞,一般,*,*,*,*,シャドウボクシング,シャドウボクシング,シャドウボクシング
トランジットゲート,1135,1135,4080,名詞,一般,*,*,*,*,トランジットゲート,トランジットゲート,トランジットゲート
デヴィルロード,1135,1135,4080,名詞,一般,*,*,*,*,デヴィルロード,デヴィルロード,デヴィルロード
アゲーラ・エスプリ,1135,1135,4080,名詞,一般,*,*,*,*,アゲーラ・エスプリ,アゲーラエスプリ,アゲーラエスプリ
シエン・ゾンダ,1135,1135,4080,名詞,一般,*,*,*,*,シエン・ゾンダ,シエンゾンダ,シエンゾンダ
エターナルワールド,1135,1135,4080,名詞,一般,*,*,*,*,エターナルワールド,エターナルワールド,エターナルワールド
ハイパーエネルギー,1135,1135,4080,名詞,一般,*,*,*,*,ハイパーエネルギー,ハイパーエネルギー,ハイパーエネルギー
カーディナルオーラ,1135,1135,4080,名詞,一般,*,*,*,*,カーディナルオーラ,カーディナルオーラ,カーディナルオーラ
カーディナル,1135,1135,4080,名詞,一般,*,*,*,*,カーディナル,カーディナル,カーディナル
カーディナルケージ,1135,1135,4080,名詞,一般,*,*,*,*,カーディナルケージ,カーディナルケージ,カーディナルケージ
カーディナルアクセラレーション,1135,1135,4080,名詞,一般,*,*,*,*,カーディナルアクセラレーション,カーディナルアクセラレーション,カーディナルアクセラレーション
バーニングブレス,1135,1135,4080,名詞,一般,*,*,*,*,バーニングブレス,バーニングブレス,バーニングブレス
フレイムケージ,1135,1135,4080,名詞,一般,*,*,*,*,フレイムケージ,フレイムケージ,フレイムケージ
バーニングエンブレイス,1135,1135,4080,名詞,一般,*,*,*,*,バーニングエンブレイス,バーニングエンブレイス,バーニングエンブレイス
ストームブラスト,1135,1135,4080,名詞,一般,*,*,*,*,ストームブラスト,ストームブラスト,ストームブラスト
コールデーモン,1135,1135,4080,名詞,一般,*,*,*,*,コールデーモン,コールデーモン,コールデーモン
クリエイトサモンゲート,1135,1135,4080,名詞,一般,*,*,*,*,クリエイトサモンゲート,クリエイトサモンゲート,クリエイトサモンゲート
サモンゲート,1135,1135,4080,名詞,一般,*,*,*,*,サモンゲート,サモンゲート,サモンゲート
レガリアドミニオン,1135,1135,4080,名詞,一般,*,*,*,*,レガリアドミニオン,レガリアドミニオン,レガリアドミニオン
ヒートブラスター,1135,1135,4080,名詞,一般,*,*,*,*,ヒートブラスター,ヒートブラスター,ヒートブラスター
カリキュレーションプリズン,1135,1135,4080,名詞,一般,*,*,*,*,カリキュレーションプリズン,カリキュレーションプリズン,カリキュレーションプリズン
アルティメットスライム,1135,1135,4080,名詞,一般,*,*,*,*,アルティメットスライム,アルティメットスライム,アルティメットスライム
ストームライトニング,1135,1135,4080,名詞,一般,*,*,*,*,ストームライトニング,ストームライトニング,ストームライトニング
ブレードコア,1135,1135,4018,名詞,一般,*,*,*,*,ブレードコア,ブレードコア,ブレードコア
ナイアルラトホテップ,1135,1135,4080,名詞,一般,*,*,*,*,ナイアルラトホテップ,ナイアルラトホテップ,ナイアルラトホテップ
ニュークリアカノン,1135,1135,4080,名詞,一般,*,*,*,*,ニュークリアカノン,ニュークリアカノン,ニュークリアカノン
バトルキマイラ,1135,1135,4080,名詞,一般,*,*,*,*,バトルキマイラ,バトルキマイラ,バトルキマイラ
シークレットコマンド,1135,1135,4080,名詞,一般,*,*,*,*,シークレットコマンド,シークレットコマンド,シークレットコマンド
キマイラナイト,1135,1135,4080,名詞,一般,*,*,*,*,キマイラナイト,キマイラナイト,キマイラナイト
キャッスルガード,1135,1135,4080,名詞,一般,*,*,*,*,キャッスルガード,キャッスルガード,キャッスルガード
デスブレード,1135,1135,4080,名詞,一般,*,*,*,*,デスブレード,デスブレード,デスブレード
アビスコア,1135,1135,4080,名詞,一般,*,*,*,*,アビスコア,アビスコア,アビスコア
ガードナー,1135,1135,4080,名詞,一般,*,*,*,*,ガードナー,ガードナー,ガードナー
エコーリフレクション,1135,1135,4080,名詞,一般,*,*,*,*,エコーリフレクション,エコーリフレクション,エコーリフレクション
グラニート,1135,1135,4080,名詞,一般,*,*,*,*,グラニート,グラニート,グラニート
マネルモノ,1135,1135,4080,名詞,一般,*,*,*,*,マネルモノ,マネルモノ,マネルモノ
チェンジウェポン,1135,1135,4080,名詞,一般,*,*,*,*,チェンジウェポン,チェンジウェポン,チェンジウェポン
デーモンスピア,1135,1135,4080,名詞,一般,*,*,*,*,デーモンスピア,デーモンスピア,デーモンスピア
カリトルモノ,1135,1135,4080,名詞,一般,*,*,*,*,カリトルモノ,カリトルモノ,カリトルモノ
チェインプロミネンス,1135,1135,4080,名詞,一般,*,*,*,*,チェインプロミネンス,チェインプロミネンス,チェインプロミネンス
ジャッジメント,1135,1135,4080,名詞,一般,*,*,*,*,ジャッジメント,ジャッジメント,ジャッジメント
アビスアナイアレーション,1135,1135,4080,名詞,一般,*,*,*,*,アビスアナイアレーション,アビスアナイアレーション,アビスアナイアレーション
リムーブブラスト,1135,1135,4080,名詞,一般,*,*,*,*,リムーブブラスト,リムーブブラスト,リムーブブラスト
イレーザーショット,1135,1135,4080,名詞,一般,*,*,*,*,イレーザーショット,イレーザーショット,イレーザーショット
リゼントメントフィア,1135,1135,4080,名詞,一般,*,*,*,*,リゼントメントフィア,リゼントメントフィア,リゼントメントフィア
セラフィム,1135,1135,4080,名詞,一般,*,*,*,*,セラフィム,セラフィム,セラフィム
バトルクリーチャー,1135,1135,4080,名詞,一般,*,*,*,*,バトルクリーチャー,バトルクリーチャー,バトルクリーチャー
ホーリーブレード,1135,1135,4080,名詞,一般,*,*,*,*,ホーリーブレード,ホーリーブレード,ホーリーブレード
クリムゾン,1135,1135,4080,名詞,一般,*,*,*,*,クリムゾン,クリムゾン,クリムゾン
ベルフェゴール,1135,1135,4080,名詞,一般,*,*,*,*,ベルフェゴール,ベルフェゴール,ベルフェゴール
カオスドール,1135,1135,4080,名詞,一般,*,*,*,*,カオスドール,カオスドール,カオスドール
フォールンヒュプノ,1135,1135,4080,名詞,一般,*,*,*,*,フォールンヒュプノ,フォールンヒュプノ,フォールンヒュプノ
ハイパーモード,1135,1135,4080,名詞,一般,*,*,*,*,ハイパーモード,ハイパーモード,ハイパーモード
フォールンタナトス,1135,1135,4080,名詞,一般,*,*,*,*,フォールンタナトス,フォールンタナトス,フォールンタナトス
メルキゼデク,1135,1135,4080,名詞,一般,*,*,*,*,メルキゼデク,メルキゼデク,メルキゼデク
ディープヒュプノ,1135,1135,4080,名詞,一般,*,*,*,*,ディープヒュプノ,ディープヒュプノ,ディープヒュプノ
エクスキューショナーズ,1135,1135,4080,名詞,一般,*,*,*,*,エクスキューショナーズ,エクスキューショナーズ,エクスキューショナーズ
アルティメット,1135,1135,4080,名詞,一般,*,*,*,*,アルティメット,アルティメット,アルティメット
マナス,1135,1135,4080,名詞,一般,*,*,*,*,マナス,マナス,マナス
サブブレイン,1135,1135,4080,名詞,一般,*,*,*,*,サブブレイン,サブブレイン,サブブレイン
アルティメットギフト,1135,1135,4080,名詞,一般,*,*,*,*,アルティメットギフト,アルティメットギフト,アルティメットギフト
ネクロノミコン,1135,1135,4080,名詞,一般,*,*,*,*,ネクロノミコン,ネクロノミコン,ネクロノミコン
グリモワール,1135,1135,4080,名詞,一般,*,*,*,*,グリモワール,グリモワール,グリモワール
イモータル,1135,1135,4080,名詞,一般,*,*,*,*,イモータル,イモータル,イモータル
ヴェルドラ・テンペスト,1135,1135,4080,名詞,一般,*,*,*,*,ヴェルドラ・テンペスト,ヴェルドラ・テンペスト,ヴェルドラテンペスト
カオスメタロイド,1135,1135,4080,名詞,一般,*,*,*,*,カオスメタロイド,カオスメタロイド,カオスメタロイド
デウス・エクス・,1135,1135,4080,名詞,一般,*,*,*,*,デウス・エクス・,デウス・エクス・,デウスエクス
リィーン,1135,1135,4080,名詞,一般,*,*,*,*,リィーン,リィーン,リィーン
グリフォン,1135,1135,4080,名詞,一般,*,*,*,*,グリフォン,グリフォン,グリフォン
バーム,1135,1135,4080,名詞,一般,*,*,*,*,バーム,バーム,バーム
ウォーハンマー,1135,1135,4080,名詞,一般,*,*,*,*,ウォーハンマー,ウォーハンマー,ウォーハンマー
ライトニングボンバー,1135,1135,4080,名詞,一般,*,*,*,*,ライトニングボンバー,ライトニングボンバー,ライトニングボンバー
ハーピィー,1135,1135,4080,名詞,一般,*,*,*,*,ハーピィー,ハーピィー,ハーピィー
ディフュージョン・ロア,1135,1135,4080,名詞,一般,*,*,*,*,ディフュージョン・ロア,ディフュージョンロア,ディフュージョン、ロア
オトコ,1135,1135,3936,名詞,一般,*,*,*,*,オトコ,オトコ,オトコ
トルネオット,1135,1135,4080,名詞,一般,*,*,*,*,トルネオット,トルネオット,トルネオット
グレートアクス,1135,1135,4080,名詞,一般,*,*,*,*,グレートアクス,グレートアクス,グレートアクス
トライデント,1135,1135,4080,名詞,一般,*,*,*,*,トライデント,トライデント,トライデント
オルカ,1135,1135,4080,名詞,一般,*,*,*,*,オルカ,オルカ,オルカ
ナインテイル,1135,1135,4080,名詞,一般,*,*,*,*,ナインテイル,ナインテイル,ナインテイル
プリシラ,1135,1135,4080,名詞,一般,*,*,*,*,プリシラ,プリシラ,プリシラ
マスターウェポン,1135,1135,4080,名詞,一般,*,*,*,*,マスターウェポン,マスターウェポン,マスターウェポン
ウェポン,1135,1135,4080,名詞,一般,*,*,*,*,ウェポン,ウェポン,ウェポン
メルトプラズマ,1135,1135,4080,名詞,一般,*,*,*,*,メルトプラズマ,メルトプラズマ,メルトプラズマ
デスウィップ,1135,1135,4080,名詞,一般,*,*,*,*,デスウィップ,デスウィップ,デスウィップ
ドラゴン・ロア,1135,1135,4080,名詞,一般,*,*,*,*,ドラゴン・ロア,ドラゴンロア,ドラゴン、ロア
エターナルペイン,1135,1135,4080,名詞,一般,*,*,*,*,エターナルペイン,エターナルペイン,エターナルペイン
レゾンデートル,1135,1135,4080,名詞,一般,*,*,*,*,レゾンデートル,レゾンデートル,レゾンデートル
オキシアン,1135,1135,4080,名詞,一般,*,*,*,*,オキシアン,オキシアン,オキシアン
キゾナ,1135,1135,4080,名詞,一般,*,*,*,*,キゾナ,キゾナ,キゾナ
アングリーピエロ,1135,1135,4080,名詞,一般,*,*,*,*,アングリーピエロ,アングリーピエロ,アングリーピエロ
ティアドロップ,1135,1135,4080,名詞,一般,*,*,*,*,ティアドロップ,ティアドロップ,ティアドロップ
ワンダーピエロ,1135,1135,4080,名詞,一般,*,*,*,*,ワンダーピエロ,ワンダーピエロ,ワンダーピエロ
クレイジーピエロ,1135,1135,4080,名詞,一般,*,*,*,*,クレイジーピエロ,クレイジーピエロ,クレイジーピエロ
フトルモノ,1135,1135,4080,名詞,一般,*,*,*,*,フトルモノ,フトルモノ,フトルモノ
マテリアル,1135,1135,4080,名詞,一般,*,*,*,*,マテリアル,マテリアル,マテリアル
ムチナルモノ,1135,1135,4080,名詞,一般,*,*,*,*,ムチナルモノ,ムチナルモノ,ムチナルモノ
ユルガヌモノ,1135,1135,4080,名詞,一般,*,*,*,*,ユルガヌモノ,ユルガヌモノ,ユルガヌモノ
イドムモノ,1135,1135,4080,名詞,一般,*,*,*,*,イドムモノ,イドムモノ,イドムモノ
ミエルモノ,1135,1135,4080,名詞,一般,*,*,*,*,ミエルモノ,ミエルモノ,ミエルモノ
アザムクモノ,1135,1135,4080,名詞,一般,*,*,*,*,アザムクモノ,アザムクモノ,アザムクモノ
イモータルレギオン,1135,1135,4080,名詞,一般,*,*,*,*,イモータルレギオン,イモータルレギオン,イモータルレギオン
ゾンビソルジャー,1135,1135,4080,名詞,一般,*,*,*,*,ゾンビソルジャー,ゾンビソルジャー,ゾンビソルジャー
ポーンソルジャー,1135,1135,4080,名詞,一般,*,*,*,*,ポーンソルジャー,ポーンソルジャー,ポーンソルジャー
ポーンアーチャー,1135,1135,4080,名詞,一般,*,*,*,*,ポーンアーチャー,ポーンアーチャー,ポーンアーチャー
ポーンナイト,1135,1135,4080,名詞,一般,*,*,*,*,ポーンナイト,ポーンナイト,ポーンナイト
コークスクリューパンチ,1135,1135,4080,名詞,一般,*,*,*,*,コークスクリューパンチ,コークスクリューパンチ,コークスクリューパンチ
ジャイアントオーガ,1135,1135,4080,名詞,一般,*,*,*,*,ジャイアントオーガ,ジャイアントオーガ,ジャイアントオーガ
サイクロプス,1135,1135,4080,名詞,一般,*,*,*,*,サイクロプス,サイクロプス,サイクロプス
ヘカトンケイル,1135,1135,4080,名詞,一般,*,*,*,*,ヘカトンケイル,ヘカトンケイル,ヘカトンケイル
レザーアーマー,1135,1135,4080,名詞,一般,*,*,*,*,レザーアーマー,レザーアーマー,レザーアーマー
ブレストアーマー,1135,1135,4080,名詞,一般,*,*,*,*,ブレストアーマー,ブレストアーマー,ブレストアーマー
テンペストミーティア,1135,1135,4080,名詞,一般,*,*,*,*,テンペストミーティア,テンペストミーティア,テンペストミーティア
アンチマジックガード,1135,1135,4080,名詞,一般,*,*,*,*,アンチマジックガード,アンチマジックガード,アンチマジックガード
ヒールレイン,1135,1135,4080,名詞,一般,*,*,*,*,ヒールレイン,ヒールレイン,ヒールレイン
ビッグジャイアント,1135,1135,4080,名詞,一般,*,*,*,*,ビッグジャイアント,ビッグジャイアント,ビッグジャイアント
グラソード,1135,1135,4080,名詞,一般,*,*,*,*,グラソード,グラソード,グラソード
フェン,1135,1135,4119,名詞,一般,*,*,*,*,フェン,フェン,フェン
グレイプニール,1135,1135,4080,名詞,一般,*,*,*,*,グレイプニール,グレイプニール,グレイプニール
デスジャイアント,1135,1135,4080,名詞,一般,*,*,*,*,デスジャイアント,デスジャイアント,デスジャイアント
カラミティクロウ,1135,1135,4080,名詞,一般,*,*,*,*,カラミティクロウ,カラミティクロウ,カラミティクロウ
ガブリエル,1135,1135,4080,名詞,一般,*,*,*,*,ガブリエル,ガブリエル,ガブリエル
レヴィアタン,1135,1135,4080,名詞,一般,*,*,*,*,レヴィアタン,レヴィアタン,レヴィアタン
トマン,1135,1135,4084,名詞,一般,*,*,*,*,トマン,トマン,トマン
オカマ,1135,1135,4080,名詞,一般,*,*,*,*,オカマ,オカマ,オカマ
スピリットボム,1135,1135,4080,名詞,一般,*,*,*,*,スピリットボム,スピリットボム,スピリットボム
ホンマ,1135,1135,4069,名詞,一般,*,*,*,*,ホンマ,ホンマ,ホンマ
カウンターラプス,1135,1135,4080,名詞,一般,*,*,*,*,カウンターラプス,カウンターラプス,カウンターラプス
アークデプレッション,1135,1135,4080,名詞,一般,*,*,*,*,アークデプレッション,アークデプレッション,アークデプレッション
プロミネンスアクセラレーション,1135,1135,4080,名詞,一般,*,*,*,*,プロミネンスアクセラレーション,プロミネンスアクセラレーション,プロミネンスアクセラレーション
チェインエクスプロージョン,1135,1135,4080,名詞,一般,*,*,*,*,チェインエクスプロージョン,チェインエクスプロージョン,チェインエクスプロージョン
ザマー,1135,1135,4080,名詞,一般,*,*,*,*,ザマー,ザマー,ザマー
ゼリフ,1135,1135,4080,名詞,一般,*,*,*,*,ゼリフ,ゼリフ,ゼリフ
スッカラカン,1135,1135,4080,名詞,一般,*,*,*,*,スッカラカン,スッカラカン,スッカラカン
キチガイ,1135,1135,4080,名詞,一般,*,*,*,*,キチガイ,キチガイ,キチガイ
デスブレッシング,1135,1135,4080,名詞,一般,*,*,*,*,デスブレッシング,デスブレッシング,デスブレッシング
エネルギークリーチャー,1135,1135,4080,名詞,一般,*,*,*,*,エネルギークリーチャー,エネルギークリーチャー,エネルギークリーチャー
マイナスブレイク,1135,1135,4080,名詞,一般,*,*,*,*,マイナスブレイク,マイナスブレイク,マイナスブレイク
トリニティ,1135,1135,4080,名詞,一般,*,*,*,*,トリニティ,トリニティ,トリニティ
サンダーストーム,1135,1135,4080,名詞,一般,*,*,*,*,サンダーストーム,サンダーストーム,サンダーストーム
ドラゴンクロー,1135,1135,4080,名詞,一般,*,*,*,*,ドラゴンクロー,ドラゴンクロー,ドラゴンクロー
ウイングブレード,1135,1135,4080,名詞,一般,*,*,*,*,ウイングブレード,ウイングブレード,ウイングブレード
ブレード,1135,1135,4119,名詞,一般,*,*,*,*,ブレード,ブレード,ブレード
クエーサーブレイク,1135,1135,4080,名詞,一般,*,*,*,*,クエーサーブレイク,クエーサーブレイク,クエーサーブレイク
ファータイルパラドックス,1135,1135,4080,名詞,一般,*,*,*,*,ファータイルパラドックス,ファータイルパラドックス,ファータイルパラドックス
クレセントボウ,1135,1135,4080,名詞,一般,*,*,*,*,クレセントボウ,クレセントボウ,クレセントボウ
スターダストレイン,1135,1135,4080,名詞,一般,*,*,*,*,スターダストレイン,スターダストレイン,スターダストレイン
マナ,1135,1135,4260,名詞,一般,*,*,*,*,マナ,マナ,マナ
バスタードソード,1135,1135,4080,名詞,一般,*,*,*,*,バスタードソード,バスタードソード,バスタードソード
ユルガザルモノ,1135,1135,4080,名詞,一般,*,*,*,*,ユルガザルモノ,ユルガザルモノ,ユルガザルモノ
ワンマンアーミー,1135,1135,4080,名詞,一般,*,*,*,*,ワンマンアーミー,ワンマンアーミー,ワンマンアーミー
ファントムペイン,1135,1135,4080,名詞,一般,*,*,*,*,ファントムペイン,ファントムペイン,ファントムペイン
ラッキースケベ,1135,1135,4080,名詞,一般,*,*,*,*,ラッキースケベ,ラッキースケベ,ラッキースケベ
アサシネイション,1135,1135,4080,名詞,一般,*,*,*,*,アサシネイション,アサシネイション,アサシネイション
ドゥームエネミー,1135,1135,4080,名詞,一般,*,*,*,*,ドゥームエネミー,ドゥームエネミー,ドゥームエネミー
キヅクモノ,1135,1135,4055,名詞,一般,*,*,*,*,キヅクモノ,キヅクモノ,キヅクモノ
マテリアルシールド,1135,1135,4080,名詞,一般,*,*,*,*,マテリアルシールド,マテリアルシールド,マテリアルシールド
タガヤスモノ,1135,1135,4080,名詞,一般,*,*,*,*,タガヤスモノ,タガヤスモノ,タガヤスモノ
アドバンストウェポン,1135,1135,4080,名詞,一般,*,*,*,*,アドバンストウェポン,アドバンストウェポン,アドバンストウェポン
エレメンタルナイト,1135,1135,4080,名詞,一般,*,*,*,*,エレメンタルナイト,エレメンタルナイト,エレメンタルナイト
ソードウェポン,1135,1135,4080,名詞,一般,*,*,*,*,ソードウェポン,ソードウェポン,ソードウェポン
アンリミテッド,1135,1135,4080,名詞,一般,*,*,*,*,アンリミテッド,アンリミテッド,アンリミテッド
ジャスティスブリンガー,1135,1135,4080,名詞,一般,*,*,*,*,ジャスティスブリンガー,ジャスティスブリンガー,ジャスティスブリンガー
ボウウェポン,1135,1135,4080,名詞,一般,*,*,*,*,ボウウェポン,ボウウェポン,ボウウェポン
ブラックサンダー,1135,1135,4080,名詞,一般,*,*,*,*,ブラックサンダー,ブラックサンダー,ブラックサンダー
テンノサバキ,1135,1135,4080,名詞,一般,*,*,*,*,テンノサバキ,テンノサバキ,テンノサバキ
フォールンスピア,1135,1135,4080,名詞,一般,*,*,*,*,フォールンスピア,フォールンスピア,フォールンスピア
ドラゴニックボルテクス,1135,1135,4080,名詞,一般,*,*,*,*,ドラゴニックボルテクス,ドラゴニックボルテクス,ドラゴニックボルテクス
ヒュージシールド,1135,1135,4080,名詞,一般,*,*,*,*,ヒュージシールド,ヒュージシールド,ヒュージシールド
ブラフ,1135,1135,4080,名詞,一般,*,*,*,*,ブラフ,ブラフ,ブラフ
ゼロフィルウェーブ,1135,1135,4080,名詞,一般,*,*,*,*,ゼロフィルウェーブ,ゼロフィルウェーブ,ゼロフィルウェーブ
アポテオーシス,1135,1135,4080,名詞,一般,*,*,*,*,アポテオーシス,アポテオーシス,アポテオーシス
オクト,1135,1135,4080,名詞,一般,*,*,*,*,オクト,オクト,オクト
エクスカリバー,1135,1135,4080,名詞,一般,*,*,*,*,エクスカリバー,エクスカリバー,エクスカリバー
ミニドラ,1135,1135,4080,名詞,一般,*,*,*,*,ミニドラ,ミニドラ,ミニドラ
ディープブレット,1135,1135,4080,名詞,一般,*,*,*,*,ディープブレット,ディープブレット,ディープブレット
ナビゲート,1135,1135,4080,名詞,一般,*,*,*,*,ナビゲート,ナビゲート,ナビゲート
ミディアム,1135,1135,4080,名詞,一般,*,*,*,*,ミディアム,ミディアム,ミディアム
フォールンクルセイド,1135,1135,4080,名詞,一般,*,*,*,*,フォールンクルセイド,フォールンクルセイド,フォールンクルセイド
フィフスドラゴン,1135,1135,4080,名詞,一般,*,*,*,*,フィフスドラゴン,フィフスドラゴン,フィフスドラゴン
フリージングブレス,1135,1135,4080,名詞,一般,*,*,*,*,フリージングブレス,フリージングブレス,フリージングブレス
カーディナルレイン,1135,1135,4080,名詞,一般,*,*,*,*,カーディナルレイン,カーディナルレイン,カーディナルレイン
アルティメットドミニオン,1135,1135,4080,名詞,一般,*,*,*,*,アルティメットドミニオン,アルティメットドミニオン,アルティメットドミニオン
トゥルーワード,1135,1135,4080,名詞,一般,*,*,*,*,トゥルーワード,トゥルーワード,トゥルーワード
オルタレーション,1135,1135,4080,名詞,一般,*,*,*,*,オルタレーション,オルタレーション,オルタレーション
クトゥグア,1135,1135,4080,名詞,一般,*,*,*,*,クトゥグア,クトゥグア,クトゥグア
クトゥルフ,1135,1135,4080,名詞,一般,*,*,*,*,クトゥルフ,クトゥルフ,クトゥルフ
クトゥルウ,1135,1135,4080,名詞,一般,*,*,*,*,クトゥルウ,クトゥルウ,クトゥルウ
スノークリスタル,1135,1135,4080,名詞,一般,*,*,*,*,スノークリスタル,スノークリスタル,スノークリスタル
スピリチュアルダイブ,1135,1135,4080,名詞,一般,*,*,*,*,スピリチュアルダイブ,スピリチュアルダイブ,スピリチュアルダイブ
イグニッション,1135,1135,4080,名詞,一般,*,*,*,*,イグニッション,イグニッション,イグニッション
ホワイトアウトアブソーブ,1135,1135,4080,名詞,一般,*,*,*,*,ホワイトアウトアブソーブ,ホワイトアウトアブソーブ,ホワイトアウトアブソーブ
セセイション・ロスト,1135,1135,4080,名詞,一般,*,*,*,*,セセイション・ロスト,セセイション・ロスト,セセイション、ロスト
ソリディフィケーション,1135,1135,4080,名詞,一般,*,*,*,*,ソリディフィケーション,ソリディフィケーション,ソリディフィケーション
アブソーブ,1135,1135,4080,名詞,一般,*,*,*,*,アブソーブ,アブソーブ,アブソーブ
デスブリザード,1135,1135,4080,名詞,一般,*,*,*,*,デスブリザード,デスブリザード,デスブリザード
セレスティアルエンド,1135,1135,4080,名詞,一般,*,*,*,*,セレスティアルエンド,セレスティアルエンド,セレスティアルエンド
ダークネビュラ,1135,1135,4080,名詞,一般,*,*,*,*,ダークネビュラ,ダークネビュラ,ダークネビュラ
スターブレイカー,1135,1135,4080,名詞,一般,*,*,*,*,スターブレイカー,スターブレイカー,スターブレイカー
ジェネシス,1135,1135,4080,名詞,一般,*,*,*,*,ジェネシス,ジェネシス,ジェネシス
プリミティブマジック,1135,1135,4080,名詞,一般,*,*,*,*,プリミティブマジック,プリミティブマジック,プリミティブマジック
アカシックレコード,1135,1135,4080,名詞,一般,*,*,*,*,アカシックレコード,アカシックレコード,アカシックレコード
クロノサルテーション,1135,1135,4080,名詞,一般,*,*,*,*,クロノサルテーション,クロノサルテーション,クロノサルテーション
ディストピア,1135,1135,4080,名詞,一般,*,*,*,*,ディストピア,ディストピア,ディストピア
タイムリープ,1135,1135,4080,名詞,一般,*,*,*,*,タイムリープ,タイムリープ,タイムリープ
ノーデンス,1135,1135,4080,名詞,一般,*,*,*,*,ノーデンス,ノーデンス,ノーデンス
エレメンタル・ザ・ワールド,1135,1135,4080,名詞,一般,*,*,*,*,エレメンタル・ザ・ワールド,エレメンタルザワールド,エレメンタル、ザ、ワールド
エンド・ヴァイブレーション,1135,1135,4080,名詞,一般,*,*,*,*,エンド・ヴァイブレーション,エンドヴァイブレーション,エンド、ヴァイブレーション
アイスナーガ,1135,1135,4080,名詞,一般,*,*,*,*,アイスナーガ,アイスナーガ,アイスナーガ
アイスブレット,1135,1135,4080,名詞,一般,*,*,*,*,アイスブレット,アイスブレット,アイスブレット
アナグラムマジック,1135,1135,4080,名詞,一般,*,*,*,*,アナグラムマジック,アナグラムマジック,アナグラムマジック
イマジナリーブロウ,1135,1135,4080,名詞,一般,*,*,*,*,イマジナリーブロウ,イマジナリーブロウ,イマジナリーブロウ
ウェーブブラスト,1135,1135,4080,名詞,一般,*,*,*,*,ウェーブブラスト,ウェーブブラスト,ウェーブブラスト
エアブラスト,1135,1135,4080,名詞,一般,*,*,*,*,エアブラスト,エアブラスト,エアブラスト
エーテルリングバリア,1135,1135,4080,名詞,一般,*,*,*,*,エーテルリングバリア,エーテルリングバリア,エーテルリングバリア
エストロゲン,1135,1135,4080,名詞,一般,*,*,*,*,エストロゲン,エストロゲン,エストロゲン
エレメンタルフュージョン,1135,1135,4080,名詞,一般,*,*,*,*,エレメンタルフュージョン,エレメンタルフュージョン,エレメンタルフュージョン
オートバトルモード,1135,1135,4080,名詞,一般,*,*,*,*,オートバトルモード,オートバトルモード,オートバトルモード
オートマータ,1135,1135,4080,名詞,一般,*,*,*,*,オートマータ,オートマータ,オートマータ
オキシトシン,1135,1135,4080,名詞,一般,*,*,*,*,オキシトシン,オキシトシン,オキシトシン
カラミティ,1135,1135,4080,名詞,一般,*,*,*,*,カラミティ,カラミティ,カラミティ
ギガバスター,1135,1135,4080,名詞,一般,*,*,*,*,ギガバスター,ギガバスター,ギガバスター
キャンプファイアー,1135,1135,4080,名詞,一般,*,*,*,*,キャンプファイアー,キャンプファイアー,キャンプファイアー
クナイ,1135,1135,3913,名詞,一般,*,*,*,*,クナイ,クナイ,クナイ
グリードサーカス,1135,1135,4080,名詞,一般,*,*,*,*,グリードサーカス,グリードサーカス,グリードサーカス
クリエイトウェポン,1135,1135,4080,名詞,一般,*,*,*,*,クリエイトウェポン,クリエイトウェポン,クリエイトウェポン
グローリーナイツ,1135,1135,4080,名詞,一般,*,*,*,*,グローリーナイツ,グローリーナイツ,グローリーナイツ
グローリーナイト,1135,1135,4080,名詞,一般,*,*,*,*,グローリーナイト,グローリーナイト,グローリーナイト
サイバーボディ,1135,1135,4080,名詞,一般,*,*,*,*,サイバーボディ,サイバーボディ,サイバーボディ
サイボーグソルジャー,1135,1135,4080,名詞,一般,*,*,*,*,サイボーグソルジャー,サイボーグソルジャー,サイボーグソルジャー
サムズアップ,1135,1135,4080,名詞,一般,*,*,*,*,サムズアップ,サムズアップ,サムズアップ
サモナー,1135,1135,4080,名詞,一般,*,*,*,*,サモナー,サモナー,サモナー
サンドスコーピオン,1135,1135,4080,名詞,一般,*,*,*,*,サンドスコーピオン,サンドスコーピオン,サンドスコーピオン
ダークサモナー,1135,1135,4080,名詞,一般,*,*,*,*,ダークサモナー,ダークサモナー,ダークサモナー
タイタニウム,1135,1135,4080,名詞,一般,*,*,*,*,タイタニウム,タイタニウム,タイタニウム
ツインサーペント,1135,1135,4080,名詞,一般,*,*,*,*,ツインサーペント,ツインサーペント,ツインサーペント
ディファレントゲート,1135,1135,4080,名詞,一般,*,*,*,*,ディファレントゲート,ディファレントゲート,ディファレントゲート
テンペストエアライン,1135,1135,4080,名詞,一般,*,*,*,*,テンペストエアライン,テンペストエアライン,テンペストエアライン
ドラゴーーーーン,1135,1135,4080,名詞,一般,*,*,*,*,ドラゴーーーーン,ドラゴーーーーン,ドラゴーーーーン
ドラゴニックアーマー,1135,1135,4080,名詞,一般,*,*,*,*,ドラゴニックアーマー,ドラゴニックアーマー,ドラゴニックアーマー
ドラゴンパーーーンチ,1135,1135,4080,名詞,一般,*,*,*,*,ドラゴンパーーーンチ,ドラゴンパーーーンチ,ドラゴンパーーーンチ
ドリルブレイク,1135,1135,4080,名詞,一般,*,*,*,*,ドリルブレイク,ドリルブレイク,ドリルブレイク
ニュートロンランチャー,1135,1135,4080,名詞,一般,*,*,*,*,ニュートロンランチャー,ニュートロンランチャー,ニュートロンランチャー
バイオノイド,1135,1135,4080,名詞,一般,*,*,*,*,バイオノイド,バイオノイド,バイオノイド
ハイパーインパクト,1135,1135,4080,名詞,一般,*,*,*,*,ハイパーインパクト,ハイパーインパクト,ハイパーインパクト
バスターナックル,1135,1135,4080,名詞,一般,*,*,*,*,バスターナックル,バスターナックル,バスターナックル
パラサイトブレスレット,1135,1135,4080,名詞,一般,*,*,*,*,パラサイトブレスレット,パラサイトブレスレット,パラサイトブレスレット
パワードアーマー,1135,1135,4080,名詞,一般,*,*,*,*,パワードアーマー,パワードアーマー,パワードアーマー
パワードスーツ,1135,1135,4080,名詞,一般,*,*,*,*,パワードスーツ,パワードスーツ,パワードスーツ
バンカーバスター,1135,1135,4080,名詞,一般,*,*,*,*,バンカーバスター,バンカーバスター,バンカーバスター
ヒートニードル,1135,1135,4080,名詞,一般,*,*,*,*,ヒートニードル,ヒートニードル,ヒートニードル
ファータイルパラドックス,1135,1135,4080,名詞,一般,*,*,*,*,ファータイルパラドックス,ファータイルパラドックス,ファータイルパラドックス
プラズマガトリング,1135,1135,4080,名詞,一般,*,*,*,*,プラズマガトリング,プラズマガトリング,プラズマガトリング
ブランチャ,1135,1135,4080,名詞,一般,*,*,*,*,ブランチャ,ブランチャ,ブランチャ
フリージングダンス,1135,1135,4080,名詞,一般,*,*,*,*,フリージングダンス,フリージングダンス,フリージングダンス
プリミティブワード,1135,1135,4080,名詞,一般,*,*,*,*,プリミティブワード,プリミティブワード,プリミティブワード
ヘドログリフォン,1135,1135,4080,名詞,一般,*,*,*,*,ヘドログリフォン,ヘドログリフォン,ヘドログリフォン
ポイズンタイガー,1135,1135,4080,名詞,一般,*,*,*,*,ポイズンタイガー,ポイズンタイガー,ポイズンタイガー
ポイズンブラッド,1135,1135,4080,名詞,一般,*,*,*,*,ポイズンブラッド,ポイズンブラッド,ポイズンブラッド
マーダードッグ,1135,1135,4080,名詞,一般,*,*,*,*,マーダードッグ,マーダードッグ,マーダードッグ
マシーナリーアーツ,1135,1135,4080,名詞,一般,*,*,*,*,マシーナリーアーツ,マシーナリーアーツ,マシーナリーアーツ
マシーナリーフォー,1135,1135,4080,名詞,一般,*,*,*,*,マシーナリーフォー,マシーナリーフォー,マシーナリーフォー
マジックジャマー,1135,1135,4080,名詞,一般,*,*,*,*,マジックジャマー,マジックジャマー,マジックジャマー
マジュジュ,1135,1135,4080,名詞,一般,*,*,*,*,マジュジュ,マジュジュ,マジュジュ
ラミティ,1135,1135,4080,名詞,一般,*,*,*,*,ラミティ,ラミティ,ラミティ
レーション,1135,1135,4081,名詞,一般,*,*,*,*,レーション,レーション,レーション
ローダラーン,1135,1135,4080,名詞,一般,*,*,*,*,ローダラーン,ローダラーン,ローダラーン
ロケットパーーーーーンチ,1135,1135,4080,名詞,一般,*,*,*,*,ロケットパーーーーーンチ,ロケットパーーーーーンチ,ロケットパーーーーーンチ
ロックエレファント,1135,1135,4080,名詞,一般,*,*,*,*,ロックエレファント,ロックエレファント,ロックエレファント
ロボティクスユートピア,1135,1135,4080,名詞,一般,*,*,*,*,ロボティクスユートピア,ロボティクスユートピア,ロボティクスユートピア
クアーーーハハハハハ,3,3,3717,副詞,一般,*,*,*,*,クアーーーハハハハハ,クアーーーハハハハハ,クアーーーハハハハハ
パァーーーーーン,3,3,3717,副詞,一般,*,*,*,*,パァーーーーーン,パァーーーーーン,パァーーーーーン
クアハハハ,3,3,3717,副詞,一般,*,*,*,*,クアハハハ,クアハハハ,クアハハハ
クハッ,3,3,3717,副詞,一般,*,*,*,*,クハッ,クハッ,クハッ
クハハハハ,3,3,3717,副詞,一般,*,*,*,*,クハハハハ,クハハハハ,クハハハハ
クアハハハッ,3,3,3717,副詞,一般,*,*,*,*,クアハハハッ,クアハハハッ,クアハハハッ
クアーーーハッハッハ,3,3,3717,副詞,一般,*,*,*,*,クアーーーハッハッハ,クアーーーハッハッハ,クアーーーハッハッハ
ブキュイーーー,3,3,3717,副詞,一般,*,*,*,*,ブキュイーーー,ブキュイーーー,ブキュイーーー
クアーーー,3,3,3717,副詞,一般,*,*,*,*,クアーーー,クアーーー,クアーーー
グヌゥ,3,3,3717,副詞,一般,*,*,*,*,グヌゥ,グヌゥ,グヌゥ
ぐぬうぅ,3,3,4803,副詞,一般,*,*,*,*,ぐぬうぅ,グヌウゥ,グヌウゥ
グワァッハハハハハ,3,3,3717,副詞,一般,*,*,*,*,グワァッハハハハハ,グワァッハハハハハ,グワァッハハハハハ
ワハハハハ,3,3,3717,副詞,一般,*,*,*,*,ワハハハハ,ワハハハハ,ワハハハハ
クハ,3,3,3717,副詞,一般,*,*,*,*,クハ,クハ,クハ
クハハハハハ,3,3,3717,副詞,一般,*,*,*,*,クハハハハハ,クハハハハハ,クハハハハハ
キュィ,3,3,3717,副詞,一般,*,*,*,*,キュィ,キュィ,キュィ
キュィーー,3,3,3717,副詞,一般,*,*,*,*,キュィーー,キュィーー,キュィーー
クア,3,3,3717,副詞,一般,*,*,*,*,クア,クア,クア
クァーーーッハッハッハ,3,3,3717,副詞,一般,*,*,*,*,クァーーーッハッハッハ,クァーーーッハッハッハ,クァーーーッハッハッハ
クアーーーッハッハッハッ,3,3,3717,副詞,一般,*,*,*,*,クアーーーッハッハッハッ,クアーーーッハッハッハッ,クアーーーッハッハッハッ
クアーーーッハッハッハッハ,3,3,3717,副詞,一般,*,*,*,*,クアーーーッハッハッハッハ,クアーーーッハッハッハッハ,クアーーーッハッハッハッハ
クァーッハッハッハッ,3,3,3717,副詞,一般,*,*,*,*,クァーッハッハッハッ,クァーッハッハッハッ,クァーッハッハッハッ
クアッハッハッハ,3,3,3717,副詞,一般,*,*,*,*,クアッハッハッハ,クアッハッハッハ,クアッハッハッハ
クィッ,3,3,3717,副詞,一般,*,*,*,*,クィッ,クィッ,クィッ
クッハッハ,3,3,3717,副詞,一般,*,*,*,*,クッハッハ,クッハッハ,クッハッハ
クッハッハッハッハッハ,3,3,3717,副詞,一般,*,*,*,*,クッハッハッハッハッハ,クッハッハッハッハッハ,クッハッハッハッハッハ
クハハ,3,3,3717,副詞,一般,*,*,*,*,クハハ,クハハ,クハハ
クハハハ,3,3,3717,副詞,一般,*,*,*,*,クハハハ,クハハハ,クハハハ
グルァアアアーーーー,3,3,3717,副詞,一般,*,*,*,*,グルァアアアーーーー,グルァアアアーーーー,グルァアアアーーーー
グワーーーッ,3,3,3717,副詞,一般,*,*,*,*,グワーーーッ,グワーーーッ,グワーーーッ
ゴブイチ,3,3,3717,副詞,一般,*,*,*,*,ゴブイチ,ゴブイチ,ゴブイチ
コラプサー,3,3,3717,副詞,一般,*,*,*,*,コラプサー,コラプサー,コラプサー
ハーーーッハッハッハ,3,3,3717,副詞,一般,*,*,*,*,ハーーーッハッハッハ,ハーーーッハッハッハ,ハーーーッハッハッハ
ハーーーハッハッハ,3,3,3717,副詞,一般,*,*,*,*,ハーーーハッハッハ,ハーーーハッハッハ,ハーーーハッハッハ
ワハハハハハ,3,3,3717,副詞,一般,*,*,*,*,ワハハハハハ,ワハハハハハ,ワハハハハハ
クソボケ,1135,1135,4080,名詞,一般,*,*,*,*,クソボケ,クソボケ,クソボケ
グレートソード,1135,1135,4080,名詞,一般,*,*,*,*,グレートソード,グレートソード,グレートソード
クソトカゲ,1135,1135,4080,名詞,一般,*,*,*,*,クソトカゲ,クソトカゲ,クソトカゲ
マジックソード,1135,1135,4080,名詞,一般,*,*,*,*,マジックソード,マジックソード,マジックソード
サリエル,1141,1141,3327,名詞,固有名詞,人名,一般,*,*,サリエル,サリエル,サリエル
ゼロ,1141,1141,2607,名詞,固有名詞,人名,一般,*,*,ゼロ,ゼロ,ゼロ
ガラシャ,1141,1141,3327,名詞,固有名詞,人名,一般,*,*,ガラシャ,ガラシャ,ガラシャ
ルシア,1141,1141,3336,名詞,固有名詞,人名,一般,*,*,ルシア,ルシア,ルシア
崩羽,1135,1135,4748,名詞,一般,*,*,*,*,崩羽,クズハ,クズハ
ウィリアム・ロアーズ,1141,1141,3327,名詞,固有名詞,人名,一般,*,*,ウィリアム・ロアーズ,ウィリアム・ロアーズ,ウィリアム・ロアーズ
ウィリアム,1141,1141,3350,名詞,固有名詞,人名,一般,*,*,ウィリアム,ウィリアム,ウィリアム
ユリウス,1141,1141,3322,名詞,固有名詞,人名,一般,*,*,ユリウス,ユリウス,ユリウス
シャルマ,1141,1141,3327,名詞,固有名詞,人名,一般,*,*,シャルマ,シャルマ,シャルマ
ガーディアンドール,1135,1135,4080,名詞,一般,*,*,*,*,ガーディアンドール,ガーディアンドール,ガーディアンドール
ヴェルドラソード,1135,1135,4080,名詞,一般,*,*,*,*,ヴェルドラソード,ヴェルドラソード,ヴェルドラソード
インテリジェンスソード,1135,1135,4080,名詞,一般,*,*,*,*,インテリジェンスソード,インテリジェンスソード,インテリジェンスソード
レールキャノン,1135,1135,4080,名詞,一般,*,*,*,*,レールキャノン,レールキャノン,レールキャノン
破界,1135,1135,4748,名詞,一般,*,*,*,*,破界,ハカイ,ハカイ
ナスカ,1135,1135,4080,名詞,一般,*,*,*,*,ナスカ,ナスカ,ナスカ
ノーマルソード,1135,1135,4080,名詞,一般,*,*,*,*,ノーマルソード,ノーマルソード,ノーマルソード
ハーフエルフ,1135,1135,4080,名詞,一般,*,*,*,*,ハーフエルフ,ハーフエルフ,ハーフエルフ
エルメシア,1135,1135,4080,名詞,一般,*,*,*,*,エルメシア,エルメシア,エルメシア
ユニークモンスター,1135,1135,4080,名詞,一般,*,*,*,*,ユニークモンスター,ユニークモンスター,ユニークモンスター
ゴブリンライダー,1135,1135,4080,名詞,一般,*,*,*,*,ゴブリンライダー,ゴブリンライダー,ゴブリンライダー
エリクサー,1135,1135,4080,名詞,一般,*,*,*,*,エリクサー,エリクサー,エリクサー
オークキング,1135,1135,4080,名詞,一般,*,*,*,*,オークキング,オークキング,オークキング
クレイマン,1135,1135,4080,名詞,一般,*,*,*,*,クレイマン,クレイマン,クレイマン
アンデットキング,1135,1135,4080,名詞,一般,*,*,*,*,アンデットキング,アンデットキング,アンデットキング
アダルマン,1135,1135,6305,名詞,一般,*,*,*,*,アダルマン,アダルマン,アダルマン
フロアボス,1135,1135,4080,名詞,一般,*,*,*,*,フロアボス,フロアボス,フロアボス
クリシュナ,1135,1135,4080,名詞,一般,*,*,*,*,クリシュナ,クリシュナ,クリシュナ
セントラルコア,1135,1135,4080,名詞,一般,*,*,*,*,セントラルコア,セントラルコア,セントラルコア
アルベルト,1135,1135,4080,名詞,一般,*,*,*,*,アルベルト,アルベルト,アルベルト
アリオス,1135,1135,4080,名詞,一般,*,*,*,*,アリオス,アリオス,アリオス
本須,1143,1143,8372,名詞,固有名詞,人名,姓,*,*,本須,モトス,モトス
古城,1143,1143,6811,名詞,固有名詞,人名,姓,*,*,古城,フルキ,フルキ
ウィリアム・ロアーズ,1141,1141,3327,名詞,固有名詞,人名,一般,*,*,ウィリアム・ロアーズ,ウィリアム・ロアーズ,ウィリアムロアーズ
シャルル,1142,1142,4921,名詞,固有名詞,人名,名,*,*,シャルル,シャルル,シャルル
エンド・オブ・ワールド,1135,1135,4080,名詞,一般,*,*,*,*,エンド・オブ・ワールド,エンド・オブ・ワールド,エンドオブワールド
モンスターランド,1135,1135,4080,名詞,一般,*,*,*,*,モンスターランド,モンスターランド,モンスターランド
トゥーリィ,1142,1142,4921,名詞,固有名詞,人名,名,*,*,トゥーリィ,トゥーリィ,トゥーリィ
トゥーリッ,1142,1142,4921,名詞,固有名詞,人名,名,*,*,トゥーリッ,トゥーリッ,トゥーリッ
ハイルリーゼ,1135,1135,4080,名詞,一般,*,*,*,*,ハイルリーゼ,ハイルリーゼ,ハイルリーゼ
ラザンタルク,1135,1135,4080,名詞,一般,*,*,*,*,ラザンタルク,ラザンタルク,ラザンタルク
ケントリプス,1135,1135,4080,名詞,一般,*,*,*,*,ケントリプス,ケントリプス,ケントリプス
ブルーメフェルト,1135,1135,4080,名詞,一般,*,*,*,*,ブルーメフェルト,ブルーメフェルト,ブルーメフェルト
コリンツダウム,1135,1135,4080,名詞,一般,*,*,*,*,コリンツダウム,コリンツダウム,コリンツダウム
ガウスビュッテル,1135,1135,4080,名詞,一般,*,*,*,*,ガウスビュッテル,ガウスビュッテル,ガウスビュッテル
アインリーベ,1135,1135,4080,名詞,一般,*,*,*,*,アインリーベ,アインリーベ,アインリーベ
ラオフェレーグ,1135,1135,4080,名詞,一般,*,*,*,*,ラオフェレーグ,ラオフェレーグ,ラオフェレーグ
ルングターゼ,1135,1135,4080,名詞,一般,*,*,*,*,ルングターゼ,ルングターゼ,ルングターゼ
ルイポルト,1135,1135,4080,名詞,一般,*,*,*,*,ルイポルト,ルイポルト,ルイポルト
ベルシュマン,1135,1135,4080,名詞,一般,*,*,*,*,ベルシュマン,ベルシュマン,ベルシュマン
ノイエハウゼン,1135,1135,4080,名詞,一般,*,*,*,*,ノイエハウゼン,ノイエハウゼン,ノイエハウゼン
レームブルック,1135,1135,4080,名詞,一般,*,*,*,*,レームブルック,レームブルック,レームブルック
エラントゥーラ,1135,1135,4080,名詞,一般,*,*,*,*,エラントゥーラ,エラントゥーラ,エラントゥーラ
アウブ・コリンツダウム,1135,1135,4080,名詞,一般,*,*,*,*,アウブ・コリンツダウム,アウブ・コリンツダウム,アウブ・コリンツダウム
ボーネルビス,1135,1135,4080,名詞,一般,*,*,*,*,ボーネルビス,ボーネルビス,ボーネルビス
ヘルルーガ,1135,1135,4080,名詞,一般,*,*,*,*,ヘルルーガ,ヘルルーガ,ヘルルーガ
ヴェントゥヒーテ,1135,1135,4080,名詞,一般,*,*,*,*,ヴェントゥヒーテ,ヴェントゥヒーテ,ヴェントゥヒーテ
シュテルラート,1135,1135,4080,名詞,一般,*,*,*,*,シュテルラート,シュテルラート,シュテルラート
ディナン,1135,1135,4081,名詞,一般,*,*,*,*,ディナン,ディナン,ディナン
ツエルプベルク,1135,1135,4080,名詞,一般,*,*,*,*,ツエルプベルク,ツエルプベルク,ツエルプベルク
シュルーメ,1135,1135,4080,名詞,一般,*,*,*,*,シュルーメ,シュルーメ,シュルーメ
ゼレール,1135,1135,4080,名詞,一般,*,*,*,*,ゼレール,ゼレール,ゼレール
ブレンヴェルメ,1135,1135,4080,名詞,一般,*,*,*,*,ブレンヴェルメ,ブレンヴェルメ,ブレンヴェルメ
ヘルヴォル,1135,1135,4080,名詞,一般,*,*,*,*,ヘルヴォル,ヘルヴォル,ヘルヴォル
ジークリンデ,1135,1135,4080,名詞,一般,*,*,*,*,ジークリンデ,ジークリンデ,ジークリンデ
エルーシア,1135,1135,4080,名詞,一般,*,*,*,*,エルーシア,エルーシア,エルーシア
ヴェントンヒーテ,1135,1135,4080,名詞,一般,*,*,*,*,ヴェントンヒーテ,ヴェントンヒーテ,ヴェントンヒーテ
メリヤ,1135,1135,4080,名詞,一般,*,*,*,*,メリヤ,メリヤ,メリヤ
オカラホットケーキ,1135,1135,4080,名詞,一般,*,*,*,*,オカラホットケーキ,オカラホットケーキ,オカラホットケーキ
パルゥケーキ,1135,1135,4080,名詞,一般,*,*,*,*,パルゥケーキ,パルゥケーキ,パルゥケーキ
オカラハンバーグ,1135,1135,4080,名詞,一般,*,*,*,*,オカラハンバーグ,オカラハンバーグ,オカラハンバーグ
パルゥバーグ,1135,1135,4080,名詞,一般,*,*,*,*,パルゥバーグ,パルゥバーグ,パルゥバーグ
ネンドバン,1135,1135,4080,名詞,一般,*,*,*,*,ネンドバン,ネンドバン,ネンドバン
ギルドカード,1135,1135,4080,名詞,一般,*,*,*,*,ギルドカード,ギルドカード,ギルドカード
エディル,1135,1135,4080,名詞,一般,*,*,*,*,エディル,エディル,エディル
スラーモ,1135,1135,4080,名詞,一般,*,*,*,*,スラーモ,スラーモ,スラーモ
スーラモ,1135,1135,4080,名詞,一般,*,*,*,*,スーラモ,スーラモ,スーラモ
メリル,1135,1135,4080,名詞,一般,*,*,*,*,メリル,メリル,メリル
シュピンネ,1135,1135,4080,名詞,一般,*,*,*,*,シュピンネ,シュピンネ,シュピンネ
レグラース,1135,1135,4080,名詞,一般,*,*,*,*,レグラース,レグラース,レグラース
レージ,1135,1135,4080,名詞,一般,*,*,*,*,レージ,レージ,レージ
カンイチャンリンシャン,1135,1135,4080,名詞,一般,*,*,*,*,カンイチャンリンシャン,カンイチャンリンシャン,カンイチャンリンシャン
ポカン,3,3,3717,副詞,一般,*,*,*,*,ポカン,ポカン,ポカン
ニヨニヨ,3,3,3717,副詞,一般,*,*,*,*,ニヨニヨ,ニヨニヨ,ニヨニヨ
ぎっちり,3,3,4803,副詞,一般,*,*,*,*,ぎっちり,ぎっちり,ギッチリ
ぐわんぐわんと,3,3,4803,副詞,一般,*,*,*,*,ぐわんぐわんと,ぐわんぐわんと,グワングワント
ガッシャガッシャ,3,3,3717,副詞,一般,*,*,*,*,ガッシャガッシャ,ガッシャガッシャ,ガッシャガッシャ
バタン,3,3,3717,副詞,一般,*,*,*,*,バタン,バタン,バタン
ズザザザ,3,3,3717,副詞,一般,*,*,*,*,ズザザザ,ズザザザ,ズザザザ
ギシッギシッ,3,3,3717,副詞,一般,*,*,*,*,ギシッギシッ,ギシッギシッ,ギシッギシッ
カッポカッポ,3,3,3717,副詞,一般,*,*,*,*,カッポカッポ,カッポカッポ,カッポカッポ
ぎっちりと,3,3,4803,副詞,一般,*,*,*,*,ぎっちりと,ぎっちりと,ギッチリト
ポテポテ,3,3,3717,副詞,一般,*,*,*,*,ポテポテ,ポテポテ,ポテポテ
ブシャアッ,3,3,3717,副詞,一般,*,*,*,*,ブシャアッ,ブシャアッ,ブシャアッ
ピシピシッ,3,3,3717,副詞,一般,*,*,*,*,ピシピシッ,ピシピシッ,ピシピシッ
ダメッ,3,3,3717,副詞,一般,*,*,*,*,ダメッ,ダメッ,ダメッ
ダバッ,3,3,3717,副詞,一般,*,*,*,*,ダバッ,ダバッ,ダバッ
クピクピッ,3,3,3717,副詞,一般,*,*,*,*,クピクピッ,クピクピッ,クピクピッ
プハーッ,3,3,3717,副詞,一般,*,*,*,*,プハーッ,プハーッ,プハーッ
ジョリジョリ,3,3,3717,副詞,一般,*,*,*,*,ジョリジョリ,ジョリジョリ,ジョリジョリ
パキン,3,3,3717,副詞,一般,*,*,*,*,パキン,パキン,パキン
ザカザカ,3,3,3717,副詞,一般,*,*,*,*,ザカザカ,ザカザカ,ザカザカ
ドナドナ,3,3,3717,副詞,一般,*,*,*,*,ドナドナ,ドナドナ,ドナドナ
ペイッ,3,3,3717,副詞,一般,*,*,*,*,ペイッ,ペイッ,ペイッ
ブスッ,3,3,3717,副詞,一般,*,*,*,*,ブスッ,ブスッ,ブスッ
ドッパドッパ,3,3,3717,副詞,一般,*,*,*,*,ドッパドッパ,ドッパドッパ,ドッパドッパ
ゴロン,3,3,3717,副詞,一般,*,*,*,*,ゴロン,ゴロン,ゴロン
ジュウウゥゥ,3,3,3717,副詞,一般,*,*,*,*,ジュウウゥゥ,ジュウウゥゥ,ジュウウゥゥ
テンパ,3,3,3717,副詞,一般,*,*,*,*,テンパ,テンパ,テンパ
ぴとりと,3,3,4803,副詞,一般,*,*,*,*,ぴとりと,ぴとりと,ピトリト
ザリザリザリザリ,3,3,3717,副詞,一般,*,*,*,*,ザリザリザリザリ,ザリザリザリザリ,ザリザリザリザリ
ザリザリ,3,3,3717,副詞,一般,*,*,*,*,ザリザリ,ザリザリ,ザリザリ
ガッガッガッ,3,3,3717,副詞,一般,*,*,*,*,ガッガッガッ,ガッガッガッ,ガッガッガッ
ぐにぐにこねこねして,3,3,4803,副詞,一般,*,*,*,*,ぐにぐにこねこねして,ぐにぐにこねこねして,グニグニコネコネシテ
バカバカバカ,3,3,3717,副詞,一般,*,*,*,*,バカバカバカ,バカバカバカ,バカバカバカ
バカーン,3,3,3717,副詞,一般,*,*,*,*,バカーン,バカーン,バカーン
ポンコツ,3,3,3717,副詞,一般,*,*,*,*,ポンコツ,ポンコツ,ポンコツ
ズビッ,3,3,3717,副詞,一般,*,*,*,*,ズビッ,ズビッ,ズビッ
ゴトン,3,3,3717,副詞,一般,*,*,*,*,ゴトン,ゴトン,ゴトン
ダンッ,3,3,3717,副詞,一般,*,*,*,*,ダンッ,ダンッ,ダンッ
プチッ,3,3,3717,副詞,一般,*,*,*,*,プチッ,プチッ,プチッ
カクン,3,3,3717,副詞,一般,*,*,*,*,カクン,カクン,カクン
チカッ,3,3,3715,副詞,一般,*,*,*,*,チカッ,チカッ,チカッ
ショリショリ,3,3,3717,副詞,一般,*,*,*,*,ショリショリ,ショリショリ,ショリショリ
クーピー,3,3,3717,副詞,一般,*,*,*,*,クーピー,クーピー,クーピー
パパパパン,3,3,3717,副詞,一般,*,*,*,*,パパパパン,パパパパン,パパパパン
パパン,3,3,3717,副詞,一般,*,*,*,*,パパン,パパン,パパン
クンクン,3,3,3717,副詞,一般,*,*,*,*,クンクン,クンクン,クンクン
ダパッ,3,3,3717,副詞,一般,*,*,*,*,ダパッ,ダパッ,ダパッ
ジュワジュワ,3,3,3717,副詞,一般,*,*,*,*,ジュワジュワ,ジュワジュワ,ジュワジュワ
ガニガニ,3,3,3717,副詞,一般,*,*,*,*,ガニガニ,ガニガニ,ガニガニ
プラプラ,3,3,3717,副詞,一般,*,*,*,*,プラプラ,プラプラ,プラプラ
ペロッ,3,3,3717,副詞,一般,*,*,*,*,ペロッ,ペロッ,ペロッ
ぷくりと,3,3,4803,副詞,一般,*,*,*,*,ぷくりと,ぷくりと,プクリト
バクンバクン,3,3,3717,副詞,一般,*,*,*,*,バクンバクン,バクンバクン,バクンバクン
ドカドカ,3,3,3717,副詞,一般,*,*,*,*,ドカドカ,ドカドカ,ドカドカ
ズワン,3,3,3717,副詞,一般,*,*,*,*,ズワン,ズワン,ズワン
ムキムキ,3,3,3717,副詞,一般,*,*,*,*,ムキムキ,ムキムキ,ムキムキ
ペシリ,3,3,3717,副詞,一般,*,*,*,*,ペシリ,ペシリ,ペシリ
ポトン,3,3,3717,副詞,一般,*,*,*,*,ポトン,ポトン,ポトン
ザザッ,3,3,3717,副詞,一般,*,*,*,*,ザザッ,ザザッ,ザザッ
トロン,3,3,3717,副詞,一般,*,*,*,*,トロン,トロン,トロン
ぷらぷらと,3,3,4803,副詞,一般,*,*,*,*,ぷらぷらと,ぷらぷらと,プラプラト
クラン,3,3,3717,副詞,一般,*,*,*,*,クラン,クラン,クラン
ドキリ,3,3,3717,副詞,一般,*,*,*,*,ドキリ,ドキリ,ドキリ
チャリチャリ,3,3,3717,副詞,一般,*,*,*,*,チャリチャリ,チャリチャリ,チャリチャリ
ぎゅぅっと,3,3,4803,副詞,一般,*,*,*,*,ぎゅぅっと,ぎゅぅっと,ギュゥット
ヤキモチ,3,3,3716,副詞,一般,*,*,*,*,ヤキモチ,ヤキモチ,ヤキモチ
バクッ,3,3,3717,副詞,一般,*,*,*,*,バクッ,バクッ,バクッ
むぐむぐと,3,3,4803,副詞,一般,*,*,*,*,むぐむぐと,むぐむぐと,ムグムグト
ツルプル,3,3,3717,副詞,一般,*,*,*,*,ツルプル,ツルプル,ツルプル
ポソリ,3,3,3717,副詞,一般,*,*,*,*,ポソリ,ポソリ,ポソリ
ぎろりと,3,3,4803,副詞,一般,*,*,*,*,ぎろりと,ぎろりと,ギロリト
ヌースト,3,3,3717,副詞,一般,*,*,*,*,ヌースト,ヌースト,ヌースト
チャリチャリン,3,3,3717,副詞,一般,*,*,*,*,チャリチャリン,チャリチャリン,チャリチャリン
ぷくぅっと,3,3,4803,副詞,一般,*,*,*,*,ぷくぅっと,ぷくぅっと,プクゥット
プツリ,3,3,3717,副詞,一般,*,*,*,*,プツリ,プツリ,プツリ
グオォォッ,3,3,3717,副詞,一般,*,*,*,*,グオォォッ,グオォォッ,グオォォッ
ぎゅぎゅっとまとめて,3,3,4803,副詞,一般,*,*,*,*,ぎゅぎゅっとまとめて,ぎゅぎゅっとまとめて,ギュギュットマトメテ
トプン,3,3,3717,副詞,一般,*,*,*,*,トプン,トプン,トプン
ザパァッ,3,3,3717,副詞,一般,*,*,*,*,ザパァッ,ザパァッ,ザパァッ
ザパザパ,3,3,3717,副詞,一般,*,*,*,*,ザパザパ,ザパザパ,ザパザパ
ザパリ,3,3,3717,副詞,一般,*,*,*,*,ザパリ,ザパリ,ザパリ
パシャリ,3,3,3717,副詞,一般,*,*,*,*,パシャリ,パシャリ,パシャリ
ツッコミ,3,3,3716,副詞,一般,*,*,*,*,ツッコミ,ツッコミ,ツッコミ
ぷくぅと,3,3,4803,副詞,一般,*,*,*,*,ぷくぅと,ぷくぅと,プクゥト
ぎゅぎゅっと,3,3,4803,副詞,一般,*,*,*,*,ぎゅぎゅっと,ぎゅぎゅっと,ギュギュット
コロッ,3,3,3717,副詞,一般,*,*,*,*,コロッ,コロッ,コロッ
ょんっ,3,3,4803,副詞,一般,*,*,*,*,ょんっ,ょんっ,ョンッ
ダンダン,3,3,3800,副詞,一般,*,*,*,*,ダンダン,ダンダン,ダンダン
ガクガクブルブル,3,3,3717,副詞,一般,*,*,*,*,ガクガクブルブル,ガクガクブルブル,ガクガクブルブル
ぷぷっと,3,3,4803,副詞,一般,*,*,*,*,ぷぷっと,ぷぷっと,ププット
ホクホク,3,3,3717,副詞,一般,*,*,*,*,ホクホク,ホクホク,ホクホク
ペシッ,3,3,3717,副詞,一般,*,*,*,*,ペシッ,ペシッ,ペシッ
クピッ,3,3,3717,副詞,一般,*,*,*,*,クピッ,クピッ,クピッ
ピュイッ,3,3,3717,副詞,一般,*,*,*,*,ピュイッ,ピュイッ,ピュイッ
プツッ,3,3,3717,副詞,一般,*,*,*,*,プツッ,プツッ,プツッ
ケンケン,3,3,3719,副詞,一般,*,*,*,*,ケンケン,ケンケン,ケンケン
ププッ,3,3,3717,副詞,一般,*,*,*,*,ププッ,ププッ,ププッ
カツカツ,3,3,3717,副詞,一般,*,*,*,*,カツカツ,カツカツ,カツカツ
ゲフンゲフン,3,3,3717,副詞,一般,*,*,*,*,ゲフンゲフン,ゲフンゲフン,ゲフンゲフン
プイッ,3,3,3717,副詞,一般,*,*,*,*,プイッ,プイッ,プイッ
ドサリ,3,3,3717,副詞,一般,*,*,*,*,ドサリ,ドサリ,ドサリ
オハナシアイ,3,3,3717,副詞,一般,*,*,*,*,オハナシアイ,オハナシアイ,オハナシアイ
むぐむぐ,3,3,4803,副詞,一般,*,*,*,*,むぐむぐ,ムグムグト,ムグムグト
シャクシャク,3,3,3717,副詞,一般,*,*,*,*,シャクシャク,シャクシャク,シャクシャク
ググッ,3,3,3717,副詞,一般,*,*,*,*,ググッ,ググッ,ググッ
ウハウハ,3,3,3717,副詞,一般,*,*,*,*,ウハウハ,ウハウハ,ウハウハ
ガーッ,3,3,3717,副詞,一般,*,*,*,*,ガーッ,ガーッ,ガーッ
パァン,3,3,3717,副詞,一般,*,*,*,*,パァン,パァン,パァン
ニイッ,3,3,3717,副詞,一般,*,*,*,*,ニイッ,ニイッ,ニイッ
ポポイ,3,3,3717,副詞,一般,*,*,*,*,ポポイ,ポポイ,ポポイ
ぴらりと,3,3,4803,副詞,一般,*,*,*,*,ぴらりと,ピラリト,ピラリト
デコボコ,3,3,3863,副詞,一般,*,*,*,*,デコボコ,デコボコ,デコボコ
ざぁっと,3,3,4803,副詞,一般,*,*,*,*,ざぁっと,ザァット,ザァット
トクン,3,3,3717,副詞,一般,*,*,*,*,トクン,トクン,トクン
カルフェバター,1135,1135,4080,名詞,一般,*,*,*,*,カルフェバター,カルフェバター,カルフェバター
ギーベ・ハルデンツェル,1141,1141,3327,名詞,固有名詞,人名,一般,*,*,ギーベ・ハルデンツェル,ギーベハルデンツェル,ギーベハルデンツェル
ギーベ・ライゼガング,1141,1141,3327,名詞,固有名詞,人名,一般,*,*,ギーベ・ライゼガング,ギーベライゼガング,ギーベライゼガング
ユスティーナ,1142,1142,4921,名詞,固有名詞,人名,名,*,*,ユスティーナ,ユスティーナ,ユスティーナ
ユスティーネ,1142,1142,4921,名詞,固有名詞,人名,名,*,*,ユスティーネ,ユスティーネ,ユスティーネ
ダニロ,1142,1142,4921,名詞,固有名詞,人名,名,*,*,ダニロ,ダニロ,ダニロ
グスタフ,1142,1142,4920,名詞,固有名詞,人名,名,*,*,グスタフ,グスタフ,グスタフ
マリアンネ,1141,1141,3327,名詞,固有名詞,人名,一般,*,*,マリアンネ,マリアンネ,マリアンネ
ヘンリック,1141,1141,3327,名詞,固有名詞,人名,一般,*,*,ヘンリック,ヘンリック,ヘンリック
イマヌエル,1141,1141,3315,名詞,固有名詞,人名,一般,*,*,イマヌエル,イマヌエル,イマヌエル
ギーベ・ゲルラッハ,1141,1141,3327,名詞,固有名詞,人名,一般,*,*,ギーベ・ゲルラッハ,ギーベゲルラッハ,ギーベゲルラッハ
ノーラ,1141,1141,3327,名詞,固有名詞,人名,一般,*,*,ノーラ,ノーラ,ノーラ
フーバー,1141,1141,3327,名詞,固有名詞,人名,一般,*,*,フーバー,フーバー,フーバー
ヒルシュ,1141,1141,3327,名詞,固有名詞,人名,一般,*,*,ヒルシュ,ヒルシュ,ヒルシュ
ロウレ,1135,1135,4080,名詞,一般,*,*,*,*,ロウレ,ロウレ,ロウレ
オーバルカット,1135,1135,4080,名詞,一般,*,*,*,*,オーバルカット,オーバルカット,オーバルカット
グミモーカ,1135,1135,4080,名詞,一般,*,*,*,*,グミモーカ,グミモーカ,グミモーカ
リーガ,1135,1135,4080,名詞,一般,*,*,*,*,リーガ,リーガ,リーガ
ケンサク,1135,1135,4080,名詞,一般,*,*,*,*,ケンサク,ケンサク,ケンサク
カーリン,1135,1135,4080,名詞,一般,*,*,*,*,カーリン,カーリン,カーリン
ホレス,1135,1135,4080,名詞,一般,*,*,*,*,ホレス,ホレス,ホレス
ポン,3,3,3666,副詞,一般,*,*,*,*,ポン,ポン,ポン
ドサッ,3,3,3717,副詞,一般,*,*,*,*,ドサッ,ドサッ,ドサッ
ガチン,3,3,3717,副詞,一般,*,*,*,*,ガチン,ガチン,ガチン
ドドン,3,3,3717,副詞,一般,*,*,*,*,ドドン,ドドン,ドドン
チリン,3,3,3717,副詞,一般,*,*,*,*,チリン,チリン,チリン
ホホホホ,3,3,3717,副詞,一般,*,*,*,*,ホホホホ,ホホホホ,ホホホホ
ドキン,3,3,3717,副詞,一般,*,*,*,*,ドキン,ドキン,ドキン
ビターン,3,3,3717,副詞,一般,*,*,*,*,ビターン,ビターン,ビターン
