合,1154,1154,9180,名詞,接尾,助数詞,*,*,*,合,ゴウ,ゴー
廠,1150,1150,8729,名詞,接尾,一般,*,*,*,廠,ショウ,ショー
階,1154,1154,9247,名詞,接尾,助数詞,*,*,*,階,カイ,カイ
難,1150,1150,7261,名詞,接尾,一般,*,*,*,難,ナン,ナン
内,1150,1150,7523,名詞,接尾,一般,*,*,*,内,ナイ,ナイ
違い,1150,1150,7317,名詞,接尾,一般,*,*,*,違い,チガイ,チガイ
ｈａ,1154,1154,11067,名詞,接尾,助数詞,*,*,*,ｈａ,ヘクタール,ヘクタール
近い,1150,1150,9805,名詞,接尾,一般,*,*,*,近い,チカイ,チカイ
クラス,1154,1154,9207,名詞,接尾,助数詞,*,*,*,クラス,クラス,クラス
含み,1150,1150,9861,名詞,接尾,一般,*,*,*,含み,ブクミ,ブクミ
号棟,1154,1154,9494,名詞,接尾,助数詞,*,*,*,号棟,ゴウトウ,ゴートー
ミリ,1154,1154,8557,名詞,接尾,助数詞,*,*,*,ミリ,ミリ,ミリ
ヶ村,1154,1154,8332,名詞,接尾,助数詞,*,*,*,ヶ村,カソン,カソン
ケ国,1154,1154,8261,名詞,接尾,助数詞,*,*,*,ケ国,カコク,カコク
別,1150,1150,7543,名詞,接尾,一般,*,*,*,別,ベツ,ベツ
カ村,1154,1154,8332,名詞,接尾,助数詞,*,*,*,カ村,カソン,カソン
倍,1154,1154,8641,名詞,接尾,助数詞,*,*,*,倍,バイ,バイ
盗,1154,1154,9777,名詞,接尾,助数詞,*,*,*,盗,トウ,トー
鉢,1154,1154,9590,名詞,接尾,助数詞,*,*,*,鉢,ハチ,ハチ
次,1150,1150,8055,名詞,接尾,一般,*,*,*,次,ジ,ジ
住まい,1150,1150,9054,名詞,接尾,一般,*,*,*,住まい,ズマイ,ズマイ
通,1150,1150,8140,名詞,接尾,一般,*,*,*,通,ドオリ,ドーリ
通,1150,1150,7386,名詞,接尾,一般,*,*,*,通,ツウ,ツー
付け,1150,1150,7731,名詞,接尾,一般,*,*,*,付け,ヅケ,ズケ
付け,1150,1150,8320,名詞,接尾,一般,*,*,*,付け,ツケ,ツケ
基,1154,1154,11111,名詞,接尾,助数詞,*,*,*,基,キ,キ
人,1154,1154,10172,名詞,接尾,助数詞,*,*,*,人,ニン,ニン
制,1150,1150,7753,名詞,接尾,一般,*,*,*,制,セイ,セイ
祓い,1150,1150,7579,名詞,接尾,一般,*,*,*,祓い,バライ,バライ
前,1152,1152,10859,名詞,接尾,副詞可能,*,*,*,前,マエ,マエ
係,1150,1150,8071,名詞,接尾,一般,*,*,*,係,ガカリ,ガカリ
止まり,1150,1150,9127,名詞,接尾,一般,*,*,*,止まり,ドマリ,ドマリ
術,1150,1150,9474,名詞,接尾,一般,*,*,*,術,ジュツ,ジュツ
膳,1154,1154,10468,名詞,接尾,助数詞,*,*,*,膳,ゼン,ゼン
グループ,1154,1154,11674,名詞,接尾,助数詞,*,*,*,グループ,グループ,グループ
訳,1150,1150,7734,名詞,接尾,一般,*,*,*,訳,ヤク,ヤク
箱,1150,1150,7694,名詞,接尾,一般,*,*,*,箱,バコ,バコ
墓,1150,1150,9782,名詞,接尾,一般,*,*,*,墓,ボ,ボ
くん,1151,1151,7978,名詞,接尾,人名,*,*,*,くん,クン,クン
侯,1150,1150,8287,名詞,接尾,一般,*,*,*,侯,コウ,コー
暮らし,1150,1150,9417,名詞,接尾,一般,*,*,*,暮らし,グラシ,グラシ
差し,1150,1150,8449,名詞,接尾,一般,*,*,*,差し,サシ,サシ
病,1150,1150,7272,名詞,接尾,一般,*,*,*,病,ビョウ,ビョー
簿,1150,1150,8656,名詞,接尾,一般,*,*,*,簿,ボ,ボ
角,1154,1154,12757,名詞,接尾,助数詞,*,*,*,角,カク,カク
都,1155,1155,9200,名詞,接尾,地域,*,*,*,都,ト,ト
割,1154,1154,7425,名詞,接尾,助数詞,*,*,*,割,ワリ,ワリ
歳,1154,1154,7961,名詞,接尾,助数詞,*,*,*,歳,サイ,サイ
海里,1154,1154,9494,名詞,接尾,助数詞,*,*,*,海里,カイリ,カイリ
代,1150,1150,8884,名詞,接尾,一般,*,*,*,代,ダイ,ダイ
ゆかり,1150,1150,11076,名詞,接尾,一般,*,*,*,ゆかり,ユカリ,ユカリ
号室,1154,1154,14744,名詞,接尾,助数詞,*,*,*,号室,ゴウシツ,ゴーシツ
通い,1150,1150,7448,名詞,接尾,一般,*,*,*,通い,ガヨイ,ガヨイ
枠,1150,1150,6856,名詞,接尾,一般,*,*,*,枠,ワク,ワク
人,1150,1150,10433,名詞,接尾,一般,*,*,*,人,ジン,ジン
人,1150,1150,11196,名詞,接尾,一般,*,*,*,人,ニン,ニン
人,1150,1150,14863,名詞,接尾,一般,*,*,*,人,ヒト,ヒト
隅,1150,1150,8493,名詞,接尾,一般,*,*,*,隅,スミ,スミ
草,1150,1150,7645,名詞,接尾,一般,*,*,*,草,ソウ,ソー
債,1150,1150,8861,名詞,接尾,一般,*,*,*,債,サイ,サイ
回線,1154,1154,7923,名詞,接尾,助数詞,*,*,*,回線,カイセン,カイセン
選,1154,1154,14725,名詞,接尾,助数詞,*,*,*,選,セン,セン
者,1150,1150,7783,名詞,接尾,一般,*,*,*,者,シャ,シャ
者,1150,1150,8466,名詞,接尾,一般,*,*,*,者,モノ,モノ
場,1150,1150,8867,名詞,接尾,一般,*,*,*,場,ジョウ,ジョー
場,1150,1150,8960,名詞,接尾,一般,*,*,*,場,バ,バ
ダイン,1154,1154,8344,名詞,接尾,助数詞,*,*,*,ダイン,ダイン,ダイン
室,1150,1150,6368,名詞,接尾,一般,*,*,*,室,シツ,シツ
部,1154,1154,11360,名詞,接尾,助数詞,*,*,*,部,ブ,ブ
粒,1154,1154,9781,名詞,接尾,助数詞,*,*,*,粒,ツブ,ツブ
スイスフラン,1154,1154,8303,名詞,接尾,助数詞,*,*,*,スイスフラン,スイスフラン,スイスフラン
乗り,1150,1150,8234,名詞,接尾,一般,*,*,*,乗り,ノリ,ノリ
回り,1150,1150,10094,名詞,接尾,一般,*,*,*,回り,マワリ,マワリ
メートル,1154,1154,8121,名詞,接尾,助数詞,*,*,*,メートル,メートル,メートル
邸,1150,1150,7714,名詞,接尾,一般,*,*,*,邸,テイ,テイ
点,1150,1150,8252,名詞,接尾,一般,*,*,*,点,テン,テン
っ放し,1150,1150,9007,名詞,接尾,一般,*,*,*,っ放し,ッパナシ,ッパナシ
ＯＦＦ,1150,1150,9422,名詞,接尾,一般,*,*,*,ＯＦＦ,オフ,オフ
割り,1150,1150,7041,名詞,接尾,一般,*,*,*,割り,ワリ,ワリ
町,1155,1155,8200,名詞,接尾,地域,*,*,*,町,マチ,マチ
町,1155,1155,8562,名詞,接尾,地域,*,*,*,町,チョウ,チョー
ｍｈｚ,1154,1154,11057,名詞,接尾,助数詞,*,*,*,ｍｈｚ,メガヘルツ,メガヘルツ
店,1150,1150,7344,名詞,接尾,一般,*,*,*,店,テン,テン
下,1150,1150,9236,名詞,接尾,一般,*,*,*,下,カ,カ
下,1150,1150,10576,名詞,接尾,一般,*,*,*,下,シタ,シタ
下,1150,1150,12485,名詞,接尾,一般,*,*,*,下,ゲ,ゲ
版,1154,1154,10349,名詞,接尾,助数詞,*,*,*,版,ハン,ハン
便,1150,1150,8185,名詞,接尾,一般,*,*,*,便,ビン,ビン
曲,1154,1154,8891,名詞,接尾,助数詞,*,*,*,曲,キョク,キョク
ガエル,1150,1150,8264,名詞,接尾,一般,*,*,*,ガエル,ガエル,ガエル
源,1150,1150,8139,名詞,接尾,一般,*,*,*,源,ゲン,ゲン
変わり,1150,1150,9880,名詞,接尾,一般,*,*,*,変わり,ガワリ,ガワリ
美,1150,1150,9669,名詞,接尾,一般,*,*,*,美,ビ,ビ
カ月,1154,1154,10375,名詞,接尾,助数詞,*,*,*,カ月,カゲツ,カゲツ
毎,1150,1150,9099,名詞,接尾,一般,*,*,*,毎,ゴト,ゴト
対,1154,1154,11485,名詞,接尾,助数詞,*,*,*,対,ツイ,ツイ
ｖ,1154,1154,11073,名詞,接尾,助数詞,*,*,*,ｖ,ボルト,ボルト
展,1150,1150,7746,名詞,接尾,一般,*,*,*,展,テン,テン
射,1154,1154,9949,名詞,接尾,助数詞,*,*,*,射,シャ,シャ
沢山,1150,1150,7717,名詞,接尾,一般,*,*,*,沢山,ダクサン,ダクサン
曲,1150,1150,6562,名詞,接尾,一般,*,*,*,曲,キョク,キョク
リンギ,1154,1154,8332,名詞,接尾,助数詞,*,*,*,リンギ,リンギ,リンギ
勝,1154,1154,8989,名詞,接尾,助数詞,*,*,*,勝,ショウ,ショー
戦,1154,1154,10911,名詞,接尾,助数詞,*,*,*,戦,セン,セン
判,1150,1150,8088,名詞,接尾,一般,*,*,*,判,バン,バン
ナノ,1154,1154,8356,名詞,接尾,助数詞,*,*,*,ナノ,ナノ,ナノ
頭,1154,1154,8715,名詞,接尾,助数詞,*,*,*,頭,トウ,トー
セン,1150,1150,9517,名詞,接尾,一般,*,*,*,セン,セン,セン
ヶ所,1154,1154,8486,名詞,接尾,助数詞,*,*,*,ヶ所,カショ,カショ
門,1150,1150,7573,名詞,接尾,一般,*,*,*,門,モン,モン
研,1150,1150,8543,名詞,接尾,一般,*,*,*,研,ケン,ケン
がい,1150,1150,10479,名詞,接尾,一般,*,*,*,がい,ガイ,ガイ
ｋｂ,1154,1154,11067,名詞,接尾,助数詞,*,*,*,ｋｂ,キロバイト,キロバイト
味,1150,1150,8978,名詞,接尾,一般,*,*,*,味,ミ,ミ
味,1150,1150,8918,名詞,接尾,一般,*,*,*,味,アジ,アジ
腫,1150,1150,8296,名詞,接尾,一般,*,*,*,腫,シュ,シュ
買,1150,1150,8623,名詞,接尾,一般,*,*,*,買,ガイ,ガイ
買,1150,1150,8822,名詞,接尾,一般,*,*,*,買,カイ,カイ
Ｆ,1154,1154,15083,名詞,接尾,助数詞,*,*,*,Ｆ,エフ,エフ
取り,1150,1150,10114,名詞,接尾,一般,*,*,*,取り,トリ,トリ
取り,1150,1150,9424,名詞,接尾,一般,*,*,*,取り,ドリ,ドリ
客,1154,1154,11097,名詞,接尾,助数詞,*,*,*,客,キャク,キャク
盤,1150,1150,8455,名詞,接尾,一般,*,*,*,盤,バン,バン
さま,1151,1151,9194,名詞,接尾,人名,*,*,*,さま,サマ,サマ
団,1154,1154,9692,名詞,接尾,助数詞,*,*,*,団,ダン,ダン
臭,1150,1150,7360,名詞,接尾,一般,*,*,*,臭,シュウ,シュー
臭,1150,1150,9086,名詞,接尾,一般,*,*,*,臭,ニオイ,ニオイ
的,1156,1156,5618,名詞,接尾,形容動詞語幹,*,*,*,的,テキ,テキ
派,1154,1154,11861,名詞,接尾,助数詞,*,*,*,派,ハ,ハ
艇,1154,1154,9343,名詞,接尾,助数詞,*,*,*,艇,テイ,テイ
州,1155,1155,10252,名詞,接尾,地域,*,*,*,州,シュウ,シュー
号,1154,1154,14254,名詞,接尾,助数詞,*,*,*,号,ゴウ,ゴー
砲,1150,1150,7277,名詞,接尾,一般,*,*,*,砲,ホウ,ホー
糸,1150,1150,8328,名詞,接尾,一般,*,*,*,糸,イト,イト
がら,1150,1150,10750,名詞,接尾,一般,*,*,*,がら,ガラ,ガラ
当り,1150,1150,7555,名詞,接尾,一般,*,*,*,当り,アタリ,アタリ
キロバイト,1154,1154,8332,名詞,接尾,助数詞,*,*,*,キロバイト,キロバイト,キロバイト
床,1154,1154,10687,名詞,接尾,助数詞,*,*,*,床,ショウ,ショー
っぷり,1157,1157,9155,名詞,接尾,特殊,*,*,*,っぷり,ップリ,ップリ
服,1150,1150,9291,名詞,接尾,一般,*,*,*,服,フク,フク
類,1150,1150,8422,名詞,接尾,一般,*,*,*,類,ルイ,ルイ
面,1154,1154,13584,名詞,接尾,助数詞,*,*,*,面,メン,メン
死,1149,1149,8661,名詞,接尾,サ変接続,*,*,*,死,シ,シ
立方センチメートル,1154,1154,9495,名詞,接尾,助数詞,*,*,*,立方センチメートル,リッポウセンチメートル,リッポーセンチメートル
署,1150,1150,5705,名詞,接尾,一般,*,*,*,署,ショ,ショ
本立て,1154,1154,11789,名詞,接尾,助数詞,*,*,*,本立て,ホンダテ,ホンダテ
音,1150,1150,8956,名詞,接尾,一般,*,*,*,音,オン,オン
幕,1154,1154,12366,名詞,接尾,助数詞,*,*,*,幕,マク,マク
ヵ年,1154,1154,8332,名詞,接尾,助数詞,*,*,*,ヵ年,カネン,カネン
乞い,1150,1150,7732,名詞,接尾,一般,*,*,*,乞い,ゴイ,ゴイ
メーカー,1154,1154,9624,名詞,接尾,助数詞,*,*,*,メーカー,メーカー,メーカー
薬,1150,1150,8171,名詞,接尾,一般,*,*,*,薬,ヤク,ヤク
薬,1150,1150,8748,名詞,接尾,一般,*,*,*,薬,グスリ,グスリ
周忌,1154,1154,8721,名詞,接尾,助数詞,*,*,*,周忌,シュウキ,シューキ
皿,1154,1154,9436,名詞,接尾,助数詞,*,*,*,皿,サラ,サラ
山,1154,1154,12525,名詞,接尾,助数詞,*,*,*,山,ヤマ,ヤマ
ヘクトパスカル,1154,1154,8330,名詞,接尾,助数詞,*,*,*,ヘクトパスカル,ヘクトパスカル,ヘクトパスカル
拍,1154,1154,10192,名詞,接尾,助数詞,*,*,*,拍,ハク,ハク
セント,1154,1154,8504,名詞,接尾,助数詞,*,*,*,セント,セント,セント
号館,1154,1154,9667,名詞,接尾,助数詞,*,*,*,号館,ゴウカン,ゴーカン
学,1150,1150,8404,名詞,接尾,一般,*,*,*,学,ガク,ガク
説,1150,1150,8628,名詞,接尾,一般,*,*,*,説,セツ,セツ
ギガバイト,1154,1154,8332,名詞,接尾,助数詞,*,*,*,ギガバイト,ギガバイト,ギガバイト
首,1154,1154,9902,名詞,接尾,助数詞,*,*,*,首,シュ,シュ
庁,1150,1150,10327,名詞,接尾,一般,*,*,*,庁,チョウ,チョー
Ｍ,1154,1154,11718,名詞,接尾,助数詞,*,*,*,Ｍ,メガ,メガ
記,1150,1150,10364,名詞,接尾,一般,*,*,*,記,キ,キ
報,1154,1154,11474,名詞,接尾,助数詞,*,*,*,報,ホウ,ホー
坪,1154,1154,9763,名詞,接尾,助数詞,*,*,*,坪,ツボ,ツボ
ヘルツ,1154,1154,8386,名詞,接尾,助数詞,*,*,*,ヘルツ,ヘルツ,ヘルツ
光,1150,1150,9189,名詞,接尾,一般,*,*,*,光,コウ,コー
協,1150,1150,7582,名詞,接尾,一般,*,*,*,協,キョウ,キョー
ソル,1154,1154,8589,名詞,接尾,助数詞,*,*,*,ソル,ソル,ソル
銭,1154,1154,10176,名詞,接尾,助数詞,*,*,*,銭,セン,セン
沼,1150,1150,9055,名詞,接尾,一般,*,*,*,沼,ヌマ,ヌマ
馬,1150,1150,9064,名詞,接尾,一般,*,*,*,馬,バ,バ
冠,1154,1154,10076,名詞,接尾,助数詞,*,*,*,冠,カン,カン
糎,1154,1154,9495,名詞,接尾,助数詞,*,*,*,糎,センチメートル,センチメートル
打ち,1150,1150,10060,名詞,接尾,一般,*,*,*,打ち,ウチ,ウチ
主,1150,1150,9296,名詞,接尾,一般,*,*,*,主,ヌシ,ヌシ
主,1150,1150,8609,名詞,接尾,一般,*,*,*,主,シュ,シュ
校,1154,1154,10534,名詞,接尾,助数詞,*,*,*,校,コウ,コー
雨,1150,1150,7280,名詞,接尾,一般,*,*,*,雨,ウ,ウ
同然,1156,1156,6134,名詞,接尾,形容動詞語幹,*,*,*,同然,ドウゼン,ドーゼン
だこ,1150,1150,9863,名詞,接尾,一般,*,*,*,だこ,ダコ,ダコ
歩,1154,1154,9737,名詞,接尾,助数詞,*,*,*,歩,ホ,ホ
通り,1150,1150,4999,名詞,接尾,一般,*,*,*,通り,ドオリ,ドーリ
桁,1154,1154,9495,名詞,接尾,助数詞,*,*,*,桁,ケタ,ケタ
匁,1154,1154,9495,名詞,接尾,助数詞,*,*,*,匁,モンメ,モンメ
くず,1150,1150,9043,名詞,接尾,一般,*,*,*,くず,クズ,クズ
羽,1154,1154,9927,名詞,接尾,助数詞,*,*,*,羽,ワ,ワ
羽,1154,1154,12564,名詞,接尾,助数詞,*,*,*,羽,バ,バ
カナダドル,1154,1154,8304,名詞,接尾,助数詞,*,*,*,カナダドル,カナダドル,カナダドル
落ち,1150,1150,6517,名詞,接尾,一般,*,*,*,落ち,オチ,オチ
岸,1150,1150,9545,名詞,接尾,一般,*,*,*,岸,ガン,ガン
ミリアンペア,1154,1154,8332,名詞,接尾,助数詞,*,*,*,ミリアンペア,ミリアンペア,ミリアンペア
造り,1150,1150,7263,名詞,接尾,一般,*,*,*,造り,ヅクリ,ズクリ
弱,1150,1150,7349,名詞,接尾,一般,*,*,*,弱,ジャク,ジャク
あて,1150,1150,8430,名詞,接尾,一般,*,*,*,あて,アテ,アテ
速,1150,1150,8168,名詞,接尾,一般,*,*,*,速,ソク,ソク
線,1150,1150,7249,名詞,接尾,一般,*,*,*,線,セン,セン
モル,1154,1154,8332,名詞,接尾,助数詞,*,*,*,モル,モル,モル
工,1150,1150,9114,名詞,接尾,一般,*,*,*,工,コウ,コー
句,1154,1154,10896,名詞,接尾,助数詞,*,*,*,句,ク,ク
帖,1154,1154,10384,名詞,接尾,助数詞,*,*,*,帖,ジョウ,ジョー
ペニヒ,1154,1154,8332,名詞,接尾,助数詞,*,*,*,ペニヒ,ペニヒ,ペニヒ
ざかり,1150,1150,9059,名詞,接尾,一般,*,*,*,ざかり,ザカリ,ザカリ
財,1150,1150,9259,名詞,接尾,一般,*,*,*,財,ザイ,ザイ
達,1150,1150,4542,名詞,接尾,一般,*,*,*,達,タチ,タチ
返し,1150,1150,8670,名詞,接尾,一般,*,*,*,返し,ガエシ,ガエシ
反,1154,1154,12345,名詞,接尾,助数詞,*,*,*,反,タン,タン
じゅう,1150,1150,8933,名詞,接尾,一般,*,*,*,じゅう,ジュウ,ジュー
込み,1150,1150,8757,名詞,接尾,一般,*,*,*,込み,コミ,コミ
岳,1150,1150,7912,名詞,接尾,一般,*,*,*,岳,ダケ,ダケ
センチ,1154,1154,7107,名詞,接尾,助数詞,*,*,*,センチ,センチ,センチ
週,1150,1150,9863,名詞,接尾,一般,*,*,*,週,シュウ,シュー
器,1150,1150,9137,名詞,接尾,一般,*,*,*,器,キ,キ
ｄｂ,1154,1154,11067,名詞,接尾,助数詞,*,*,*,ｄｂ,デシベル,デシベル
声,1150,1150,8423,名詞,接尾,一般,*,*,*,声,ゴエ,ゴエ
声,1150,1150,9936,名詞,接尾,一般,*,*,*,声,コエ,コエ
痛,1150,1150,7059,名詞,接尾,一般,*,*,*,痛,ツウ,ツー
ぶり,1157,1157,9889,名詞,接尾,特殊,*,*,*,ぶり,ブリ,ブリ
揚げ,1150,1150,9046,名詞,接尾,一般,*,*,*,揚げ,アゲ,アゲ
次,1154,1154,9656,名詞,接尾,助数詞,*,*,*,次,ジ,ジ
なみ,1150,1150,9136,名詞,接尾,一般,*,*,*,なみ,ナミ,ナミ
用,1150,1150,8342,名詞,接尾,一般,*,*,*,用,ヨウ,ヨー
篇,1154,1154,10056,名詞,接尾,助数詞,*,*,*,篇,ヘン,ヘン
アンペア,1154,1154,8703,名詞,接尾,助数詞,*,*,*,アンペア,アンペア,アンペア
デシリットル,1154,1154,8332,名詞,接尾,助数詞,*,*,*,デシリットル,デシリットル,デシリットル
びたり,1150,1150,8992,名詞,接尾,一般,*,*,*,びたり,ビタリ,ビタリ
ミクロン,1154,1154,8332,名詞,接尾,助数詞,*,*,*,ミクロン,ミクロン,ミクロン
編,1154,1154,10588,名詞,接尾,助数詞,*,*,*,編,ヘン,ヘン
図,1150,1150,7732,名詞,接尾,一般,*,*,*,図,ズ,ズ
がけ,1150,1150,10384,名詞,接尾,一般,*,*,*,がけ,ガケ,ガケ
区間,1150,1150,9443,名詞,接尾,一般,*,*,*,区間,クカン,クカン
とおり,1154,1154,11371,名詞,接尾,助数詞,*,*,*,とおり,トオリ,トーリ
ｈｚ,1154,1154,11078,名詞,接尾,助数詞,*,*,*,ｈｚ,ヘルツ,ヘルツ
高,1150,1150,6126,名詞,接尾,一般,*,*,*,高,ダカ,ダカ
高,1150,1150,7202,名詞,接尾,一般,*,*,*,高,コウ,コー
夜,1154,1154,10813,名詞,接尾,助数詞,*,*,*,夜,ヤ,ヤ
夜,1154,1154,13117,名詞,接尾,助数詞,*,*,*,夜,ヨ,ヨ
ぎみ,1150,1150,8713,名詞,接尾,一般,*,*,*,ぎみ,ギミ,ギミ
減,1150,1150,7889,名詞,接尾,一般,*,*,*,減,ゲン,ゲン
米,1150,1150,6580,名詞,接尾,一般,*,*,*,米,マイ,マイ
米,1150,1150,10189,名詞,接尾,一般,*,*,*,米,ゴメ,ゴメ
Ｇ,1154,1154,12333,名詞,接尾,助数詞,*,*,*,Ｇ,ギガ,ギガ
課,1150,1150,7907,名詞,接尾,一般,*,*,*,課,カ,カ
券,1150,1150,8169,名詞,接尾,一般,*,*,*,券,ケン,ケン
賃,1150,1150,9319,名詞,接尾,一般,*,*,*,賃,チン,チン
組,1154,1154,9699,名詞,接尾,助数詞,*,*,*,組,クミ,クミ
差,1150,1150,7117,名詞,接尾,一般,*,*,*,差,サ,サ
キロワット時,1154,1154,8193,名詞,接尾,助数詞,*,*,*,キロワット時,キロワットジ,キロワットジ
がわら,1150,1150,8992,名詞,接尾,一般,*,*,*,がわら,ガワラ,ガワラ
額,1150,1150,9329,名詞,接尾,一般,*,*,*,額,ガク,ガク
損,1150,1150,8917,名詞,接尾,一般,*,*,*,損,ソン,ソン
教,1150,1150,8640,名詞,接尾,一般,*,*,*,教,キョウ,キョー
楽,1150,1150,8690,名詞,接尾,一般,*,*,*,楽,ラク,ラク
肥え,1150,1150,8039,名詞,接尾,一般,*,*,*,肥え,ゴエ,ゴエ
採り,1150,1150,7780,名詞,接尾,一般,*,*,*,採り,トリ,トリ
増,1150,1150,6563,名詞,接尾,一般,*,*,*,増,ゾウ,ゾー
日,1154,1154,11253,名詞,接尾,助数詞,*,*,*,日,ニチ,ニチ
扱い,1150,1150,10279,名詞,接尾,一般,*,*,*,扱い,アツカイ,アツカイ
体,1154,1154,11431,名詞,接尾,助数詞,*,*,*,体,タイ,タイ
箇国,1154,1154,9423,名詞,接尾,助数詞,*,*,*,箇国,カコク,カコク
碑,1150,1150,7480,名詞,接尾,一般,*,*,*,碑,ヒ,ヒ
史,1150,1150,7796,名詞,接尾,一般,*,*,*,史,シ,シ
ヶ条,1154,1154,8332,名詞,接尾,助数詞,*,*,*,ヶ条,カジョウ,カジョー
ｋｔ,1154,1154,11058,名詞,接尾,助数詞,*,*,*,ｋｔ,キロトン,キロトン
シーン,1150,1150,9725,名詞,接尾,一般,*,*,*,シーン,シーン,シーン
回分,1154,1154,8751,名詞,接尾,助数詞,*,*,*,回分,カイブン,カイブン
タル,1154,1154,8267,名詞,接尾,助数詞,*,*,*,タル,タル,タル
端,1150,1150,9203,名詞,接尾,一般,*,*,*,端,タン,タン
端,1150,1150,8709,名詞,接尾,一般,*,*,*,端,バタ,バタ
島,1155,1155,9205,名詞,接尾,地域,*,*,*,島,トウ,トー
島,1155,1155,11499,名詞,接尾,地域,*,*,*,島,ジマ,ジマ
ｇ,1154,1154,11091,名詞,接尾,助数詞,*,*,*,ｇ,グラム,グラム
没,1150,1150,8274,名詞,接尾,一般,*,*,*,没,ボツ,ボツ
毛,1154,1154,10140,名詞,接尾,助数詞,*,*,*,毛,モウ,モー
未遂,1150,1150,10521,名詞,接尾,一般,*,*,*,未遂,ミスイ,ミスイ
道,1150,1150,9670,名詞,接尾,一般,*,*,*,道,ドウ,ドー
橋,1154,1154,9543,名詞,接尾,助数詞,*,*,*,橋,キョウ,キョー
塔,1150,1150,7548,名詞,接尾,一般,*,*,*,塔,トウ,トー
切れ,1150,1150,8582,名詞,接尾,一般,*,*,*,切れ,ギレ,ギレ
切れ,1150,1150,10213,名詞,接尾,一般,*,*,*,切れ,キレ,キレ
開き,1150,1150,7830,名詞,接尾,一般,*,*,*,開き,ビラキ,ビラキ
骨,1150,1150,8496,名詞,接尾,一般,*,*,*,骨,コツ,コツ
骨,1150,1150,8274,名詞,接尾,一般,*,*,*,骨,ボネ,ボネ
トライ,1154,1154,8330,名詞,接尾,助数詞,*,*,*,トライ,トライ,トライ
切れ,1154,1154,11565,名詞,接尾,助数詞,*,*,*,切れ,キレ,キレ
痕,1150,1150,8173,名詞,接尾,一般,*,*,*,痕,コン,コン
使い,1150,1150,7735,名詞,接尾,一般,*,*,*,使い,ヅカイ,ズカイ
待ち,1150,1150,8229,名詞,接尾,一般,*,*,*,待ち,マチ,マチ
行,1155,1155,11065,名詞,接尾,地域,*,*,*,行,イキ,イキ
行,1155,1155,11059,名詞,接尾,地域,*,*,*,行,ユキ,ユキ
中,1152,1152,6966,名詞,接尾,副詞可能,*,*,*,中,チュウ,チュー
中,1152,1152,9612,名詞,接尾,副詞可能,*,*,*,中,ジュウ,ジュー
中,1152,1152,8476,名詞,接尾,副詞可能,*,*,*,中,ナカ,ナカ
ルクス,1154,1154,8332,名詞,接尾,助数詞,*,*,*,ルクス,ルクス,ルクス
前後,1152,1152,7815,名詞,接尾,副詞可能,*,*,*,前後,ゼンコウ,ゼンコー
技,1150,1150,6991,名詞,接尾,一般,*,*,*,技,ワザ,ワザ
技,1150,1150,8314,名詞,接尾,一般,*,*,*,技,ギ,ギ
計,1150,1150,9589,名詞,接尾,一般,*,*,*,計,ケイ,ケイ
価,1150,1150,10054,名詞,接尾,一般,*,*,*,価,カ,カ
パスカル,1154,1154,8334,名詞,接尾,助数詞,*,*,*,パスカル,パスカル,パスカル
敗,1154,1154,9267,名詞,接尾,助数詞,*,*,*,敗,ハイ,ハイ
滴,1154,1154,10333,名詞,接尾,助数詞,*,*,*,滴,テキ,テキ
亭,1150,1150,8745,名詞,接尾,一般,*,*,*,亭,テイ,テイ
えん,1154,1154,11143,名詞,接尾,助数詞,*,*,*,えん,エン,エン
竿,1154,1154,9492,名詞,接尾,助数詞,*,*,*,竿,サオ,サオ
府,1155,1155,10403,名詞,接尾,地域,*,*,*,府,フ,フ
薄,1150,1150,8230,名詞,接尾,一般,*,*,*,薄,ウス,ウス
枕,1150,1150,7806,名詞,接尾,一般,*,*,*,枕,マクラ,マクラ
いっぱい,1152,1152,7082,名詞,接尾,副詞可能,*,*,*,いっぱい,イッパイ,イッパイ
続き,1150,1150,10130,名詞,接尾,一般,*,*,*,続き,ツヅキ,ツズキ
筋,1154,1154,11368,名詞,接尾,助数詞,*,*,*,筋,スジ,スジ
オンス,1154,1154,8334,名詞,接尾,助数詞,*,*,*,オンス,オンス,オンス
村,1155,1155,8307,名詞,接尾,地域,*,*,*,村,ムラ,ムラ
村,1155,1155,12005,名詞,接尾,地域,*,*,*,村,ソン,ソン
社,1150,1150,9485,名詞,接尾,一般,*,*,*,社,シャ,シャ
巡,1154,1154,9789,名詞,接尾,助数詞,*,*,*,巡,ジュン,ジュン
ＤＯ,1154,1154,11502,名詞,接尾,助数詞,*,*,*,ＤＯ,ディーオー,ディーオー
瓶,1154,1154,10100,名詞,接尾,助数詞,*,*,*,瓶,ビン,ビン
嫌い,1150,1150,8396,名詞,接尾,一般,*,*,*,嫌い,ギライ,ギライ
職,1150,1150,9314,名詞,接尾,一般,*,*,*,職,ショク,ショク
塗り,1150,1150,7097,名詞,接尾,一般,*,*,*,塗り,ヌリ,ヌリ
がかり,1150,1150,8910,名詞,接尾,一般,*,*,*,がかり,ガカリ,ガカリ
年度,1154,1154,8385,名詞,接尾,助数詞,*,*,*,年度,ネンド,ネンド
気,1156,1156,7662,名詞,接尾,形容動詞語幹,*,*,*,気,ゲ,ゲ
シンガポールドル,1154,1154,5623,名詞,接尾,助数詞,*,*,*,シンガポールドル,シンガポールドル,シンガポールドル
メガ,1154,1154,8986,名詞,接尾,助数詞,*,*,*,メガ,メガ,メガ
束,1154,1154,9630,名詞,接尾,助数詞,*,*,*,束,タバ,タバ
峠,1150,1150,7445,名詞,接尾,一般,*,*,*,峠,トウゲ,トーゲ
樹,1150,1150,7168,名詞,接尾,一般,*,*,*,樹,ジュ,ジュ
域,1150,1150,8989,名詞,接尾,一般,*,*,*,域,イキ,イキ
答,1154,1154,8476,名詞,接尾,助数詞,*,*,*,答,トウ,トー
米,1154,1154,11988,名詞,接尾,助数詞,*,*,*,米,メートル,メートル
報,1150,1150,9287,名詞,接尾,一般,*,*,*,報,ホウ,ホー
番,1150,1150,9413,名詞,接尾,一般,*,*,*,番,バン,バン
ウオン,1154,1154,8332,名詞,接尾,助数詞,*,*,*,ウオン,ウオン,ウオン
以遠,1150,1150,7690,名詞,接尾,一般,*,*,*,以遠,イエン,イエン
ｍＷ,1154,1154,11067,名詞,接尾,助数詞,*,*,*,ｍＷ,ミリワット,ミリワット
役,1154,1154,10648,名詞,接尾,助数詞,*,*,*,役,ヤク,ヤク
元,1154,1154,9410,名詞,接尾,助数詞,*,*,*,元,ゲン,ゲン
打,1154,1154,11430,名詞,接尾,助数詞,*,*,*,打,ダ,ダ
盛り,1150,1150,7955,名詞,接尾,一般,*,*,*,盛り,ザカリ,ザカリ
盛り,1150,1150,8688,名詞,接尾,一般,*,*,*,盛り,モリ,モリ
たたき,1150,1150,11581,名詞,接尾,一般,*,*,*,たたき,タタキ,タタキ
ＧＢ,1154,1154,11069,名詞,接尾,助数詞,*,*,*,ＧＢ,ギガバイト,ギガバイト
ぶろ,1150,1150,6478,名詞,接尾,一般,*,*,*,ぶろ,ブロ,ブロ
ぞい,1150,1150,8710,名詞,接尾,一般,*,*,*,ぞい,ゾイ,ゾイ
Ｍヘルツ,1154,1154,11057,名詞,接尾,助数詞,*,*,*,Ｍヘルツ,メガヘルツ,メガヘルツ
ルーブル,1154,1154,8597,名詞,接尾,助数詞,*,*,*,ルーブル,ルーブル,ルーブル
次元,1154,1154,8701,名詞,接尾,助数詞,*,*,*,次元,ジゲン,ジゲン
すぎ,1152,1152,7074,名詞,接尾,副詞可能,*,*,*,すぎ,スギ,スギ
省,1150,1150,9942,名詞,接尾,一般,*,*,*,省,ショウ,ショー
リッター,1154,1154,8343,名詞,接尾,助数詞,*,*,*,リッター,リッター,リッター
寸,1154,1154,10531,名詞,接尾,助数詞,*,*,*,寸,スン,スン
刷り,1150,1150,7108,名詞,接尾,一般,*,*,*,刷り,ズリ,ズリ
格,1150,1150,10167,名詞,接尾,一般,*,*,*,格,カク,カク
周年,1154,1154,9116,名詞,接尾,助数詞,*,*,*,周年,シュウネン,シューネン
朝,1150,1150,10905,名詞,接尾,一般,*,*,*,朝,チョウ,チョー
勺,1154,1154,9245,名詞,接尾,助数詞,*,*,*,勺,シャク,シャク
だらけ,1150,1150,8584,名詞,接尾,一般,*,*,*,だらけ,ダラケ,ダラケ
がち,1156,1156,7703,名詞,接尾,形容動詞語幹,*,*,*,がち,ガチ,ガチ
リラ,1154,1154,8338,名詞,接尾,助数詞,*,*,*,リラ,リラ,リラ
様,1151,1151,5612,名詞,接尾,人名,*,*,*,様,サマ,サマ
あまり,1150,1150,7665,名詞,接尾,一般,*,*,*,あまり,アマリ,アマリ
槽,1150,1150,7893,名詞,接尾,一般,*,*,*,槽,ソウ,ソー
チャン,1151,1151,7004,名詞,接尾,人名,*,*,*,チャン,チャン,チャン
平方キロメートル,1154,1154,9475,名詞,接尾,助数詞,*,*,*,平方キロメートル,ヘイホウキロメートル,ヘイホーキロメートル
筋,1150,1150,8970,名詞,接尾,一般,*,*,*,筋,スジ,スジ
筋,1150,1150,8402,名詞,接尾,一般,*,*,*,筋,キン,キン
子,1150,1150,9348,名詞,接尾,一般,*,*,*,子,コ,コ
漏れ,1150,1150,6515,名詞,接尾,一般,*,*,*,漏れ,モレ,モレ
買い,1150,1150,9571,名詞,接尾,一般,*,*,*,買い,カイ,カイ
買い,1150,1150,9999,名詞,接尾,一般,*,*,*,買い,ガイ,ガイ
構え,1150,1150,6013,名詞,接尾,一般,*,*,*,構え,ガマエ,ガマエ
ＣＣ,1154,1154,14914,名詞,接尾,助数詞,*,*,*,ＣＣ,シーシー,シーシー
軒,1154,1154,8369,名詞,接尾,助数詞,*,*,*,軒,ケン,ケン
権,1150,1150,8203,名詞,接尾,一般,*,*,*,権,ケン,ケン
楼,1150,1150,7979,名詞,接尾,一般,*,*,*,楼,ロウ,ロー
派,1150,1150,8428,名詞,接尾,一般,*,*,*,派,ハ,ハ
級,1154,1154,11327,名詞,接尾,助数詞,*,*,*,級,キュウ,キュー
ｋバイト,1154,1154,11067,名詞,接尾,助数詞,*,*,*,ｋバイト,キロバイト,キロバイト
ケタ,1154,1154,7914,名詞,接尾,助数詞,*,*,*,ケタ,ケタ,ケタ
初,1150,1150,9377,名詞,接尾,一般,*,*,*,初,ハツ,ハツ
神,1150,1150,8489,名詞,接尾,一般,*,*,*,神,シン,シン
唄,1150,1150,6722,名詞,接尾,一般,*,*,*,唄,ウタ,ウタ
給,1150,1150,8664,名詞,接尾,一般,*,*,*,給,キュウ,キュー
課,1154,1154,9511,名詞,接尾,助数詞,*,*,*,課,カ,カ
芸,1150,1150,9182,名詞,接尾,一般,*,*,*,芸,ゲイ,ゲイ
能,1150,1150,11030,名詞,接尾,一般,*,*,*,能,ノウ,ノー
バッグ,1154,1154,8297,名詞,接尾,助数詞,*,*,*,バッグ,バッグ,バッグ
品,1154,1154,11564,名詞,接尾,助数詞,*,*,*,品,ヒン,ヒン
品,1154,1154,11856,名詞,接尾,助数詞,*,*,*,品,シナ,シナ
酔い,1150,1150,8275,名詞,接尾,一般,*,*,*,酔い,ヨイ,ヨイ
程度,1150,1150,7199,名詞,接尾,一般,*,*,*,程度,テイド,テイド
語,1154,1154,11414,名詞,接尾,助数詞,*,*,*,語,ゴ,ゴ
号機,1154,1154,9451,名詞,接尾,助数詞,*,*,*,号機,ゴウキ,ゴーキ
末,1152,1152,5835,名詞,接尾,副詞可能,*,*,*,末,マツ,マツ
末,1152,1152,8041,名詞,接尾,副詞可能,*,*,*,末,スエ,スエ
上,1152,1152,7509,名詞,接尾,副詞可能,*,*,*,上,ジョウ,ジョー
行き,1155,1155,7160,名詞,接尾,地域,*,*,*,行き,イキ,イキ
行き,1155,1155,9154,名詞,接尾,地域,*,*,*,行き,ユキ,ユキ
刑,1150,1150,9300,名詞,接尾,一般,*,*,*,刑,ケイ,ケイ
策,1150,1150,8796,名詞,接尾,一般,*,*,*,策,サク,サク
下げ,1150,1150,8572,名詞,接尾,一般,*,*,*,下げ,サゲ,サゲ
つき,1150,1150,8530,名詞,接尾,一般,*,*,*,つき,ツキ,ツキ
デー,1150,1150,8569,名詞,接尾,一般,*,*,*,デー,デー,デー
ｋｇ,1154,1154,11062,名詞,接尾,助数詞,*,*,*,ｋｇ,キログラム,キログラム
代目,1154,1154,9265,名詞,接尾,助数詞,*,*,*,代目,ダイメ,ダイメ
カラット,1154,1154,8181,名詞,接尾,助数詞,*,*,*,カラット,カラット,カラット
ｋヘルツ,1154,1154,11067,名詞,接尾,助数詞,*,*,*,ｋヘルツ,キロヘルツ,キロヘルツ
あたり,1150,1150,7907,名詞,接尾,一般,*,*,*,あたり,アタリ,アタリ
帽,1150,1150,7718,名詞,接尾,一般,*,*,*,帽,ボウ,ボー
汁,1150,1150,7548,名詞,接尾,一般,*,*,*,汁,ジル,ジル
以後,1152,1152,6894,名詞,接尾,副詞可能,*,*,*,以後,イゴ,イゴ
向き,1150,1150,8062,名詞,接尾,一般,*,*,*,向き,ムキ,ムキ
選び,1150,1150,10106,名詞,接尾,一般,*,*,*,選び,エラビ,エラビ
ごと,1150,1150,8420,名詞,接尾,一般,*,*,*,ごと,ゴト,ゴト
ビット,1154,1154,8232,名詞,接尾,助数詞,*,*,*,ビット,ビット,ビット
キロトン,1154,1154,8249,名詞,接尾,助数詞,*,*,*,キロトン,キロトン,キロトン
画,1154,1154,11841,名詞,接尾,助数詞,*,*,*,画,カク,カク
番,1154,1154,10532,名詞,接尾,助数詞,*,*,*,番,バン,バン
じまい,1150,1150,8860,名詞,接尾,一般,*,*,*,じまい,ジマイ,ジマイ
練り,1150,1150,7626,名詞,接尾,一般,*,*,*,練り,ネリ,ネリ
棺,1150,1150,8828,名詞,接尾,一般,*,*,*,棺,カン,カン
略,1150,1150,8338,名詞,接尾,一般,*,*,*,略,リャク,リャク
ダーハム,1154,1154,8332,名詞,接尾,助数詞,*,*,*,ダーハム,ダーハム,ダーハム
個国,1154,1154,9423,名詞,接尾,助数詞,*,*,*,個国,カコク,カコク
替わり,1150,1150,7970,名詞,接尾,一般,*,*,*,替わり,ガワリ,ガワリ
年余,1154,1154,8006,名詞,接尾,助数詞,*,*,*,年余,ネンヨ,ネンヨ
年余,1154,1154,10076,名詞,接尾,助数詞,*,*,*,年余,ネンアマリ,ネンアマリ
ところ,1154,1154,11138,名詞,接尾,助数詞,*,*,*,ところ,トコロ,トコロ
所,1150,1150,9826,名詞,接尾,一般,*,*,*,所,ショ,ショ
所,1150,1150,10090,名詞,接尾,一般,*,*,*,所,ジョ,ジョ
びな,1150,1150,8995,名詞,接尾,一般,*,*,*,びな,ビナ,ビナ
金,1154,1154,13865,名詞,接尾,助数詞,*,*,*,金,キン,キン
値,1150,1150,9168,名詞,接尾,一般,*,*,*,値,チ,チ
値,1150,1150,11487,名詞,接尾,一般,*,*,*,値,ネ,ネ
通,1154,1154,8459,名詞,接尾,助数詞,*,*,*,通,ツウ,ツー
席,1154,1154,10340,名詞,接尾,助数詞,*,*,*,席,セキ,セキ
ヶ月,1154,1154,8589,名詞,接尾,助数詞,*,*,*,ヶ月,カゲツ,カゲツ
方,1157,1157,9142,名詞,接尾,特殊,*,*,*,方,カタ,カタ
箇条,1154,1154,9494,名詞,接尾,助数詞,*,*,*,箇条,カジョウ,カジョー
したて,1150,1150,8714,名詞,接尾,一般,*,*,*,したて,シタテ,シタテ
騒ぎ,1150,1150,10349,名詞,接尾,一般,*,*,*,騒ぎ,サワギ,サワギ
ｐｐｍ,1154,1154,10958,名詞,接尾,助数詞,*,*,*,ｐｐｍ,ピーピーエム,ピーピーエム
小,1150,1150,8339,名詞,接尾,一般,*,*,*,小,ショウ,ショー
山,1155,1155,11696,名詞,接尾,地域,*,*,*,山,サン,サン
列,1154,1154,13014,名詞,接尾,助数詞,*,*,*,列,レツ,レツ
ケ所,1154,1154,8486,名詞,接尾,助数詞,*,*,*,ケ所,カショ,カショ
両,1154,1154,10255,名詞,接尾,助数詞,*,*,*,両,リョウ,リョー
詰め,1150,1150,8176,名詞,接尾,一般,*,*,*,詰め,ヅメ,ズメ
群,1150,1150,5068,名詞,接尾,一般,*,*,*,群,グン,グン
海,1155,1155,12388,名詞,接尾,地域,*,*,*,海,カイ,カイ
おこし,1150,1150,10770,名詞,接尾,一般,*,*,*,おこし,オコシ,オコシ
オーム,1154,1154,8332,名詞,接尾,助数詞,*,*,*,オーム,オーム,オーム
官,1150,1150,8478,名詞,接尾,一般,*,*,*,官,カン,カン
カ店,1154,1154,8405,名詞,接尾,助数詞,*,*,*,カ店,カテン,カテン
カ国,1154,1154,7744,名詞,接尾,助数詞,*,*,*,カ国,カコク,カコク
俵,1154,1154,10127,名詞,接尾,助数詞,*,*,*,俵,ヒョウ,ヒョー
園,1150,1150,9251,名詞,接尾,一般,*,*,*,園,エン,エン
以南,1150,1150,8835,名詞,接尾,一般,*,*,*,以南,イナン,イナン
なかば,1150,1150,9020,名詞,接尾,一般,*,*,*,なかば,ナカバ,ナカバ
製,1150,1150,6281,名詞,接尾,一般,*,*,*,製,セイ,セイ
藩,1150,1150,9685,名詞,接尾,一般,*,*,*,藩,ハン,ハン
立方メートル,1154,1154,9493,名詞,接尾,助数詞,*,*,*,立方メートル,リッポウメートル,リッポーメートル
法,1150,1150,8211,名詞,接尾,一般,*,*,*,法,ホウ,ホー
陵,1150,1150,9313,名詞,接尾,一般,*,*,*,陵,リョウ,リョウ
医,1150,1150,8802,名詞,接尾,一般,*,*,*,医,イ,イ
センチメートル,1154,1154,8332,名詞,接尾,助数詞,*,*,*,センチメートル,センチメートル,センチメートル
獅子,1150,1150,7086,名詞,接尾,一般,*,*,*,獅子,ジシ,ジシ
分木,1154,1154,9495,名詞,接尾,助数詞,*,*,*,分木,ブンギ,ブンギ
がま,1150,1150,10313,名詞,接尾,一般,*,*,*,がま,ガマ,ガマ
石,1150,1150,7230,名詞,接尾,一般,*,*,*,石,セキ,セキ
石,1150,1150,10197,名詞,接尾,一般,*,*,*,石,イシ,イシ
ビレ,1150,1150,8269,名詞,接尾,一般,*,*,*,ビレ,ビレ,ビレ
葉,1154,1154,10890,名詞,接尾,助数詞,*,*,*,葉,ヨウ,ヨー
分目,1154,1154,11694,名詞,接尾,助数詞,*,*,*,分目,フンメ,フンメ
個年,1154,1154,9494,名詞,接尾,助数詞,*,*,*,個年,カネン,カネン
号証,1154,1154,9495,名詞,接尾,助数詞,*,*,*,号証,ゴウショウ,ゴーショー
虫,1150,1150,8838,名詞,接尾,一般,*,*,*,虫,チュウ,チュー
けた,1154,1154,11109,名詞,接尾,助数詞,*,*,*,けた,ケタ,ケタ
掘り,1150,1150,10532,名詞,接尾,一般,*,*,*,掘り,ホリ,ホリ
厘,1154,1154,10198,名詞,接尾,助数詞,*,*,*,厘,リン,リン
時半,1154,1154,12138,名詞,接尾,助数詞,*,*,*,時半,ジハン,ジハン
粍,1154,1154,9495,名詞,接尾,助数詞,*,*,*,粍,ミリメートル,ミリメートル
びれ,1150,1150,9081,名詞,接尾,一般,*,*,*,びれ,ビレ,ビレ
殿,1151,1151,7720,名詞,接尾,人名,*,*,*,殿,ドノ,ドノ
順,1150,1150,8535,名詞,接尾,一般,*,*,*,順,ジュン,ジュン
ｋｌ,1154,1154,11036,名詞,接尾,助数詞,*,*,*,ｋｌ,キロリットル,キロリットル
札,1150,1150,9110,名詞,接尾,一般,*,*,*,札,サツ,サツ
年,1150,1150,9277,名詞,接尾,一般,*,*,*,年,ネン,ネン
年,1150,1150,10486,名詞,接尾,一般,*,*,*,年,トシ,トシ
ヵ村,1154,1154,8332,名詞,接尾,助数詞,*,*,*,ヵ村,カソン,カソン
辺,1154,1154,10288,名詞,接尾,助数詞,*,*,*,辺,ヘン,ヘン
増し,1150,1150,8877,名詞,接尾,一般,*,*,*,増し,マシ,マシ
路,1150,1150,8654,名詞,接尾,一般,*,*,*,路,ロ,ロ
路,1150,1150,10478,名詞,接尾,一般,*,*,*,路,ジ,ジ
食,1154,1154,9234,名詞,接尾,助数詞,*,*,*,食,ショク,ショク
余,1150,1150,7043,名詞,接尾,一般,*,*,*,余,ヨ,ヨ
余,1150,1150,6716,名詞,接尾,一般,*,*,*,余,アマリ,アマリ
済み,1150,1150,7583,名詞,接尾,一般,*,*,*,済み,ズミ,ズミ
ケース,1154,1154,8378,名詞,接尾,助数詞,*,*,*,ケース,ケース,ケース
か国,1154,1154,11036,名詞,接尾,助数詞,*,*,*,か国,カコク,カコク
平方メートル,1154,1154,8027,名詞,接尾,助数詞,*,*,*,平方メートル,ヘイホウメートル,ヘイホーメートル
旗,1150,1150,9046,名詞,接尾,一般,*,*,*,旗,キ,キ
駅,1155,1155,7730,名詞,接尾,地域,*,*,*,駅,エキ,エキ
周,1154,1154,11291,名詞,接尾,助数詞,*,*,*,周,シュウ,シュー
論,1150,1150,6700,名詞,接尾,一般,*,*,*,論,ロン,ロン
ｍｌ,1154,1154,11050,名詞,接尾,助数詞,*,*,*,ｍｌ,ミリリットル,ミリリットル
マルカ,1154,1154,8442,名詞,接尾,助数詞,*,*,*,マルカ,マルカ,マルカ
転,1154,1154,11044,名詞,接尾,助数詞,*,*,*,転,テン,テン
マイル,1154,1154,8333,名詞,接尾,助数詞,*,*,*,マイル,マイル,マイル
エクスード,1154,1154,8332,名詞,接尾,助数詞,*,*,*,エクスード,エクスード,エクスード
間,1150,1150,8204,名詞,接尾,一般,*,*,*,間,カン,カン
安,1150,1150,8815,名詞,接尾,一般,*,*,*,安,ヤス,ヤス
弁,1150,1150,8605,名詞,接尾,一般,*,*,*,弁,ベン,ベン
親等,1154,1154,9306,名詞,接尾,助数詞,*,*,*,親等,シントウ,シントー
食,1150,1150,7887,名詞,接尾,一般,*,*,*,食,ショク,ショク
ドル,1154,1154,7974,名詞,接尾,助数詞,*,*,*,ドル,ドル,ドル
ほど,1150,1150,10653,名詞,接尾,一般,*,*,*,ほど,ホド,ホド
分間,1154,1154,8863,名詞,接尾,助数詞,*,*,*,分間,フンカン,フンカン
っぱなし,1150,1150,8920,名詞,接尾,一般,*,*,*,っぱなし,ッパナシ,ッパナシ
峰,1150,1150,8707,名詞,接尾,一般,*,*,*,峰,ホウ,ホー
句,1150,1150,8872,名詞,接尾,一般,*,*,*,句,ク,ク
釣り,1150,1150,8401,名詞,接尾,一般,*,*,*,釣り,ヅリ,ズリ
っ子,1150,1150,9726,名詞,接尾,一般,*,*,*,っ子,ッコ,ッコ
辺,1152,1152,7901,名詞,接尾,副詞可能,*,*,*,辺,アタリ,アタリ
光年,1154,1154,9982,名詞,接尾,助数詞,*,*,*,光年,コウネン,コーネン
色,1150,1150,6447,名詞,接尾,一般,*,*,*,色,ショク,ショク
色,1150,1150,6358,名詞,接尾,一般,*,*,*,色,イロ,イロ
審,1150,1150,8033,名詞,接尾,一般,*,*,*,審,シン,シン
漬け,1150,1150,7111,名詞,接尾,一般,*,*,*,漬け,ヅケ,ズケ
艘,1154,1154,9408,名詞,接尾,助数詞,*,*,*,艘,ソウ,ソー
以西,1150,1150,8579,名詞,接尾,一般,*,*,*,以西,イセイ,イセイ
分,1150,1150,6413,名詞,接尾,一般,*,*,*,分,ブン,ブン
手,1150,1150,9340,名詞,接尾,一般,*,*,*,手,シュ,シュ
手,1150,1150,10643,名詞,接尾,一般,*,*,*,手,テ,テ
未満,1150,1150,6984,名詞,接尾,一般,*,*,*,未満,ミマン,ミマン
ごっこ,1150,1150,9001,名詞,接尾,一般,*,*,*,ごっこ,ゴッコ,ゴッコ
まがい,1150,1150,8989,名詞,接尾,一般,*,*,*,まがい,マガイ,マガイ
軸,1150,1150,9143,名詞,接尾,一般,*,*,*,軸,ジク,ジク
張り,1150,1150,9656,名詞,接尾,一般,*,*,*,張り,バリ,バリ
穴,1150,1150,9367,名詞,接尾,一般,*,*,*,穴,アナ,アナ
明け,1150,1150,5796,名詞,接尾,一般,*,*,*,明け,アケ,アケ
党,1150,1150,11445,名詞,接尾,一般,*,*,*,党,トウ,トー
組,1150,1150,7557,名詞,接尾,一般,*,*,*,組,グミ,グミ
組,1150,1150,10018,名詞,接尾,一般,*,*,*,組,クミ,クミ
局,1150,1150,7646,名詞,接尾,一般,*,*,*,局,キョク,キョク
誌,1150,1150,8709,名詞,接尾,一般,*,*,*,誌,シ,シ
体,1150,1150,10031,名詞,接尾,一般,*,*,*,体,タイ,タイ
腺,1150,1150,8733,名詞,接尾,一般,*,*,*,腺,セン,セン
スクレ,1154,1154,8332,名詞,接尾,助数詞,*,*,*,スクレ,スクレ,スクレ
期,1150,1150,9091,名詞,接尾,一般,*,*,*,期,キ,キ
か条,1154,1154,11107,名詞,接尾,助数詞,*,*,*,か条,カジョウ,カジョー
心,1150,1150,8662,名詞,接尾,一般,*,*,*,心,シン,シン
心,1150,1150,9420,名詞,接尾,一般,*,*,*,心,ゴコロ,ゴコロ
心,1150,1150,12264,名詞,接尾,一般,*,*,*,心,ココロ,ココロ
状,1150,1150,7325,名詞,接尾,一般,*,*,*,状,ジョウ,ジョー
％,1154,1154,7095,名詞,接尾,助数詞,*,*,*,％,パーセント,パーセント
そ,1153,1153,10175,名詞,接尾,助動詞語幹,*,*,*,そ,ソ,ソ
品,1150,1150,9965,名詞,接尾,一般,*,*,*,品,ヒン,ヒン
品,1150,1150,12903,名詞,接尾,一般,*,*,*,品,ピン,ピン
付近,1150,1150,10592,名詞,接尾,一般,*,*,*,付近,フキン,フキン
編,1150,1150,7796,名詞,接尾,一般,*,*,*,編,ヘン,ヘン
みち,1150,1150,8042,名詞,接尾,一般,*,*,*,みち,ミチ,ミチ
哩,1154,1154,9495,名詞,接尾,助数詞,*,*,*,哩,マイル,マイル
薄,1156,1156,7551,名詞,接尾,形容動詞語幹,*,*,*,薄,ウス,ウス
紙,1150,1150,8275,名詞,接尾,一般,*,*,*,紙,シ,シ
ＳＤＲ,1154,1154,10968,名詞,接尾,助数詞,*,*,*,ＳＤＲ,エスディーアール,エスディーアール
ずみ,1150,1150,8980,名詞,接尾,一般,*,*,*,ずみ,ズミ,ズミ
まわり,1154,1154,10858,名詞,接尾,助数詞,*,*,*,まわり,マワリ,マワリ
絡み,1150,1150,8590,名詞,接尾,一般,*,*,*,絡み,ガラミ,ガラミ
尾,1154,1154,11272,名詞,接尾,助数詞,*,*,*,尾,ビ,ビ
界,1150,1150,8619,名詞,接尾,一般,*,*,*,界,カイ,カイ
羽,1150,1150,7501,名詞,接尾,一般,*,*,*,羽,ワ,ワ
位,1154,1154,8753,名詞,接尾,助数詞,*,*,*,位,イ,イ
字詰め,1154,1154,9484,名詞,接尾,助数詞,*,*,*,字詰め,ジヅメ,ジズメ
まみれ,1150,1150,8834,名詞,接尾,一般,*,*,*,まみれ,マミレ,マミレ
駐,1150,1150,8683,名詞,接尾,一般,*,*,*,駐,チュウ,チュー
具,1150,1150,6386,名詞,接尾,一般,*,*,*,具,グ,グ
伝,1150,1150,9026,名詞,接尾,一般,*,*,*,伝,デン,デン
ゆえ,1150,1150,8404,名詞,接尾,一般,*,*,*,ゆえ,ユエ,ユエ
ディーケー,1154,1154,8332,名詞,接尾,助数詞,*,*,*,ディーケー,ディーケー,ディーケイ
ペソ,1154,1154,8322,名詞,接尾,助数詞,*,*,*,ペソ,ペソ,ペソ
網,1150,1150,6329,名詞,接尾,一般,*,*,*,網,モウ,モー
ちん,1151,1151,7889,名詞,接尾,人名,*,*,*,ちん,チン,チン
さん,1151,1151,7603,名詞,接尾,人名,*,*,*,さん,サン,サン
局,1154,1154,9591,名詞,接尾,助数詞,*,*,*,局,キョク,キョク
貫目,1154,1154,9495,名詞,接尾,助数詞,*,*,*,貫目,カンメ,カンメ
知らず,1150,1150,8369,名詞,接尾,一般,*,*,*,知らず,シラズ,シラズ
ちゃん,1151,1151,8770,名詞,接尾,人名,*,*,*,ちゃん,チャン,チャン
評,1150,1150,8929,名詞,接尾,一般,*,*,*,評,ヒョウ,ヒョー
相,1150,1150,10428,名詞,接尾,一般,*,*,*,相,ショウ,ショー
個,1154,1154,9213,名詞,接尾,助数詞,*,*,*,個,コ,コ
弾,1150,1150,7051,名詞,接尾,一般,*,*,*,弾,ダン,ダン
内,1154,1154,10333,名詞,接尾,助数詞,*,*,*,内,ナイ,ナイ
軍,1150,1150,8039,名詞,接尾,一般,*,*,*,軍,グン,グン
可,1150,1150,8772,名詞,接尾,一般,*,*,*,可,カ,カ
火,1150,1150,8967,名詞,接尾,一般,*,*,*,火,ヒ,ヒ
室,1154,1154,10101,名詞,接尾,助数詞,*,*,*,室,シツ,シツ
獣,1150,1150,6027,名詞,接尾,一般,*,*,*,獣,ジュウ,ジュウ
しだい,1150,1150,5892,名詞,接尾,一般,*,*,*,しだい,シダイ,シダイ
陣,1154,1154,9792,名詞,接尾,助数詞,*,*,*,陣,ジン,ジン
かげ,1150,1150,8785,名詞,接尾,一般,*,*,*,かげ,カゲ,カゲ
合わせ,1150,1150,9328,名詞,接尾,一般,*,*,*,合わせ,アワセ,アワセ
駄,1154,1154,9904,名詞,接尾,助数詞,*,*,*,駄,ダ,ダ
噸,1154,1154,9784,名詞,接尾,助数詞,*,*,*,噸,トン,トン
着,1150,1150,7820,名詞,接尾,一般,*,*,*,着,ギ,ギ
着,1150,1150,9129,名詞,接尾,一般,*,*,*,着,チャク,チャク
間,1154,1154,10907,名詞,接尾,助数詞,*,*,*,間,ケン,ケン
じゅう,1152,1152,8265,名詞,接尾,副詞可能,*,*,*,じゅう,ジュウ,ジュー
分,1154,1154,11200,名詞,接尾,助数詞,*,*,*,分,フン,フン
分,1154,1154,13114,名詞,接尾,助数詞,*,*,*,分,ブ,ブ
数,1150,1150,8438,名詞,接尾,一般,*,*,*,数,スウ,スー
季,1154,1154,12237,名詞,接尾,助数詞,*,*,*,季,キ,キ
書,1150,1150,8252,名詞,接尾,一般,*,*,*,書,ショ,ショ
鍋,1150,1150,9631,名詞,接尾,一般,*,*,*,鍋,ナベ,ナベ
長,1150,1150,8585,名詞,接尾,一般,*,*,*,長,チョウ,チョー
ページ,1154,1154,7752,名詞,接尾,助数詞,*,*,*,ページ,ページ,ページ
行,1154,1154,11245,名詞,接尾,助数詞,*,*,*,行,コウ,コー
行,1154,1154,10804,名詞,接尾,助数詞,*,*,*,行,ギョウ,ギョー
メガビット,1154,1154,8307,名詞,接尾,助数詞,*,*,*,メガビット,メガビット,メガビット
テラ,1154,1154,8389,名詞,接尾,助数詞,*,*,*,テラ,テラ,テラ
共,1150,1150,8950,名詞,接尾,一般,*,*,*,共,トモ,トモ
共,1150,1150,10358,名詞,接尾,一般,*,*,*,共,ドモ,ドモ
焼,1150,1150,7932,名詞,接尾,一般,*,*,*,焼,ショウ,ショー
ホン,1154,1154,8345,名詞,接尾,助数詞,*,*,*,ホン,ホン,ホン
か所,1154,1154,11261,名詞,接尾,助数詞,*,*,*,か所,カショ,カショ
面,1150,1150,10642,名詞,接尾,一般,*,*,*,面,メン,メン
ドラクマ,1154,1154,8332,名詞,接尾,助数詞,*,*,*,ドラクマ,ドラクマ,ドラクマ
弦,1154,1154,10052,名詞,接尾,助数詞,*,*,*,弦,ゲン,ゲン
割れ,1150,1150,7526,名詞,接尾,一般,*,*,*,割れ,ワレ,ワレ
球,1150,1150,10819,名詞,接尾,一般,*,*,*,球,ダマ,ダマ
球,1150,1150,9418,名詞,接尾,一般,*,*,*,球,キュウ,キュー
ごたえ,1150,1150,9051,名詞,接尾,一般,*,*,*,ごたえ,ゴタエ,ゴタエ
率,1150,1150,7737,名詞,接尾,一般,*,*,*,率,リツ,リツ
番手,1154,1154,9374,名詞,接尾,助数詞,*,*,*,番手,バンテ,バンテ
グラム,1154,1154,8315,名詞,接尾,助数詞,*,*,*,グラム,グラム,グラム
掛け,1150,1150,9528,名詞,接尾,一般,*,*,*,掛け,カケ,カケ
個月,1154,1154,9751,名詞,接尾,助数詞,*,*,*,個月,カゲツ,カゲツ
ダウン,1150,1150,10196,名詞,接尾,一般,*,*,*,ダウン,ダウン,ダウン
ｔ,1154,1154,11358,名詞,接尾,助数詞,*,*,*,ｔ,トン,トン
科,1150,1150,7748,名詞,接尾,一般,*,*,*,科,カ,カ
分け,1149,1149,9608,名詞,接尾,サ変接続,*,*,*,分け,ワケ,ワケ
作り,1150,1150,5619,名詞,接尾,一般,*,*,*,作り,ヅクリ,ズクリ
作り,1150,1150,8484,名詞,接尾,一般,*,*,*,作り,ツクリ,ツクリ
条,1154,1154,10764,名詞,接尾,助数詞,*,*,*,条,ジョウ,ジョー
そろい,1154,1154,11113,名詞,接尾,助数詞,*,*,*,そろい,ソロイ,ソロイ
球,1154,1154,10826,名詞,接尾,助数詞,*,*,*,球,キュウ,キュー
狂,1150,1150,7178,名詞,接尾,一般,*,*,*,狂,キョウ,キョー
名,1154,1154,8238,名詞,接尾,助数詞,*,*,*,名,メイ,メイ
遍,1154,1154,10057,名詞,接尾,助数詞,*,*,*,遍,ヘン,ヘン
王,1150,1150,9749,名詞,接尾,一般,*,*,*,王,オウ,オー
文,1154,1154,11191,名詞,接尾,助数詞,*,*,*,文,ブン,ブン
文,1154,1154,12220,名詞,接尾,助数詞,*,*,*,文,モン,モン
輪,1154,1154,10452,名詞,接尾,助数詞,*,*,*,輪,リン,リン
化,1149,1149,7502,名詞,接尾,サ変接続,*,*,*,化,カ,カ
枠,1154,1154,8694,名詞,接尾,助数詞,*,*,*,枠,ワク,ワク
筆,1150,1150,8835,名詞,接尾,一般,*,*,*,筆,ヒツ,ヒツ
バール,1154,1154,8334,名詞,接尾,助数詞,*,*,*,バール,バール,バール
シリング,1154,1154,8332,名詞,接尾,助数詞,*,*,*,シリング,シリング,シリング
人月,1154,1154,9495,名詞,接尾,助数詞,*,*,*,人月,ニンゲツ,ニンゲツ
ペニー,1154,1154,8332,名詞,接尾,助数詞,*,*,*,ペニー,ペニー,ペニー
ガモ,1150,1150,8264,名詞,接尾,一般,*,*,*,ガモ,ガモ,ガモ
刷,1154,1154,9529,名詞,接尾,助数詞,*,*,*,刷,サツ,サツ
個口,1154,1154,9457,名詞,接尾,助数詞,*,*,*,個口,コグチ,コグチ
月,1154,1154,15026,名詞,接尾,助数詞,*,*,*,月,ツキ,ツキ
ガロン,1154,1154,8332,名詞,接尾,助数詞,*,*,*,ガロン,ガロン,ガロン
葬,1150,1150,7296,名詞,接尾,一般,*,*,*,葬,ソウ,ソー
罰,1150,1150,7425,名詞,接尾,一般,*,*,*,罰,バツ,バツ
カイリ,1154,1154,8186,名詞,接尾,助数詞,*,*,*,カイリ,カイリ,カイリ
機,1154,1154,10304,名詞,接尾,助数詞,*,*,*,機,キ,キ
売,1150,1150,9084,名詞,接尾,一般,*,*,*,売,ウリ,ウリ
拳,1150,1150,7605,名詞,接尾,一般,*,*,*,拳,ケン,ケン
版,1150,1150,6734,名詞,接尾,一般,*,*,*,版,バン,バン
限,1154,1154,10241,名詞,接尾,助数詞,*,*,*,限,ゲン,ゲン
石,1154,1154,9562,名詞,接尾,助数詞,*,*,*,石,セキ,セキ
石,1154,1154,11369,名詞,接尾,助数詞,*,*,*,石,コク,コク
票,1150,1150,8542,名詞,接尾,一般,*,*,*,票,ヒョウ,ヒョー
ウォン,1154,1154,8302,名詞,接尾,助数詞,*,*,*,ウォン,ウォン,ウォン
びたし,1150,1150,8992,名詞,接尾,一般,*,*,*,びたし,ビタシ,ビタシ
発,1154,1154,10024,名詞,接尾,助数詞,*,*,*,発,ハツ,ハツ
マン,1150,1150,9379,名詞,接尾,一般,*,*,*,マン,マン,マン
油,1150,1150,8171,名詞,接尾,一般,*,*,*,油,ユ,ユ
港,1155,1155,11655,名詞,接尾,地域,*,*,*,港,コウ,コー
風,1150,1150,5780,名詞,接尾,一般,*,*,*,風,フウ,フー
回,1154,1154,6739,名詞,接尾,助数詞,*,*,*,回,カイ,カイ
遣い,1150,1150,6533,名詞,接尾,一般,*,*,*,遣い,ヅカイ,ズカイ
ども,1150,1150,9856,名詞,接尾,一般,*,*,*,ども,ドモ,ドモ
ポイント,1154,1154,7509,名詞,接尾,助数詞,*,*,*,ポイント,ポイント,ポイント
心地,1150,1150,7483,名詞,接尾,一般,*,*,*,心地,ゴコチ,ゴコチ
年代,1154,1154,8415,名詞,接尾,助数詞,*,*,*,年代,ネンダイ,ネンダイ
鋼,1150,1150,7945,名詞,接尾,一般,*,*,*,鋼,コウ,コー
付,1150,1150,7094,名詞,接尾,一般,*,*,*,付,ヅケ,ズケ
付,1150,1150,10191,名詞,接尾,一般,*,*,*,付,フ,フ
付,1150,1150,9764,名詞,接尾,一般,*,*,*,付,ツキ,ツキ
画,1150,1150,9896,名詞,接尾,一般,*,*,*,画,ガ,ガ
士,1150,1150,9170,名詞,接尾,一般,*,*,*,士,シ,シ
帯,1150,1150,7362,名詞,接尾,一般,*,*,*,帯,タイ,タイ
つ折り,1154,1154,11107,名詞,接尾,助数詞,*,*,*,つ折り,ツオリ,ツオリ
つまみ,1154,1154,11693,名詞,接尾,助数詞,*,*,*,つまみ,ツマミ,ツマミ
デニール,1154,1154,8332,名詞,接尾,助数詞,*,*,*,デニール,デニール,デニール
張り,1154,1154,10122,名詞,接尾,助数詞,*,*,*,張り,ハリ,ハリ
館,1150,1150,8078,名詞,接尾,一般,*,*,*,館,カン,カン
もと,1150,1150,9328,名詞,接尾,一般,*,*,*,もと,モト,モト
替え,1150,1150,9383,名詞,接尾,一般,*,*,*,替え,ガエ,ガエ
くだり,1154,1154,11390,名詞,接尾,助数詞,*,*,*,くだり,クダリ,クダリ
キロメートル,1154,1154,8332,名詞,接尾,助数詞,*,*,*,キロメートル,キロメートル,キロメートル
馬身,1154,1154,9494,名詞,接尾,助数詞,*,*,*,馬身,バシン,バシン
児,1150,1150,8995,名詞,接尾,一般,*,*,*,児,ジ,ジ
運び,1150,1150,7789,名詞,接尾,一般,*,*,*,運び,ハコビ,ハコビ
湖,1155,1155,9942,名詞,接尾,地域,*,*,*,湖,コ,コ
園,1154,1154,11089,名詞,接尾,助数詞,*,*,*,園,エン,エン
進数,1154,1154,9495,名詞,接尾,助数詞,*,*,*,進数,シンスウ,シンスー
余り,1150,1150,6279,名詞,接尾,一般,*,*,*,余り,アマリ,アマリ
分け,1154,1154,12232,名詞,接尾,助数詞,*,*,*,分け,ワケ,ワケ
目,1150,1150,7322,名詞,接尾,一般,*,*,*,目,メ,メ
刀,1150,1150,9744,名詞,接尾,一般,*,*,*,刀,ガタナ,ガタナ
かた,1150,1150,9519,名詞,接尾,一般,*,*,*,かた,カタ,カタ
袋,1150,1150,7935,名詞,接尾,一般,*,*,*,袋,ブクロ,ブクロ
作,1154,1154,11254,名詞,接尾,助数詞,*,*,*,作,サク,サク
材,1150,1150,9318,名詞,接尾,一般,*,*,*,材,ザイ,ザイ
向け,1150,1150,6756,名詞,接尾,一般,*,*,*,向け,ムケ,ムケ
閥,1150,1150,8055,名詞,接尾,一般,*,*,*,閥,バツ,バツ
ミリバール,1154,1154,8332,名詞,接尾,助数詞,*,*,*,ミリバール,ミリバール,ミリバール
エスクード,1154,1154,8332,名詞,接尾,助数詞,*,*,*,エスクード,エスクード,エスクード
ｍ,1154,1154,11288,名詞,接尾,助数詞,*,*,*,ｍ,メートル,メートル
址,1150,1150,8769,名詞,接尾,一般,*,*,*,址,シ,シ
か月,1154,1154,11363,名詞,接尾,助数詞,*,*,*,か月,カゲツ,カゲツ
著,1151,1151,7226,名詞,接尾,人名,*,*,*,著,チョ,チョ
箱,1154,1154,9952,名詞,接尾,助数詞,*,*,*,箱,ハコ,ハコ
不可,1150,1150,7842,名詞,接尾,一般,*,*,*,不可,フカ,フカ
名,1150,1150,8274,名詞,接尾,一般,*,*,*,名,メイ,メイ
もの,1150,1150,9509,名詞,接尾,一般,*,*,*,もの,モノ,モノ
性,1150,1150,7025,名詞,接尾,一般,*,*,*,性,セイ,セイ
祭,1150,1150,7206,名詞,接尾,一般,*,*,*,祭,サイ,サイ
カロリー,1154,1154,8610,名詞,接尾,助数詞,*,*,*,カロリー,カロリー,カロリー
選,1150,1150,8493,名詞,接尾,一般,*,*,*,選,セン,セン
型,1154,1154,9253,名詞,接尾,助数詞,*,*,*,型,ガタ,ガタ
袋,1154,1154,10292,名詞,接尾,助数詞,*,*,*,袋,フクロ,フクロ
ピコ,1154,1154,8331,名詞,接尾,助数詞,*,*,*,ピコ,ピコ,ピコ
艇,1150,1150,9312,名詞,接尾,一般,*,*,*,艇,テイ,テイ
県,1155,1155,6348,名詞,接尾,地域,*,*,*,県,ケン,ケン
よう,1150,1150,7251,名詞,接尾,一般,*,*,*,よう,ヨウ,ヨー
さばき,1150,1150,10308,名詞,接尾,一般,*,*,*,さばき,サバキ,サバキ
宛て,1150,1150,7803,名詞,接尾,一般,*,*,*,宛て,アテ,アテ
どうし,1150,1150,9694,名詞,接尾,一般,*,*,*,どうし,ドウシ,ドーシ
染め,1150,1150,7306,名詞,接尾,一般,*,*,*,染め,ゾメ,ゾメ
Ｍバイト,1154,1154,11067,名詞,接尾,助数詞,*,*,*,Ｍバイト,メガバイト,メガバイト
サンチーム,1154,1154,8332,名詞,接尾,助数詞,*,*,*,サンチーム,サンチーム,サンチーム
則,1150,1150,9375,名詞,接尾,一般,*,*,*,則,ソク,ソク
書き,1150,1150,7174,名詞,接尾,一般,*,*,*,書き,ガキ,ガキ
書き,1150,1150,8157,名詞,接尾,一般,*,*,*,書き,カキ,カキ
区,1154,1154,9078,名詞,接尾,助数詞,*,*,*,区,ク,ク
ｈｐａ,1154,1154,11067,名詞,接尾,助数詞,*,*,*,ｈｐａ,ヘクトパスカル,ヘクトパスカル
出し,1150,1150,9785,名詞,接尾,一般,*,*,*,出し,ダシ,ダシ
等,1150,1150,6819,名詞,接尾,一般,*,*,*,等,トウ,トー
等,1150,1150,5944,名詞,接尾,一般,*,*,*,等,ラ,ラ
金,1150,1150,8983,名詞,接尾,一般,*,*,*,金,キン,キン
がらみ,1150,1150,9091,名詞,接尾,一般,*,*,*,がらみ,ガラミ,ガラミ
ｋｈｚ,1154,1154,11067,名詞,接尾,助数詞,*,*,*,ｋｈｚ,キロヘルツ,キロヘルツ
水,1150,1150,9778,名詞,接尾,一般,*,*,*,水,スイ,スイ
水,1150,1150,10498,名詞,接尾,一般,*,*,*,水,ミズ,ミズ
フォン,1154,1154,8332,名詞,接尾,助数詞,*,*,*,フォン,フォン,フォン
年来,1154,1154,9266,名詞,接尾,助数詞,*,*,*,年来,ネンライ,ネンライ
絵,1150,1150,9906,名詞,接尾,一般,*,*,*,絵,エ,エ
週,1154,1154,10434,名詞,接尾,助数詞,*,*,*,週,シュウ,シュー
足らず,1150,1150,7159,名詞,接尾,一般,*,*,*,足らず,タラズ,タラズ
飾り,1150,1150,7639,名詞,接尾,一般,*,*,*,飾り,カザリ,カザリ
リットル,1154,1154,8139,名詞,接尾,助数詞,*,*,*,リットル,リットル,リットル
焼き,1150,1150,8441,名詞,接尾,一般,*,*,*,焼き,ヤキ,ヤキ
線,1154,1154,10596,名詞,接尾,助数詞,*,*,*,線,セン,セン
年度,1150,1150,9671,名詞,接尾,一般,*,*,*,年度,ネンド,ネンド
持ち,1150,1150,9846,名詞,接尾,一般,*,*,*,持ち,モチ,モチ
年,1154,1154,8934,名詞,接尾,助数詞,*,*,*,年,ネン,ネン
価,1154,1154,11521,名詞,接尾,助数詞,*,*,*,価,カ,カ
博,1150,1150,9289,名詞,接尾,一般,*,*,*,博,ハク,ハク
パーセント,1154,1154,8222,名詞,接尾,助数詞,*,*,*,パーセント,パーセント,パーセント
付き,1150,1150,7347,名詞,接尾,一般,*,*,*,付き,ツキ,ツキ
疲れ,1150,1150,8789,名詞,接尾,一般,*,*,*,疲れ,ヅカレ,ズカレ
泊,1154,1154,9071,名詞,接尾,助数詞,*,*,*,泊,ハク,ハク
破り,1150,1150,9932,名詞,接尾,一般,*,*,*,破り,ヤブリ,ヤブリ
さ,1157,1157,5704,名詞,接尾,特殊,*,*,*,さ,サ,サ
州,1154,1154,11861,名詞,接尾,助数詞,*,*,*,州,シュウ,シュー
族,1150,1150,8908,名詞,接尾,一般,*,*,*,族,ゾク,ゾク
いじり,1150,1150,8990,名詞,接尾,一般,*,*,*,いじり,イジリ,イジリ
支度,1150,1150,6706,名詞,接尾,一般,*,*,*,支度,ジタク,ジタク
片,1154,1154,10708,名詞,接尾,助数詞,*,*,*,片,ヘン,ヘン
片,1154,1154,11610,名詞,接尾,助数詞,*,*,*,片,ペン,ペン
強,1150,1150,8567,名詞,接尾,一般,*,*,*,強,キョウ,キョー
量,1150,1150,8450,名詞,接尾,一般,*,*,*,量,リョウ,リョウ
証,1150,1150,9347,名詞,接尾,一般,*,*,*,証,ショウ,ショー
言,1154,1154,12077,名詞,接尾,助数詞,*,*,*,言,コト,コト
建て,1150,1150,6526,名詞,接尾,一般,*,*,*,建て,ダテ,ダテ
建て,1150,1150,9650,名詞,接尾,一般,*,*,*,建て,タテ,タテ
作,1150,1150,8738,名詞,接尾,一般,*,*,*,作,サク,サク
先,1150,1150,7205,名詞,接尾,一般,*,*,*,先,サキ,サキ
いかん,1150,1150,9808,名詞,接尾,一般,*,*,*,いかん,イカン,イカン
メガトン,1154,1154,8332,名詞,接尾,助数詞,*,*,*,メガトン,メガトン,メガトン
ガニ,1150,1150,8438,名詞,接尾,一般,*,*,*,ガニ,ガニ,ガニ
あけ,1150,1150,8640,名詞,接尾,一般,*,*,*,あけ,アケ,アケ
街,1150,1150,7861,名詞,接尾,一般,*,*,*,街,ガイ,ガイ
サイクル,1154,1154,8433,名詞,接尾,助数詞,*,*,*,サイクル,サイクル,サイクル
ラウンド,1154,1154,8162,名詞,接尾,助数詞,*,*,*,ラウンド,ラウンド,ラウンド
点,1154,1154,9130,名詞,接尾,助数詞,*,*,*,点,テン,テン
ｋｍ,1154,1154,11067,名詞,接尾,助数詞,*,*,*,ｋｍ,キロメートル,キロメートル
引き,1150,1150,8948,名詞,接尾,一般,*,*,*,引き,ビキ,ビキ
引き,1150,1150,9829,名詞,接尾,一般,*,*,*,引き,ヒキ,ヒキ
林,1150,1150,9357,名詞,接尾,一般,*,*,*,林,リン,リン
粉,1150,1150,8769,名詞,接尾,一般,*,*,*,粉,コ,コ
段式,1154,1154,13169,名詞,接尾,助数詞,*,*,*,段式,ダンシキ,ダンシキ
げいこ,1150,1150,9022,名詞,接尾,一般,*,*,*,げいこ,ゲイコ,ゲイコ
様,1154,1154,11214,名詞,接尾,助数詞,*,*,*,様,ヨウ,ヨー
トン,1154,1154,7251,名詞,接尾,助数詞,*,*,*,トン,トン,トン
肢,1150,1150,9604,名詞,接尾,一般,*,*,*,肢,シ,シ
カ寺,1154,1154,7620,名詞,接尾,助数詞,*,*,*,カ寺,カジ,カジ
ｃｃ,1154,1154,11869,名詞,接尾,助数詞,*,*,*,ｃｃ,シーシー,シーシー
便,1154,1154,9785,名詞,接尾,助数詞,*,*,*,便,ビン,ビン
みがき,1150,1150,8939,名詞,接尾,一般,*,*,*,みがき,ミガキ,ミガキ
げ,1150,1150,9423,名詞,接尾,一般,*,*,*,げ,ゲ,ゲ
アール,1154,1154,8861,名詞,接尾,助数詞,*,*,*,アール,アール,アール
本,1154,1154,8769,名詞,接尾,助数詞,*,*,*,本,ホン,ホン
沿い,1150,1150,5017,名詞,接尾,一般,*,*,*,沿い,ゾイ,ゾイ
沿い,1150,1150,6411,名詞,接尾,一般,*,*,*,沿い,ソイ,ソイ
魂,1150,1150,10020,名詞,接尾,一般,*,*,*,魂,ダマシイ,ダマシー
椀,1154,1154,9688,名詞,接尾,助数詞,*,*,*,椀,ワン,ワン
振り,1154,1154,11782,名詞,接尾,助数詞,*,*,*,振り,フリ,フリ
港,1154,1154,11989,名詞,接尾,助数詞,*,*,*,港,コウ,コー
くみ,1150,1150,9649,名詞,接尾,一般,*,*,*,くみ,クミ,クミ
伝い,1150,1150,7979,名詞,接尾,一般,*,*,*,伝い,ヅタイ,ズタイ
箇月,1154,1154,9751,名詞,接尾,助数詞,*,*,*,箇月,カゲツ,カゲツ
巻き,1150,1150,9414,名詞,接尾,一般,*,*,*,巻き,マキ,マキ
ら,1150,1150,8783,名詞,接尾,一般,*,*,*,ら,ラ,ラ
度目,1154,1154,7331,名詞,接尾,助数詞,*,*,*,度目,ドメ,ドメ
例,1154,1154,10451,名詞,接尾,助数詞,*,*,*,例,レイ,レイ
パット,1154,1154,8205,名詞,接尾,助数詞,*,*,*,パット,パット,パット
歴,1150,1150,7531,名詞,接尾,一般,*,*,*,歴,レキ,レキ
師,1150,1150,8253,名詞,接尾,一般,*,*,*,師,シ,シ
離れ,1150,1150,8236,名詞,接尾,一般,*,*,*,離れ,バナレ,バナレ
台,1154,1154,10334,名詞,接尾,助数詞,*,*,*,台,ダイ,ダイ
犯,1150,1150,9222,名詞,接尾,一般,*,*,*,犯,ハン,ハン
打,1150,1150,9078,名詞,接尾,一般,*,*,*,打,ダ,ダ
湾,1150,1150,8159,名詞,接尾,一般,*,*,*,湾,ワン,ワン
院,1150,1150,7302,名詞,接尾,一般,*,*,*,院,イン,イン
ボルト,1154,1154,8312,名詞,接尾,助数詞,*,*,*,ボルト,ボルト,ボルト
陣,1150,1150,7794,名詞,接尾,一般,*,*,*,陣,ジン,ジン
語,1150,1150,8074,名詞,接尾,一般,*,*,*,語,ゴ,ゴ
キロヘルツ,1154,1154,8332,名詞,接尾,助数詞,*,*,*,キロヘルツ,キロヘルツ,キロヘルツ
攻め,1150,1150,8018,名詞,接尾,一般,*,*,*,攻め,ゼメ,ゼメ
巻,1154,1154,8299,名詞,接尾,助数詞,*,*,*,巻,カン,カン
使,1150,1150,10733,名詞,接尾,一般,*,*,*,使,シ,シ
時限,1154,1154,9368,名詞,接尾,助数詞,*,*,*,時限,ジゲン,ジゲン
回忌,1154,1154,9196,名詞,接尾,助数詞,*,*,*,回忌,カイキ,カイキ
ばり,1150,1150,9180,名詞,接尾,一般,*,*,*,ばり,バリ,バリ
市内,1155,1155,10365,名詞,接尾,地域,*,*,*,市内,シナイ,シナイ
通り,1154,1154,10264,名詞,接尾,助数詞,*,*,*,通り,トオリ,トーリ
分の,1154,1154,9484,名詞,接尾,助数詞,*,*,*,分の,ブンノ,ブンノ
がわり,1150,1150,7240,名詞,接尾,一般,*,*,*,がわり,ガワリ,ガワリ
犯,1154,1154,11008,名詞,接尾,助数詞,*,*,*,犯,ハン,ハン
籍,1150,1150,10384,名詞,接尾,一般,*,*,*,籍,セキ,セキ
章,1154,1154,10207,名詞,接尾,助数詞,*,*,*,章,ショウ,ショー
気味,1150,1150,6470,名詞,接尾,一般,*,*,*,気味,ギミ,ギミ
続き,1154,1154,11740,名詞,接尾,助数詞,*,*,*,続き,ツヅキ,ツヅキ
数,1154,1154,12823,名詞,接尾,助数詞,*,*,*,数,スウ,スー
際,1150,1150,7486,名詞,接尾,一般,*,*,*,際,ギワ,ギワ
握り,1154,1154,9655,名詞,接尾,助数詞,*,*,*,握り,ニギリ,ニギリ
ｋメートル,1154,1154,11067,名詞,接尾,助数詞,*,*,*,ｋメートル,キロメートル,キロメートル
裁,1150,1150,10397,名詞,接尾,一般,*,*,*,裁,サイ,サイ
フィート,1154,1154,8332,名詞,接尾,助数詞,*,*,*,フィート,フィート,フィート
刈り,1150,1150,7903,名詞,接尾,一般,*,*,*,刈り,ガリ,ガリ
ごこち,1150,1150,8955,名詞,接尾,一般,*,*,*,ごこち,ゴコチ,ゴコチ
立,1150,1150,10316,名詞,接尾,一般,*,*,*,立,リツ,リツ
立,1150,1150,11602,名詞,接尾,一般,*,*,*,立,タテ,タテ
下り,1150,1150,7574,名詞,接尾,一般,*,*,*,下り,クダリ,クダリ
店,1154,1154,9361,名詞,接尾,助数詞,*,*,*,店,テン,テン
字,1154,1154,11871,名詞,接尾,助数詞,*,*,*,字,ジ,ジ
観,1150,1150,7817,名詞,接尾,一般,*,*,*,観,カン,カン
秒間,1154,1154,9306,名詞,接尾,助数詞,*,*,*,秒間,ビョウカン,ビョーカン
犬,1150,1150,7667,名詞,接尾,一般,*,*,*,犬,ケン,ケン
錠,1154,1154,10221,名詞,接尾,助数詞,*,*,*,錠,ジョウ,ジョー
船,1150,1150,7990,名詞,接尾,一般,*,*,*,船,セン,セン
講,1150,1150,8993,名詞,接尾,一般,*,*,*,講,コウ,コー
土,1150,1150,10906,名詞,接尾,一般,*,*,*,土,ド,ド
入り,1149,1149,6663,名詞,接尾,サ変接続,*,*,*,入り,イリ,イリ
号線,1154,1154,9495,名詞,接尾,助数詞,*,*,*,号線,ゴウセン,ゴーセン
Ｍｂ,1154,1154,11067,名詞,接尾,助数詞,*,*,*,Ｍｂ,メガバイト,メガバイト
上げ,1150,1150,10920,名詞,接尾,一般,*,*,*,上げ,アゲ,アゲ
湖,1154,1154,10615,名詞,接尾,助数詞,*,*,*,湖,コ,コ
刺し,1150,1150,8821,名詞,接尾,一般,*,*,*,刺し,ザシ,ザシ
賞,1150,1150,7396,名詞,接尾,一般,*,*,*,賞,ショウ,ショー
生,1150,1150,6431,名詞,接尾,一般,*,*,*,生,セイ,セイ
生,1150,1150,10431,名詞,接尾,一般,*,*,*,生,ウマレ,ウマレ
世,1154,1154,10533,名詞,接尾,助数詞,*,*,*,世,セイ,セイ
ぺん,1154,1154,11456,名詞,接尾,助数詞,*,*,*,ぺん,ペン,ペン
カ条,1154,1154,8332,名詞,接尾,助数詞,*,*,*,カ条,カジョウ,カジョー
Ｇバイト,1154,1154,11068,名詞,接尾,助数詞,*,*,*,Ｇバイト,ギガバイト,ギガバイト
柱,1150,1150,8791,名詞,接尾,一般,*,*,*,柱,バシラ,バシラ
斤,1154,1154,9548,名詞,接尾,助数詞,*,*,*,斤,キン,キン
年間,1154,1154,8426,名詞,接尾,助数詞,*,*,*,年間,ネンカン,ネンカン
漁,1150,1150,8917,名詞,接尾,一般,*,*,*,漁,リョウ,リョー
並み,1150,1150,6311,名詞,接尾,一般,*,*,*,並み,ナミ,ナミ
キロ,1154,1154,8611,名詞,接尾,助数詞,*,*,*,キロ,キロ,キロ
墳,1150,1150,8489,名詞,接尾,一般,*,*,*,墳,フン,フン
談,1150,1150,9249,名詞,接尾,一般,*,*,*,談,ダン,ダン
バレル,1154,1154,8333,名詞,接尾,助数詞,*,*,*,バレル,バレル,バレル
バーツ,1154,1154,8332,名詞,接尾,助数詞,*,*,*,バーツ,バーツ,バーツ
令,1150,1150,7090,名詞,接尾,一般,*,*,*,令,レイ,レイ
城,1150,1150,9906,名詞,接尾,一般,*,*,*,城,ジョウ,ジョー
案,1150,1150,8828,名詞,接尾,一般,*,*,*,案,アン,アン
固め,1150,1150,9726,名詞,接尾,一般,*,*,*,固め,ガタメ,ガタメ
物,1150,1150,8948,名詞,接尾,一般,*,*,*,物,ブツ,ブツ
物,1150,1150,8862,名詞,接尾,一般,*,*,*,物,モノ,モノ
びいき,1150,1150,8992,名詞,接尾,一般,*,*,*,びいき,ビイキ,ビイキ
フロア,1154,1154,8273,名詞,接尾,助数詞,*,*,*,フロア,フロア,フロア
好き,1156,1156,3771,名詞,接尾,形容動詞語幹,*,*,*,好き,スキ,スキ
入れ,1150,1150,8087,名詞,接尾,一般,*,*,*,入れ,イレ,イレ
ディナール,1154,1154,9786,名詞,接尾,助数詞,*,*,*,ディナール,ディナール,ディナール
歌,1150,1150,9874,名詞,接尾,一般,*,*,*,歌,カ,カ
口,1154,1154,11074,名詞,接尾,助数詞,*,*,*,口,クチ,クチ
層,1154,1154,11047,名詞,接尾,助数詞,*,*,*,層,ソウ,ソー
夕,1150,1150,9831,名詞,接尾,一般,*,*,*,夕,ユウ,ユー
づきあい,1150,1150,8992,名詞,接尾,一般,*,*,*,づきあい,ヅキアイ,ズキアイ
食い,1150,1150,8906,名詞,接尾,一般,*,*,*,食い,グイ,グイ
わき,1150,1150,9173,名詞,接尾,一般,*,*,*,わき,ワキ,ワキ
そう,1153,1153,4494,名詞,接尾,助動詞語幹,*,*,*,そう,ソウ,ソー
炎,1150,1150,5771,名詞,接尾,一般,*,*,*,炎,エン,エン
ギガ,1154,1154,8702,名詞,接尾,助数詞,*,*,*,ギガ,ギガ,ギガ
団,1150,1150,7021,名詞,接尾,一般,*,*,*,団,ダン,ダン
番地,1154,1154,9495,名詞,接尾,助数詞,*,*,*,番地,バンチ,バンチ
づくし,1150,1150,8992,名詞,接尾,一般,*,*,*,づくし,ヅクシ,ズクシ
ふう,1150,1150,8556,名詞,接尾,一般,*,*,*,ふう,フウ,フー
ｃａｌ,1154,1154,11120,名詞,接尾,助数詞,*,*,*,ｃａｌ,カロリー,カロリー
メガヘルツ,1154,1154,8237,名詞,接尾,助数詞,*,*,*,メガヘルツ,メガヘルツ,メガヘルツ
上,1150,1150,7998,名詞,接尾,一般,*,*,*,上,ウエ,ウエ
ヵ月,1154,1154,8589,名詞,接尾,助数詞,*,*,*,ヵ月,カゲツ,カゲツ
年生,1154,1154,9304,名詞,接尾,助数詞,*,*,*,年生,ネンセイ,ネンセイ
畳,1154,1154,8916,名詞,接尾,助数詞,*,*,*,畳,ジョウ,ジョー
糖,1150,1150,8404,名詞,接尾,一般,*,*,*,糖,トウ,トー
Ｒ,1154,1154,11185,名詞,接尾,助数詞,*,*,*,Ｒ,ラウンド,ラウンド
Ｒ,1154,1154,12706,名詞,接尾,助数詞,*,*,*,Ｒ,アール,アール
げんか,1150,1150,8989,名詞,接尾,一般,*,*,*,げんか,ゲンカ,ゲンカ
グァラニ,1154,1154,8332,名詞,接尾,助数詞,*,*,*,グァラニ,グァラニ,グァラニ
皮,1150,1150,9729,名詞,接尾,一般,*,*,*,皮,ガワ,ガワ
郡,1155,1155,7708,名詞,接尾,地域,*,*,*,郡,グン,グン
方,1154,1154,12492,名詞,接尾,助数詞,*,*,*,方,ポウ,ポー
方,1154,1154,12372,名詞,接尾,助数詞,*,*,*,方,ホウ,ホー
柱,1154,1154,9702,名詞,接尾,助数詞,*,*,*,柱,ハシラ,ハシラ
掴み,1154,1154,9535,名詞,接尾,助数詞,*,*,*,掴み,ツカミ,ツカミ
川,1155,1155,10985,名詞,接尾,地域,*,*,*,川,ガワ,ガワ
川,1155,1155,12762,名詞,接尾,地域,*,*,*,川,カワ,カワ
カ所,1154,1154,9901,名詞,接尾,助数詞,*,*,*,カ所,カショ,カショ
以来,1152,1152,9954,名詞,接尾,副詞可能,*,*,*,以来,イライ,イライ
ダース,1154,1154,8332,名詞,接尾,助数詞,*,*,*,ダース,ダース,ダース
勝,1149,1149,8720,名詞,接尾,サ変接続,*,*,*,勝,ショウ,ショー
分,1152,1152,11480,名詞,接尾,副詞可能,*,*,*,分,フン,フン
次第,1152,1152,10998,名詞,接尾,副詞可能,*,*,*,次第,シダイ,シダイ
半,1150,1150,12651,名詞,接尾,一般,*,*,*,半,ハン,ハン
ばなし,1150,1150,9182,名詞,接尾,一般,*,*,*,ばなし,バナシ,バナシ
枚,1154,1154,9282,名詞,接尾,助数詞,*,*,*,枚,マイ,マイ
シリーズ,1150,1150,8983,名詞,接尾,一般,*,*,*,シリーズ,シリーズ,シリーズ
もれ,1150,1150,8971,名詞,接尾,一般,*,*,*,もれ,モレ,モレ
ミリボルト,1154,1154,8332,名詞,接尾,助数詞,*,*,*,ミリボルト,ミリボルト,ミリボルト
人組,1154,1154,8955,名詞,接尾,助数詞,*,*,*,人組,ニングミ,ニングミ
棹,1154,1154,9493,名詞,接尾,助数詞,*,*,*,棹,サオ,サオ
揃,1154,1154,9500,名詞,接尾,助数詞,*,*,*,揃,ソロイ,ソロイ
舞,1150,1150,8511,名詞,接尾,一般,*,*,*,舞,マイ,マイ
Å,1154,1154,8015,名詞,接尾,助数詞,*,*,*,Å,オングストローム,オングストローム
期生,1154,1154,11560,名詞,接尾,助数詞,*,*,*,期生,キセイ,キセー
メガバイト,1154,1154,8332,名詞,接尾,助数詞,*,*,*,メガバイト,メガバイト,メガバイト
ｋｗ,1154,1154,11043,名詞,接尾,助数詞,*,*,*,ｋｗ,キロワット,キロワット
マイクロ,1154,1154,8811,名詞,接尾,助数詞,*,*,*,マイクロ,マイクロ,マイクロ
視,1149,1149,7855,名詞,接尾,サ変接続,*,*,*,視,シ,シ
魚,1150,1150,6995,名詞,接尾,一般,*,*,*,魚,ギョ,ギョ
ｋリットル,1154,1154,11036,名詞,接尾,助数詞,*,*,*,ｋリットル,キロリットル,キロリットル
班,1154,1154,10584,名詞,接尾,助数詞,*,*,*,班,ハン,ハン
班,1154,1154,10584,名詞,接尾,助数詞,*,*,*,班,ハン,パン
減らし,1150,1150,9259,名詞,接尾,一般,*,*,*,減らし,ヘラシ,ヘラシ
減らし,1150,1150,9702,名詞,接尾,一般,*,*,*,減らし,ベラシ,ベラシ
浬,1154,1154,9494,名詞,接尾,助数詞,*,*,*,浬,カイリ,カイリ
庫,1150,1150,8816,名詞,接尾,一般,*,*,*,庫,コ,コ
戸,1154,1154,9633,名詞,接尾,助数詞,*,*,*,戸,コ,コ
ごろ,1152,1152,4892,名詞,接尾,副詞可能,*,*,*,ごろ,ゴロ,ゴロ
クローナ,1154,1154,8332,名詞,接尾,助数詞,*,*,*,クローナ,クローナ,クローナ
樽,1154,1154,9494,名詞,接尾,助数詞,*,*,*,樽,タル,タル
産,1155,1155,8324,名詞,接尾,地域,*,*,*,産,サン,サン
どおり,1150,1150,8137,名詞,接尾,一般,*,*,*,どおり,ドオリ,ドーリ
ビート,1154,1154,8787,名詞,接尾,助数詞,*,*,*,ビート,ビート,ビート
期,1154,1154,10294,名詞,接尾,助数詞,*,*,*,期,キ,キ
等地,1154,1154,9405,名詞,接尾,助数詞,*,*,*,等地,トウチ,トーチ
集,1150,1150,9540,名詞,接尾,一般,*,*,*,集,シュウ,シュー
ｍＶ,1154,1154,11067,名詞,接尾,助数詞,*,*,*,ｍＶ,ミリボルト,ミリボルト
ルピー,1154,1154,8103,名詞,接尾,助数詞,*,*,*,ルピー,ルピー,ルピー
丁目,1154,1154,9036,名詞,接尾,助数詞,*,*,*,丁目,チョウメ,チョーメ
限,1150,1150,8353,名詞,接尾,一般,*,*,*,限,ゲン,ゲン
ｌ,1154,1154,11116,名詞,接尾,助数詞,*,*,*,ｌ,リットル,リットル
頼み,1150,1150,9693,名詞,接尾,一般,*,*,*,頼み,ダノミ,ダノミ
義,1154,1154,11217,名詞,接尾,助数詞,*,*,*,義,ギ,ギ
エーカー,1154,1154,8332,名詞,接尾,助数詞,*,*,*,エーカー,エーカー,エーカー
畑,1150,1150,11027,名詞,接尾,一般,*,*,*,畑,バタケ,バタケ
映り,1150,1150,7790,名詞,接尾,一般,*,*,*,映り,ウツリ,ウツリ
時間,1154,1154,7215,名詞,接尾,助数詞,*,*,*,時間,ジカン,ジカン
刊,1150,1150,9983,名詞,接尾,一般,*,*,*,刊,カン,カン
等分,1154,1154,10358,名詞,接尾,助数詞,*,*,*,等分,トウブン,トーブン
番目,1154,1154,8347,名詞,接尾,助数詞,*,*,*,番目,バンメ,バンメ
交じり,1150,1150,7677,名詞,接尾,一般,*,*,*,交じり,マジリ,マジリ
代,1154,1154,10741,名詞,接尾,助数詞,*,*,*,代,ダイ,ダイ
禍,1150,1150,7759,名詞,接尾,一般,*,*,*,禍,カ,カ
大,1150,1150,10110,名詞,接尾,一般,*,*,*,大,ダイ,ダイ
集,1154,1154,11620,名詞,接尾,助数詞,*,*,*,集,シュウ,シュー
塁,1154,1154,14092,名詞,接尾,助数詞,*,*,*,塁,ルイ,ルイ
リアル,1154,1154,8858,名詞,接尾,助数詞,*,*,*,リアル,リアル,リアル
ずくめ,1150,1150,8991,名詞,接尾,一般,*,*,*,ずくめ,ズクメ,ズクメ
波,1150,1150,8912,名詞,接尾,一般,*,*,*,波,ハ,ハ
段,1154,1154,10383,名詞,接尾,助数詞,*,*,*,段,ダン,ダン
遊び,1150,1150,8979,名詞,接尾,一般,*,*,*,遊び,アソビ,アソビ
時,1154,1154,9558,名詞,接尾,助数詞,*,*,*,時,ジ,ジ
戦,1150,1150,8939,名詞,接尾,一般,*,*,*,戦,セン,セン
ケ村,1154,1154,8332,名詞,接尾,助数詞,*,*,*,ケ村,カソン,カソン
癖,1150,1150,9436,名詞,接尾,一般,*,*,*,癖,ヘキ,ヘキ
ごころ,1150,1150,9016,名詞,接尾,一般,*,*,*,ごころ,ゴコロ,ゴコロ
式,1154,1154,13133,名詞,接尾,助数詞,*,*,*,式,シキ,シキ
や,1150,1150,12101,名詞,接尾,一般,*,*,*,や,ヤ,ヤ
ペセタ,1154,1154,8305,名詞,接尾,助数詞,*,*,*,ペセタ,ペセタ,ペセタ
たび,1154,1154,12176,名詞,接尾,助数詞,*,*,*,たび,タビ,タビ
以内,1150,1150,10156,名詞,接尾,一般,*,*,*,以内,イナイ,イナイ
かげん,1150,1150,8587,名詞,接尾,一般,*,*,*,かげん,カゲン,カゲン
圏,1150,1150,6747,名詞,接尾,一般,*,*,*,圏,ケン,ケン
シーズン,1154,1154,10681,名詞,接尾,助数詞,*,*,*,シーズン,シーズン,シーズン
インチ,1154,1154,8101,名詞,接尾,助数詞,*,*,*,インチ,インチ,インチ
そう,1154,1154,9229,名詞,接尾,助数詞,*,*,*,そう,ソウ,ソー
つ折,1154,1154,11107,名詞,接尾,助数詞,*,*,*,つ折,ツオリ,ツオリ
タッチ,1150,1150,10200,名詞,接尾,一般,*,*,*,タッチ,タッチ,タッチ
以北,1150,1150,8522,名詞,接尾,一般,*,*,*,以北,イホク,イホク
め,1150,1150,9586,名詞,接尾,一般,*,*,*,め,メ,メ
鏡,1150,1150,7021,名詞,接尾,一般,*,*,*,鏡,キョウ,キョー
サマ,1151,1151,6650,名詞,接尾,人名,*,*,*,サマ,サマ,サマ
色,1154,1154,10681,名詞,接尾,助数詞,*,*,*,色,ショク,ショク
シーシー,1154,1154,9135,名詞,接尾,助数詞,*,*,*,シーシー,シーシー,シーシー
印,1150,1150,9979,名詞,接尾,一般,*,*,*,印,ジルシ,ジルシ
印,1150,1150,10231,名詞,接尾,一般,*,*,*,印,イン,イン
方,1150,1150,9947,名詞,接尾,一般,*,*,*,方,カタ,カタ
方,1150,1150,10808,名詞,接尾,一般,*,*,*,方,ガタ,ガタ
個条,1154,1154,9494,名詞,接尾,助数詞,*,*,*,個条,カジョウ,カジョー
差,1154,1154,10491,名詞,接尾,助数詞,*,*,*,差,サ,サ
流,1150,1150,7965,名詞,接尾,一般,*,*,*,流,リュウ,リュー
領,1150,1150,9183,名詞,接尾,一般,*,*,*,領,リョウ,リョー
忌,1150,1150,8844,名詞,接尾,一般,*,*,*,忌,キ,キ
寄せ,1150,1150,8016,名詞,接尾,一般,*,*,*,寄せ,ヨセ,ヨセ
時,1152,1152,8290,名詞,接尾,副詞可能,*,*,*,時,ジ,ジ
時,1152,1152,8831,名詞,接尾,副詞可能,*,*,*,時,ドキ,ドキ
時,1152,1152,10741,名詞,接尾,副詞可能,*,*,*,時,トキ,トキ
商,1150,1150,9299,名詞,接尾,一般,*,*,*,商,ショウ,ショー
粁,1154,1154,9495,名詞,接尾,助数詞,*,*,*,粁,キロメートル,キロメートル
像,1150,1150,7783,名詞,接尾,一般,*,*,*,像,ゾウ,ゾー
目,1154,1154,13136,名詞,接尾,助数詞,*,*,*,目,モク,モク
ミリグラム,1154,1154,8317,名詞,接尾,助数詞,*,*,*,ミリグラム,ミリグラム,ミリグラム
玉,1154,1154,11625,名詞,接尾,助数詞,*,*,*,玉,タマ,タマ
ｐａ,1154,1154,11068,名詞,接尾,助数詞,*,*,*,ｐａ,パスカル,パスカル
比,1150,1150,6788,名詞,接尾,一般,*,*,*,比,ヒ,ヒ
重,1154,1154,8269,名詞,接尾,助数詞,*,*,*,重,ジュウ,ジュー
人民元,1154,1154,9478,名詞,接尾,助数詞,*,*,*,人民元,ジンミンゲン,ジンミンゲン
前,1150,1150,13787,名詞,接尾,一般,*,*,*,前,ゼン,ゼン
費,1150,1150,9065,名詞,接尾,一般,*,*,*,費,ヒ,ヒ
箇所,1154,1154,9636,名詞,接尾,助数詞,*,*,*,箇所,カショ,カショ
項,1154,1154,11572,名詞,接尾,助数詞,*,*,*,項,コウ,コー
平方キロ,1154,1154,9496,名詞,接尾,助数詞,*,*,*,平方キロ,ヘイホウキロ,ヘイホーキロ
役,1150,1150,8344,名詞,接尾,一般,*,*,*,役,ヤク,ヤク
越し,1150,1150,9032,名詞,接尾,一般,*,*,*,越し,ゴシ,ゴシ
デシベル,1154,1154,8332,名詞,接尾,助数詞,*,*,*,デシベル,デシベル,デシベル
超,1150,1150,9857,名詞,接尾,一般,*,*,*,超,チョウ,チョー
超,1150,1150,11729,名詞,接尾,一般,*,*,*,超,ゴエ,ゴエ
たて,1150,1150,7903,名詞,接尾,一般,*,*,*,たて,タテ,タテ
ヤード,1154,1154,8069,名詞,接尾,助数詞,*,*,*,ヤード,ヤード,ヤード
か村,1154,1154,11107,名詞,接尾,助数詞,*,*,*,か村,カソン,カソン
パック,1154,1154,8338,名詞,接尾,助数詞,*,*,*,パック,パック,パック
か年,1154,1154,11106,名詞,接尾,助数詞,*,*,*,か年,カネン,カネン
日間,1154,1154,9542,名詞,接尾,助数詞,*,*,*,日間,ニチカン,ニチカン
日,1150,1150,9916,名詞,接尾,一般,*,*,*,日,ビ,ビ
日,1150,1150,12381,名詞,接尾,一般,*,*,*,日,ニチ,ニチ
ｃｍ,1154,1154,11067,名詞,接尾,助数詞,*,*,*,ｃｍ,センチメートル,センチメートル
階,1150,1150,7523,名詞,接尾,一般,*,*,*,階,カイ,カイ
員,1150,1150,8112,名詞,接尾,一般,*,*,*,員,イン,イン
録,1150,1150,8508,名詞,接尾,一般,*,*,*,録,ロク,ロク
剤,1150,1150,9568,名詞,接尾,一般,*,*,*,剤,ザイ,ザイ
帳,1150,1150,8340,名詞,接尾,一般,*,*,*,帳,チョウ,チョー
パーミル,1154,1154,8332,名詞,接尾,助数詞,*,*,*,パーミル,パーミル,パーミル
ｆｅｅｔ,1154,1154,11067,名詞,接尾,助数詞,*,*,*,ｆｅｅｔ,フィート,フィート
匹,1154,1154,9703,名詞,接尾,助数詞,*,*,*,匹,ヒキ,ヒキ
仏,1150,1150,10896,名詞,接尾,一般,*,*,*,仏,ボトケ,ボトケ
連れ,1150,1150,6337,名詞,接尾,一般,*,*,*,連れ,ヅレ,ズレ
すがら,1152,1152,8222,名詞,接尾,副詞可能,*,*,*,すがら,スガラ,スガラ
式,1150,1150,8209,名詞,接尾,一般,*,*,*,式,シキ,シキ
回生,1154,1154,9211,名詞,接尾,助数詞,*,*,*,回生,カイセイ,カイセイ
帰り,1150,1150,7834,名詞,接尾,一般,*,*,*,帰り,ガエリ,ガエリ
調べ,1150,1150,9173,名詞,接尾,一般,*,*,*,調べ,シラベ,シラベ
玉,1150,1150,7601,名詞,接尾,一般,*,*,*,玉,ダマ,ダマ
秒,1154,1154,8437,名詞,接尾,助数詞,*,*,*,秒,ビョウ,ビョー
詠,1150,1150,7767,名詞,接尾,一般,*,*,*,詠,エイ,エイ
しな,1150,1150,9373,名詞,接尾,一般,*,*,*,しな,シナ,シナ
問,1154,1154,9059,名詞,接尾,助数詞,*,*,*,問,モン,モン
あたり,1152,1152,8308,名詞,接尾,副詞可能,*,*,*,あたり,アタリ,アタリ
キロリットル,1154,1154,8053,名詞,接尾,助数詞,*,*,*,キロリットル,キロリットル,キロリットル
女,1154,1154,11853,名詞,接尾,助数詞,*,*,*,女,ジョ,ジョ
角,1150,1150,10372,名詞,接尾,一般,*,*,*,角,カク,カク
隊,1150,1150,8537,名詞,接尾,一般,*,*,*,隊,タイ,タイ
辺り,1152,1152,7821,名詞,接尾,副詞可能,*,*,*,辺り,アタリ,アタリ
酒,1150,1150,7377,名詞,接尾,一般,*,*,*,酒,シュ,シュ
酒,1150,1150,9122,名詞,接尾,一般,*,*,*,酒,ザケ,ザケ
とも,1150,1150,8567,名詞,接尾,一般,*,*,*,とも,トモ,トモ
元,1150,1150,9706,名詞,接尾,一般,*,*,*,元,モト,モト
ヶ国,1154,1154,8261,名詞,接尾,助数詞,*,*,*,ヶ国,カコク,カコク
種,1150,1150,9631,名詞,接尾,一般,*,*,*,種,シュ,シュ
柄,1150,1150,6560,名詞,接尾,一般,*,*,*,柄,ガラ,ガラ
セット,1154,1154,6639,名詞,接尾,助数詞,*,*,*,セット,セット,セット
週間,1154,1154,8779,名詞,接尾,助数詞,*,*,*,週間,シュウカン,シューカン
里,1154,1154,12417,名詞,接尾,助数詞,*,*,*,里,リ,リ
ｍｏｌ,1154,1154,11067,名詞,接尾,助数詞,*,*,*,ｍｏｌ,モル,モル
貫,1154,1154,11620,名詞,接尾,助数詞,*,*,*,貫,カン,カン
切り,1150,1150,8810,名詞,接尾,一般,*,*,*,切り,ギリ,ギリ
切り,1150,1150,9772,名詞,接尾,一般,*,*,*,切り,キリ,キリ
発,1150,1150,8483,名詞,接尾,一般,*,*,*,発,ハツ,ハツ
発,1150,1150,11349,名詞,接尾,一般,*,*,*,発,パツ,パツ
理,1150,1150,12360,名詞,接尾,一般,*,*,*,理,リ,リ
年版,1154,1154,10382,名詞,接尾,助数詞,*,*,*,年版,ネンバン,ネンバン
細工,1150,1150,9519,名詞,接尾,一般,*,*,*,細工,ザイク,ザイク
勢,1150,1150,9270,名詞,接尾,一般,*,*,*,勢,ゼイ,ゼイ
話,1154,1154,11920,名詞,接尾,助数詞,*,*,*,話,ワ,ワ
ヶ年,1154,1154,8332,名詞,接尾,助数詞,*,*,*,ヶ年,カネン,カネン
びらき,1150,1150,9027,名詞,接尾,一般,*,*,*,びらき,ビラキ,ビラキ
浴,1150,1150,8555,名詞,接尾,一般,*,*,*,浴,ヨク,ヨク
人前,1154,1154,10422,名詞,接尾,助数詞,*,*,*,人前,ニンマエ,ニンマエ
クン,1151,1151,6551,名詞,接尾,人名,*,*,*,クン,クン,クン
連,1154,1154,9430,名詞,接尾,助数詞,*,*,*,連,レン,レン
ピーピーエム,1154,1154,8331,名詞,接尾,助数詞,*,*,*,ピーピーエム,ピーピーエム,ピーピーエム
票,1154,1154,10191,名詞,接尾,助数詞,*,*,*,票,ヒョウ,ヒョー
混じり,1150,1150,7685,名詞,接尾,一般,*,*,*,混じり,マジリ,マジリ
家,1150,1150,8153,名詞,接尾,一般,*,*,*,家,カ,カ
家,1150,1150,9699,名詞,接尾,一般,*,*,*,家,ケ,ケ
杯,1154,1154,9733,名詞,接尾,助数詞,*,*,*,杯,ハイ,ハイ
マレーシアドル,1154,1154,8329,名詞,接尾,助数詞,*,*,*,マレーシアドル,マレーシアドル,マレーシアドル
円,1154,1154,7540,名詞,接尾,助数詞,*,*,*,円,エン,エン
堂,1150,1150,9737,名詞,接尾,一般,*,*,*,堂,ドウ,ドー
坂,1150,1150,7203,名詞,接尾,一般,*,*,*,坂,ザカ,ザカ
ぴき,1154,1154,11054,名詞,接尾,助数詞,*,*,*,ぴき,ピキ,ピキ
頃,1152,1152,7915,名詞,接尾,副詞可能,*,*,*,頃,ゴロ,ゴロ
冊,1154,1154,8650,名詞,接尾,助数詞,*,*,*,冊,サツ,サツ
ルピア,1154,1154,8332,名詞,接尾,助数詞,*,*,*,ルピア,ルピア,ルピア
児,1154,1154,10808,名詞,接尾,助数詞,*,*,*,児,ジ,ジ
ｗ,1154,1154,11161,名詞,接尾,助数詞,*,*,*,ｗ,ワット,ワット
売り,1150,1150,13301,名詞,接尾,一般,*,*,*,売り,ウリ,ウリ
はだし,1150,1150,9018,名詞,接尾,一般,*,*,*,はだし,ハダシ,ハダシ
兵,1150,1150,8519,名詞,接尾,一般,*,*,*,兵,ヘイ,ヘイ
機,1150,1150,7837,名詞,接尾,一般,*,*,*,機,キ,キ
コース,1154,1154,10420,名詞,接尾,助数詞,*,*,*,コース,コース,コース
ボリバル,1154,1154,8332,名詞,接尾,助数詞,*,*,*,ボリバル,ボリバル,ボリバル
話,1149,1149,9887,名詞,接尾,サ変接続,*,*,*,話,バナシ,バナシ
斗,1154,1154,10158,名詞,接尾,助数詞,*,*,*,斗,ト,ト
ペンス,1154,1154,8332,名詞,接尾,助数詞,*,*,*,ペンス,ペンス,ペンス
とり,1150,1150,10955,名詞,接尾,一般,*,*,*,とり,トリ,トリ
ぞろい,1150,1150,8993,名詞,接尾,一般,*,*,*,ぞろい,ゾロイ,ゾロイ
すじ,1154,1154,12150,名詞,接尾,助数詞,*,*,*,すじ,スジ,スジ
勝ち,1150,1150,5930,名詞,接尾,一般,*,*,*,勝ち,ガチ,ガチ
箇年,1154,1154,9494,名詞,接尾,助数詞,*,*,*,箇年,カネン,カネン
たて,1157,1157,9373,名詞,接尾,特殊,*,*,*,たて,タテ,タテ
モード,1154,1154,8704,名詞,接尾,助数詞,*,*,*,モード,モード,モード
ぶり,1150,1150,7737,名詞,接尾,一般,*,*,*,ぶり,ブリ,ブリ
ｍＡ,1154,1154,11067,名詞,接尾,助数詞,*,*,*,ｍＡ,ミリアンペア,ミリアンペア
アンダー,1154,1154,7130,名詞,接尾,助数詞,*,*,*,アンダー,アンダー,アンダー
ｍｇ,1154,1154,11066,名詞,接尾,助数詞,*,*,*,ｍｇ,ミリグラム,ミリグラム
針,1154,1154,10334,名詞,接尾,助数詞,*,*,*,針,ハリ,ハリ
頁,1154,1154,9491,名詞,接尾,助数詞,*,*,*,頁,ページ,ページ
づくり,1150,1150,8840,名詞,接尾,一般,*,*,*,づくり,ヅクリ,ズクリ
とせ,1154,1154,11077,名詞,接尾,助数詞,*,*,*,とせ,トセ,トセ
表,1150,1150,8950,名詞,接尾,一般,*,*,*,表,ヒョウ,ヒョー
ミリワット,1154,1154,8332,名詞,接尾,助数詞,*,*,*,ミリワット,ミリワット,ミリワット
後,1152,1152,7075,名詞,接尾,副詞可能,*,*,*,後,ゴ,ゴ
後,1152,1152,10517,名詞,接尾,副詞可能,*,*,*,後,ノチ,ノチ
地,1150,1150,8829,名詞,接尾,一般,*,*,*,地,チ,チ
ミリリットル,1154,1154,8171,名詞,接尾,助数詞,*,*,*,ミリリットル,ミリリットル,ミリリットル
星,1150,1150,8926,名詞,接尾,一般,*,*,*,星,ボシ,ボシ
換わり,1150,1150,7749,名詞,接尾,一般,*,*,*,換わり,ガワリ,ガワリ
調,1150,1150,9678,名詞,接尾,一般,*,*,*,調,チョウ,チョー
形,1150,1150,9781,名詞,接尾,一般,*,*,*,形,ガタ,ガタ
形,1150,1150,9012,名詞,接尾,一般,*,*,*,形,ケイ,ケイ
放題,1150,1150,6592,名詞,接尾,一般,*,*,*,放題,ホウダイ,ホーダイ
手,1154,1154,11040,名詞,接尾,助数詞,*,*,*,手,テ,テ
卒,1150,1150,5974,名詞,接尾,一般,*,*,*,卒,ソツ,ソツ
外,1150,1150,9660,名詞,接尾,一般,*,*,*,外,ガイ,ガイ
巡り,1150,1150,8700,名詞,接尾,一般,*,*,*,巡り,メグリ,メグリ
橋,1150,1150,7588,名詞,接尾,一般,*,*,*,橋,キョウ,キョー
橋,1150,1150,9240,名詞,接尾,一般,*,*,*,橋,バシ,バシ
車,1150,1150,8754,名詞,接尾,一般,*,*,*,車,シャ,シャ
車,1150,1150,11131,名詞,接尾,一般,*,*,*,車,クルマ,クルマ
市,1155,1155,8041,名詞,接尾,地域,*,*,*,市,シ,シ
市,1155,1155,13606,名詞,接尾,地域,*,*,*,市,イチ,イチ
判,1154,1154,11011,名詞,接尾,助数詞,*,*,*,判,バン,バン
キロワット,1154,1154,8110,名詞,接尾,助数詞,*,*,*,キロワット,キロワット,キロワット
度,1150,1150,8060,名詞,接尾,一般,*,*,*,度,ド,ド
ノット,1154,1154,8370,名詞,接尾,助数詞,*,*,*,ノット,ノット,ノット
平米,1154,1154,9495,名詞,接尾,助数詞,*,*,*,平米,ヘイベイ,ヘーベー
隠し,1150,1150,10069,名詞,接尾,一般,*,*,*,隠し,カクシ,カクシ
おき,1150,1150,9542,名詞,接尾,一般,*,*,*,おき,オキ,オキ
ぐらし,1150,1150,9211,名詞,接尾,一般,*,*,*,ぐらし,グラシ,グラシ
たち,1150,1150,6033,名詞,接尾,一般,*,*,*,たち,タチ,タチ
どの,1151,1151,8220,名詞,接尾,人名,*,*,*,どの,ドノ,ドノ
ｋワット,1154,1154,11043,名詞,接尾,助数詞,*,*,*,ｋワット,キロワット,キロワット
ずつ,1150,1150,9976,名詞,接尾,一般,*,*,*,ずつ,ズツ,ズツ
業,1150,1150,9633,名詞,接尾,一般,*,*,*,業,ギョウ,ギョー
業,1150,1150,12217,名詞,接尾,一般,*,*,*,業,ゴウ,ゴー
株,1154,1154,11216,名詞,接尾,助数詞,*,*,*,株,カブ,カブ
暦,1150,1150,7976,名詞,接尾,一般,*,*,*,暦,レキ,レキ
晩,1154,1154,9260,名詞,接尾,助数詞,*,*,*,晩,バン,バン
質,1150,1150,8950,名詞,接尾,一般,*,*,*,質,シツ,シツ
家,1154,1154,11629,名詞,接尾,助数詞,*,*,*,家,イエ,イエ
筆,1154,1154,10466,名詞,接尾,助数詞,*,*,*,筆,ピツ,ピツ
料,1150,1150,8484,名詞,接尾,一般,*,*,*,料,リョウ,リョー
杯,1150,1150,6609,名詞,接尾,一般,*,*,*,杯,ハイ,ハイ
どころ,1150,1150,9680,名詞,接尾,一般,*,*,*,どころ,ドコロ,ドコロ
部,1150,1150,8977,名詞,接尾,一般,*,*,*,部,ブ,ブ
シート,1154,1154,7804,名詞,接尾,助数詞,*,*,*,シート,シート,シート
国,1150,1150,8848,名詞,接尾,一般,*,*,*,国,コク,コク
なし,1150,1150,12220,名詞,接尾,一般,*,*,*,なし,ナシ,ナシ
フラン,1154,1154,8451,名詞,接尾,助数詞,*,*,*,フラン,フラン,フラン
筒,1150,1150,7846,名詞,接尾,一般,*,*,*,筒,トウ,トー
メガサイクル,1154,1154,8332,名詞,接尾,助数詞,*,*,*,メガサイクル,メガサイクル,メガサイクル
ならでは,1150,1150,9298,名詞,接尾,一般,*,*,*,ならでは,ナラデハ,ナラデワ
子,1154,1154,11252,名詞,接尾,助数詞,*,*,*,子,シ,シ
ずし,1150,1150,9018,名詞,接尾,一般,*,*,*,ずし,ズシ,ズシ
屋,1150,1150,8201,名詞,接尾,一般,*,*,*,屋,ヤ,ヤ
気圧,1154,1154,10102,名詞,接尾,助数詞,*,*,*,気圧,キアツ,キアツ
側,1150,1150,7122,名詞,接尾,一般,*,*,*,側,ガワ,ガワ
側,1150,1150,11213,名詞,接尾,一般,*,*,*,側,カワ,カワ
棟,1154,1154,7774,名詞,接尾,助数詞,*,*,*,棟,ムネ,ムネ
棟,1154,1154,10421,名詞,接尾,助数詞,*,*,*,棟,トウ,トー
度,1154,1154,6926,名詞,接尾,助数詞,*,*,*,度,ド,ド
顔,1150,1150,6908,名詞,接尾,一般,*,*,*,顔,ガオ,ガオ
顔,1150,1150,9846,名詞,接尾,一般,*,*,*,顔,カオ,カオ
ちゃーん,1151,1151,7601,名詞,接尾,人名,*,*,*,ちゃーん,チャーン,チャーン
寄り,1150,1150,8026,名詞,接尾,一般,*,*,*,寄り,ヨリ,ヨリ
電,1150,1150,9287,名詞,接尾,一般,*,*,*,電,デン,デン
君,1151,1151,6731,名詞,接尾,人名,*,*,*,君,クン,クン
マイクロメートル,1154,1154,8332,名詞,接尾,助数詞,*,*,*,マイクロメートル,マイクロメートル,マイクロメートル
分ノ,1154,1154,9493,名詞,接尾,助数詞,*,*,*,分ノ,ブンノ,ブンノ
灯,1150,1150,6697,名詞,接尾,一般,*,*,*,灯,トウ,トー
騎,1154,1154,10791,名詞,接尾,助数詞,*,*,*,騎,キ,キ
粒,1150,1150,7222,名詞,接尾,一般,*,*,*,粒,ツブ,ツブ
新,1150,1150,10884,名詞,接尾,一般,*,*,*,新,シン,シン
委,1150,1150,10496,名詞,接尾,一般,*,*,*,委,イ,イ
番線,1154,1154,9280,名詞,接尾,助数詞,*,*,*,番線,バンセン,バンセン
種,1154,1154,11411,名詞,接尾,助数詞,*,*,*,種,シュ,シュ
缶,1154,1154,10741,名詞,接尾,助数詞,*,*,*,缶,カン,カン
蒸し,1150,1150,9278,名詞,接尾,一般,*,*,*,蒸し,ムシ,ムシ
節,1150,1150,8839,名詞,接尾,一般,*,*,*,節,ブシ,ブシ
ポンド,1154,1154,8145,名詞,接尾,助数詞,*,*,*,ポンド,ポンド,ポンド
把,1154,1154,9576,名詞,接尾,助数詞,*,*,*,把,ワ,ワ
み,1157,1157,12670,名詞,接尾,特殊,*,*,*,み,ミ,ミ
座,1150,1150,10204,名詞,接尾,一般,*,*,*,座,ザ,ザ
ｍｍ,1154,1154,11067,名詞,接尾,助数詞,*,*,*,ｍｍ,ミリメートル,ミリメートル
カ年,1154,1154,8332,名詞,接尾,助数詞,*,*,*,カ年,カネン,カネン
積み,1150,1150,8413,名詞,接尾,一般,*,*,*,積み,ヅミ,ズミ
月,1150,1150,12736,名詞,接尾,一般,*,*,*,月,ガツ,ガツ
ヵ所,1154,1154,8486,名詞,接尾,助数詞,*,*,*,ヵ所,カショ,カショ
キロカロリー,1154,1154,7831,名詞,接尾,助数詞,*,*,*,キロカロリー,キロカロリー,キロカロリー
苦,1150,1150,7677,名詞,接尾,一般,*,*,*,苦,ク,ク
殺し,1150,1150,7812,名詞,接尾,一般,*,*,*,殺し,ゴロシ,ゴロシ
舎,1150,1150,8745,名詞,接尾,一般,*,*,*,舎,シャ,シャ
関,1150,1150,9740,名詞,接尾,一般,*,*,*,関,セキ,セキ
升,1154,1154,10536,名詞,接尾,助数詞,*,*,*,升,ショウ,ショー
等,1154,1154,9956,名詞,接尾,助数詞,*,*,*,等,トウ,トー
層,1150,1150,8829,名詞,接尾,一般,*,*,*,層,ソウ,ソー
凧,1150,1150,7801,名詞,接尾,一般,*,*,*,凧,ダコ,ダコ
立て,1150,1150,7313,名詞,接尾,一般,*,*,*,立て,ダテ,ダテ
立て,1150,1150,9071,名詞,接尾,一般,*,*,*,立て,タテ,タテ
波,1154,1154,10576,名詞,接尾,助数詞,*,*,*,波,ハ,ハ
雪,1150,1150,9561,名詞,接尾,一般,*,*,*,雪,セツ,セツ
件,1154,1154,7943,名詞,接尾,助数詞,*,*,*,件,ケン,ケン
ワット,1154,1154,8807,名詞,接尾,助数詞,*,*,*,ワット,ワット,ワット
ランド,1154,1154,8747,名詞,接尾,助数詞,*,*,*,ランド,ランド,ランド
等席,1154,1154,9476,名詞,接尾,助数詞,*,*,*,等席,トウセキ,トーセキ
オクターブ,1154,1154,8332,名詞,接尾,助数詞,*,*,*,オクターブ,オクターブ,オクターブ
懇,1150,1150,8897,名詞,接尾,一般,*,*,*,懇,コン,コン
過ぎ,1152,1152,8506,名詞,接尾,副詞可能,*,*,*,過ぎ,スギ,スギ
願,1150,1150,7897,名詞,接尾,一般,*,*,*,願,ネガイ,ネガイ
願,1150,1150,9238,名詞,接尾,一般,*,*,*,願,ガン,ガン
届,1150,1150,7252,名詞,接尾,一般,*,*,*,届,トドケ,トドケ
ぐるみ,1150,1150,9011,名詞,接尾,一般,*,*,*,ぐるみ,グルミ,グルミ
灯,1154,1154,9045,名詞,接尾,助数詞,*,*,*,灯,トウ,トー
ヘクタール,1154,1154,8324,名詞,接尾,助数詞,*,*,*,ヘクタール,ヘクタール,ヘクタール
囚,1150,1150,7025,名詞,接尾,一般,*,*,*,囚,シュウ,シュー
隻,1154,1154,9412,名詞,接尾,助数詞,*,*,*,隻,セキ,セキ
ミリメートル,1154,1154,8332,名詞,接尾,助数詞,*,*,*,ミリメートル,ミリメートル,ミリメートル
愛,1150,1150,9035,名詞,接尾,一般,*,*,*,愛,アイ,アイ
無し,1150,1150,7274,名詞,接尾,一般,*,*,*,無し,ナシ,ナシ
ごい,1150,1150,9058,名詞,接尾,一般,*,*,*,ごい,ゴイ,ゴイ
勝,1150,1150,9115,名詞,接尾,一般,*,*,*,勝,ショウ,ショー
会,1150,1150,7131,名詞,接尾,一般,*,*,*,会,カイ,カイ
節,1154,1154,9778,名詞,接尾,助数詞,*,*,*,節,セツ,セツ
はん,1151,1151,8628,名詞,接尾,人名,*,*,*,はん,ハン,ハン
ｋグラム,1154,1154,11062,名詞,接尾,助数詞,*,*,*,ｋグラム,キログラム,キログラム
級,1150,1150,7865,名詞,接尾,一般,*,*,*,級,キュウ,キュー
ｄｌ,1154,1154,11067,名詞,接尾,助数詞,*,*,*,ｄｌ,デシリットル,デシリットル
ギルダー,1154,1154,8332,名詞,接尾,助数詞,*,*,*,ギルダー,ギルダー,ギルダー
進,1154,1154,10168,名詞,接尾,助数詞,*,*,*,進,シン,シン
ペア,1154,1154,8982,名詞,接尾,助数詞,*,*,*,ペア,ペア,ペア
回り,1154,1154,10404,名詞,接尾,助数詞,*,*,*,回り,マワリ,マワリ
ケ条,1154,1154,8332,名詞,接尾,助数詞,*,*,*,ケ条,カジョウ,カジョー
ばやし,1150,1150,8992,名詞,接尾,一般,*,*,*,ばやし,バヤシ,バヤシ
ぜん,1154,1154,11927,名詞,接尾,助数詞,*,*,*,ぜん,ゼン,ゼン
池,1150,1150,8927,名詞,接尾,一般,*,*,*,池,チ,チ
乗,1154,1154,10247,名詞,接尾,助数詞,*,*,*,乗,ジョウ,ジョー
べり,1150,1150,8140,名詞,接尾,一般,*,*,*,べり,ベリ,ベリ
差し,1154,1154,10187,名詞,接尾,助数詞,*,*,*,差し,サシ,サシ
尺,1154,1154,9256,名詞,接尾,助数詞,*,*,*,尺,シャク,シャク
区,1155,1155,8001,名詞,接尾,地域,*,*,*,区,ク,ク
ａ,1154,1154,13523,名詞,接尾,助数詞,*,*,*,ａ,アール,アール
歳児,1154,1154,9335,名詞,接尾,助数詞,*,*,*,歳児,サイジ,サイジ
艦,1150,1150,7953,名詞,接尾,一般,*,*,*,艦,カン,カン
つがい,1154,1154,12161,名詞,接尾,助数詞,*,*,*,つがい,ツガイ,ツガイ
ヵ国,1154,1154,8261,名詞,接尾,助数詞,*,*,*,ヵ国,カコク,カコク
ケ月,1154,1154,8692,名詞,接尾,助数詞,*,*,*,ケ月,カゲツ,カゲツ
片,1150,1150,8682,名詞,接尾,一般,*,*,*,片,ヘン,ヘン
力,1150,1150,9533,名詞,接尾,一般,*,*,*,力,リョク,リョク
ケ年,1154,1154,8332,名詞,接尾,助数詞,*,*,*,ケ年,カネン,カネン
号,1150,1150,5674,名詞,接尾,一般,*,*,*,号,ゴウ,ゴー
炉,1150,1150,4981,名詞,接尾,一般,*,*,*,炉,ロ,ロ
イニング,1154,1154,4993,名詞,接尾,助数詞,*,*,*,イニング,イニング,イニング
平方センチメートル,1154,1154,9495,名詞,接尾,助数詞,*,*,*,平方センチメートル,ヘイホウセンチメートル,ヘイホーセンチメートル
つかみ,1154,1154,11574,名詞,接尾,助数詞,*,*,*,つかみ,ツカミ,ツカミ
来,1152,1152,8652,名詞,接尾,副詞可能,*,*,*,来,ライ,ライ
回戦,1154,1154,7010,名詞,接尾,助数詞,*,*,*,回戦,カイセン,カイセン
ころ,1152,1152,11045,名詞,接尾,副詞可能,*,*,*,ころ,コロ,コロ
重ね,1154,1154,10027,名詞,接尾,助数詞,*,*,*,重ね,カサネ,カサネ
弾,1154,1154,9333,名詞,接尾,助数詞,*,*,*,弾,ダン,ダン
口,1150,1150,10214,名詞,接尾,一般,*,*,*,口,グチ,グチ
口,1150,1150,9283,名詞,接尾,一般,*,*,*,口,コウ,コー
口,1150,1150,10997,名詞,接尾,一般,*,*,*,口,クチ,クチ
着,1154,1154,9995,名詞,接尾,助数詞,*,*,*,着,チャク,チャク
キュリー,1154,1154,8332,名詞,接尾,助数詞,*,*,*,キュリー,キュリー,キュリー
っきり,1152,1152,8535,名詞,接尾,副詞可能,*,*,*,っきり,ッキリ,ッキリ
裏,1150,1150,10139,名詞,接尾,一般,*,*,*,裏,ウラ,ウラ
裏,1150,1150,10582,名詞,接尾,一般,*,*,*,裏,リ,リ
キログラム,1154,1154,8287,名詞,接尾,助数詞,*,*,*,キログラム,キログラム,キログラム
ヤール,1154,1154,8332,名詞,接尾,助数詞,*,*,*,ヤール,ヤール,ヤール
校,1150,1150,9038,名詞,接尾,一般,*,*,*,校,コウ,コー
宴,1150,1150,8741,名詞,接尾,一般,*,*,*,宴,エン,エン
脚,1154,1154,11484,名詞,接尾,助数詞,*,*,*,脚,キャク,キャク
型,1150,1150,6643,名詞,接尾,一般,*,*,*,型,ガタ,ガタ
型,1150,1150,10008,名詞,接尾,一般,*,*,*,型,ケイ,ケイ
型,1150,1150,10730,名詞,接尾,一般,*,*,*,型,カタ,カタ
位,1150,1150,7843,名詞,接尾,一般,*,*,*,位,イ,イ
卓,1154,1154,9381,名詞,接尾,助数詞,*,*,*,卓,タク,タク
どまり,1150,1150,9153,名詞,接尾,一般,*,*,*,どまり,ドマリ,ドマリ
罪,1150,1150,9706,名詞,接尾,一般,*,*,*,罪,ザイ,ザイ
躯,1154,1154,7282,名詞,接尾,助数詞,*,*,*,躯,ク,ク
系,1150,1150,6976,名詞,接尾,一般,*,*,*,系,ケイ,ケイ
丁,1154,1154,10448,名詞,接尾,助数詞,*,*,*,丁,チョウ,チョー
回し,1150,1150,8996,名詞,接尾,一般,*,*,*,回し,マワシ,マワシ
億,1154,1154,11970,名詞,接尾,助数詞,*,*,*,億,オク,オク
婦,1150,1150,7992,名詞,接尾,一般,*,*,*,婦,フ,フ
板,1150,1150,8752,名詞,接尾,一般,*,*,*,板,バン,バン
題,1154,1154,11068,名詞,接尾,助数詞,*,*,*,題,ダイ,ダイ
妃,1150,1150,5750,名詞,接尾,一般,*,*,*,妃,ヒ,ヒ
社,1154,1154,10541,名詞,接尾,助数詞,*,*,*,社,シャ,シャ
民,1150,1150,11256,名詞,接尾,一般,*,*,*,民,ミン,ミン
事,1150,1150,10525,名詞,接尾,一般,*,*,*,事,ゴト,ゴト
事,1150,1150,11279,名詞,接尾,一般,*,*,*,事,ジ,ジ
ゾーン,1154,1154,7616,名詞,接尾,助数詞,*,*,*,ゾーン,ゾーン,ゾーン
すぎ,1150,1150,9356,名詞,接尾,一般,*,*,*,すぎ,スギ,スギ
譲り,1150,1150,7292,名詞,接尾,一般,*,*,*,譲り,ユズリ,ユズリ
熱,1150,1150,6178,名詞,接尾,一般,*,*,*,熱,ネツ,ネツ
マルク,1154,1154,8555,名詞,接尾,助数詞,*,*,*,マルク,マルク,マルク
極,1154,1154,10042,名詞,接尾,助数詞,*,*,*,極,キョク,キョク
感,1150,1150,6791,名詞,接尾,一般,*,*,*,感,カン,カン
益,1150,1150,8523,名詞,接尾,一般,*,*,*,益,エキ,エキ
出,1150,1150,9796,名詞,接尾,一般,*,*,*,出,デ,デ
才,1154,1154,10133,名詞,接尾,助数詞,*,*,*,才,サイ,サイ
液,1150,1150,8958,名詞,接尾,一般,*,*,*,液,エキ,エキ
管,1150,1150,9086,名詞,接尾,一般,*,*,*,管,カン,カン
男,1154,1154,11716,名詞,接尾,助数詞,*,*,*,男,ナン,ナン
台,1150,1150,9107,名詞,接尾,一般,*,*,*,台,ダイ,ダイ
流,1154,1154,10939,名詞,接尾,助数詞,*,*,*,流,リュウ,リュー
びき,1154,1154,11135,名詞,接尾,助数詞,*,*,*,びき,ビキ,ビキ
Ω,1154,1154,5947,名詞,接尾,助数詞,*,*,*,Ω,オーム,オーム
氏,1151,1151,6758,名詞,接尾,人名,*,*,*,氏,シ,シ
兄,1150,1150,8653,名詞,接尾,一般,*,*,*,兄,ケイ,ケイ
オングストローム,1154,1154,8332,名詞,接尾,助数詞,*,*,*,オングストローム,オングストローム,オングストローム
症,1150,1150,9190,名詞,接尾,一般,*,*,*,症,ショウ,ショー
かけ,1154,1154,12602,名詞,接尾,助数詞,*,*,*,かけ,カケ,カケ
足,1154,1154,11221,名詞,接尾,助数詞,*,*,*,足,ソク,ソク
ヵ条,1154,1154,8332,名詞,接尾,助数詞,*,*,*,ヵ条,カジョウ,カジョー
棟,1150,1150,7310,名詞,接尾,一般,*,*,*,棟,トウ,トー
