マイン,1289,1289,15000,名詞,固有名詞,人名,一般,*,*,マイン,マイン,マイン
ローゼマイン,1289,1289,15000,名詞,固有名詞,人名,一般,*,*,ローゼマイン,ローゼマイン,ローゼマイン
ヴィルフリート,1289,1289,15000,名詞,固有名詞,人名,一般,*,*,ヴィルフリート,ヴィルフリート,ビルフリート
フェルディナンド,1289,1289,15000,名詞,固有名詞,人名,一般,*,*,フェルディナンド,フェルディナンド,フェルディナンド
ヴァイス,1289,1289,15000,名詞,固有名詞,人名,一般,*,*,ヴァイス,ヴァイス,ヴァイス
ヴェローニカ,1289,1289,15000,名詞,固有名詞,人名,一般,*,*,ヴェローニカ,ヴェローニカ,ヴェローニカ
エーヴィリーベ,1289,1289,15000,名詞,固有名詞,人名,一般,*,*,エーヴィリーベ,エーヴィリーベ,エーヴィリーベ
ヴェール,1289,1289,15000,名詞,一般,*,*,*,*,ヴェール,ヴェール,ヴェール
エルヴィーラ,1289,1289,15000,名詞,固有名詞,人名,一般,*,*,エルヴィーラ,エルヴィーラ,エルヴィーラ
クヴェルヴァイデ,1289,1289,15000,名詞,固有名詞,人名,一般,*,*,クヴェルヴァイデ,クヴェルヴァイデ,クヴェルヴァイデ
ヴィンファル,1289,1289,15000,名詞,固有名詞,人名,一般,*,*,ヴィンファル,ヴィンファル,ヴィンファル
ヴィルマ,1289,1289,15000,名詞,固有名詞,人名,一般,*,*,ヴィルマ,ヴィルマ,ヴィルマ
オルトヴィーン,1289,1289,15000,名詞,固有名詞,人名,一般,*,*,オルトヴィーン,オルトヴィーン,オルトヴィーン
ジギスヴァルト,1289,1289,15000,名詞,固有名詞,人名,一般,*,*,ジギスヴァルト,ジギスヴァルト,ジギスヴァルト
ジルヴェスター,1289,1289,15000,名詞,固有名詞,人名,一般,*,*,ジルヴェスター,ジルヴェスター,ジルヴェスター
プリムヴェール,1289,1289,15000,名詞,固有名詞,人名,一般,*,*,プリムヴェール,プリムヴェール,プリムヴェール
ヴェネツィア,1289,1289,15000,名詞,固有名詞,地域,一般,*,*,ヴェネツィア,ヴェネツィア,ヴェネツィア
ヴァッシェン,1289,1289,15000,名詞,一般,*,*,*,*,ヴァッシェン,ヴァッシェン,ヴァッシェン
ゲヴィンネン,1289,1289,15000,名詞,一般,*,*,*,*,ゲヴィンネン,ゲヴィンネン,ゲヴィンネン
ヴィゼ,1288,1288,15000,名詞,一般,*,*,*,*,ヴィゼ,ヴィゼ,ヴィゼ
ランツェナーヴェ,1289,1289,15000,名詞,固有名詞,地域,一般,*,*,ランツェナーヴェ,ランツェナーヴェ,ランツェナーヴェ
ドレヴァンヒェル,1293,1293,15000,名詞,固有名詞,地域,一般,*,*,ドレヴァンヒェル,ドレヴァンヒェル,ドレヴァンヒェル
エントヴィッケルン,1288,1288,15000,名詞,一般,*,*,*,*,エントヴィッケルン,エントヴィッケルン,エントヴィッケルン
ユレーヴェ,1288,1288,15000,名詞,一般,*,*,*,*,ユレーヴェ,ユレーヴェ,ユレーヴェ
ヴィルフリート,1291,1291,15000,名詞,固有名詞,人名,名,*,*,ヴィルフリート,ビルフリート,ビルフリート
ジギスヴァルト,1291,1291,15000,名詞,固有名詞,人名,名,*,*,ジギスヴァルト,ジギスバルト,ジギスバルト
ジルヴェスター,1291,1291,15000,名詞,固有名詞,人名,名,*,*,ジルヴェスター,ジルベスター,ジルベスター
ヴェローニカ,1291,1291,15000,名詞,固有名詞,人名,名,*,*,ヴェローニカ,ベローニカ,ベローニカ
ヴァイス,1291,1291,15000,名詞,固有名詞,人名,名,*,*,ヴァイス,バイス,バイス
フェルディナンド,1289,1289,15000,名詞,固有名詞,人名,一般,*,*,フェルディナンド,フェルディナンド,フェルディナンド
アナスタージウス,1289,1289,15000,名詞,固有名詞,人名,一般,*,*,アナスタージウス,アナスタージウス,アナスタージウス
エグランティーヌ,1289,1289,15000,名詞,固有名詞,人名,一般,*,*,エグランティーヌ,エグランティーヌ,エグランティーヌ
ヒルデブラント,1289,1289,15000,名詞,固有名詞,人名,一般,*,*,ヒルデブラント,ヒルデブラント,ヒルデブラント
マグダレーナ,1289,1289,15000,名詞,固有名詞,人名,一般,*,*,マグダレーナ,マグダレーナ,マグダレーナ
ジギスヴァルト,1289,1289,15000,名詞,固有名詞,人名,一般,*,*,ジギスヴァルト,ジギスヴァルト,ジギスバルト
ハンネローレ,1289,1289,15000,名詞,固有名詞,人名,一般,*,*,ハンネローレ,ハンネローレ,ハンネローレ
ディートリンデ,1289,1289,15000,名詞,固有名詞,人名,一般,*,*,ディートリンデ,ディートリンデ,ディートリンデ
ベンノ,1289,1289,15000,名詞,固有名詞,人名,一般,*,*,ベンノ,ベンノ,ベンノ
トラオクヴァール,1289,1289,15000,名詞,固有名詞,人名,一般,*,*,トラオクヴァール,トラオクヴァール,トラオクヴァール
ヒルシュール,1289,1289,15000,名詞,固有名詞,人名,一般,*,*,ヒルシュール,ヒルシュール,ヒルシュール
リーゼレータ,1289,1289,15000,名詞,固有名詞,人名,一般,*,*,リーゼレータ,リーゼレータ,リーゼレータ
ハルトムート,1289,1289,15000,名詞,固有名詞,人名,一般,*,*,ハルトムート,ハルトムート,ハルトムート
アンゲリカ,1289,1289,15000,名詞,固有名詞,人名,一般,*,*,アンゲリカ,アンゲリカ,アンゲリカ
レーベレヒト,1289,1289,15000,名詞,固有名詞,人名,一般,*,*,レーベレヒト,レーベレヒト,レーベレヒト
フェルネスティーネ,1289,1289,15000,名詞,固有名詞,人名,一般,*,*,フェルネスティーネ,フェルネスティーネ,フェルネスティーネ
レオノーレ,1289,1289,15000,名詞,固有名詞,人名,一般,*,*,レオノーレ,レオノーレ,レオノーレ
クラリッサ,1289,1289,15000,名詞,固有名詞,人名,一般,*,*,クラリッサ,クラリッサ,クラリッサ
アーレンスバッハ,1293,1293,15000,名詞,固有名詞,地域,一般,*,*,アーレンスバッハ,アーレンスバッハ,アーレンスバッハ
エーレンフェスト,1293,1293,15000,名詞,固有名詞,地域,一般,*,*,エーレンフェスト,エーレンフェスト,エーレンフェスト
クラッセンブルク,1293,1293,15000,名詞,固有名詞,地域,一般,*,*,クラッセンブルク,クラッセンブルク,クラッセンブルク
ユルゲンシュミット,1293,1293,15000,名詞,固有名詞,地域,一般,*,*,ユルゲンシュミット,ユルゲンシュミット,ユルゲンシュミット
トロンベ,1288,1288,15000,名詞,固有名詞,一般,*,*,*,トロンベ,トロンベ,トロンベ
ツェント,1288,1288,15000,名詞,固有名詞,一般,*,*,*,ツェント,ツェント,ツェント
グルトリスハイト,1289,1289,15000,名詞,固有名詞,人名,一般,*,*,グルトリスハイト,グルトリスハイト,グルトリスハイト
アウブ,1288,1288,15000,名詞,固有名詞,一般,*,*,*,アウブ,アウブ,アウブ
ギーベ,1288,1288,15000,名詞,固有名詞,一般,*,*,*,ギーベ,ギーベ,ギーベ
タウナーデ,1288,1288,15000,名詞,固有名詞,一般,*,*,*,タウナーデ,タウナーデ,タウナーデ
シュプレッシュ,1288,1288,15000,名詞,固有名詞,一般,*,*,*,シュプレッシュ,シュプレッシュ,シュプレッシュ
フィリーネ,1289,1289,15000,名詞,固有名詞,人名,一般,*,*,フィリーネ,フィリーネ,フィリーネ
オティーリエ,1289,1289,15000,名詞,固有名詞,人名,一般,*,*,オティーリエ,オティーリエ,オティーリエ
ブリュンヒルデ,1289,1289,15000,名詞,固有名詞,人名,一般,*,*,ブリュンヒルデ,ブリュンヒルデ,ブリュンヒルデ
ベルティルデ,1289,1289,15000,名詞,固有名詞,人名,一般,*,*,ベルティルデ,ベルティルデ,ベルティルデ
ローデリヒ,1289,1289,15000,名詞,固有名詞,人名,一般,*,*,ローデリヒ,ローデリヒ,ローデリヒ
マティアス,1289,1289,15000,名詞,固有名詞,人名,一般,*,*,マティアス,マティアス,マティアス
ラウレンツ,1289,1289,15000,名詞,固有名詞,人名,一般,*,*,ラウレンツ,ラウレンツ,ラウレンツ
グレーティア,1289,1289,15000,名詞,固有名詞,人名,一般,*,*,グレーティア,グレーティア,グレーティア
ミュリエラ,1289,1289,15000,名詞,固有名詞,人名,一般,*,*,ミュリエラ,ミュリエラ,ミュリエラ
ベルトラム,1289,1289,15000,名詞,固有名詞,人名,一般,*,*,ベルトラム,ベルトラム,ベルトラム
メルヒオール,1289,1289,15000,名詞,固有名詞,人名,一般,*,*,メルヒオール,メルヒオール,メルヒオール
コルネリウス,1289,1289,15000,名詞,固有名詞,人名,一般,*,*,コルネリウス,コルネリウス,コルネリウス
ダームエル,1289,1289,15000,名詞,固有名詞,人名,一般,*,*,ダームエル,ダームエル,ダームエル
ユーディット,1289,1289,15000,名詞,固有名詞,人名,一般,*,*,ユーディット,ユーディット,ユーディット
テオドール,1289,1289,15000,名詞,固有名詞,人名,一般,*,*,テオドール,テオドール,テオドール
リーゼレータ,1289,1289,15000,名詞,固有名詞,人名,一般,*,*,リーゼレータ,リーゼレータ,リーゼレータ
トラウゴット,1289,1289,15000,名詞,固有名詞,人名,一般,*,*,トラウゴット,トラウゴット,トラウゴット
オルタンシア,1289,1289,15000,名詞,固有名詞,人名,一般,*,*,オルタンシア,オルタンシア,オルタンシア
レティーツィア,1289,1289,15000,名詞,固有名詞,人名,一般,*,*,レティーツィア,レティーツィア,レティーツィア
ブリギッテ,1289,1289,15000,名詞,固有名詞,人名,一般,*,*,ブリギッテ,ブリギッテ,ブリギッテ
ラザファム,1289,1289,15000,名詞,固有名詞,人名,一般,*,*,ラザファム,ラザファム,ラザファム
ルッツ,1289,1289,15000,名詞,固有名詞,人名,一般,*,*,ルッツ,ルッツ,ルッツ
エックハルト,1289,1289,15000,名詞,固有名詞,人名,一般,*,*,エックハルト,エックハルト,エックハルト
メルヒオール,1289,1289,15000,名詞,固有名詞,人名,一般,*,*,メルヒオール,メルヒオール,メルヒオール
カンフェル,1289,1289,15000,名詞,固有名詞,人名,一般,*,*,カンフェル,カンフェル,カンフェル
フリターク,1289,1289,15000,名詞,固有名詞,人名,一般,*,*,フリターク,フリターク,フリターク
ボニファティウス,1289,1289,15000,名詞,固有名詞,人名,一般,*,*,ボニファティウス,ボニファティウス,ボニファティウス
ヴェローニカ,1289,1289,15000,名詞,固有名詞,人名,一般,*,*,ヴェローニカ,ヴェローニカ,ヴェローニカ
ヴィルマ,1289,1289,15000,名詞,固有名詞,人名,一般,*,*,ヴィルマ,ヴィルマ,ヴィルマ
フラン,1289,1289,15000,名詞,固有名詞,人名,一般,*,*,フラン,フラン,フラン
コンラート,1289,1289,15000,名詞,固有名詞,人名,一般,*,*,コンラート,コンラート,コンラート
ザーム,1289,1289,15000,名詞,固有名詞,人名,一般,*,*,ザーム,ザーム,ザーム
デリア,1289,1289,15000,名詞,固有名詞,人名,一般,*,*,デリア,デリア,デリア
ディルク,1289,1289,15000,名詞,固有名詞,人名,一般,*,*,ディルク,ディルク,ディルク
モニカ,1289,1289,15000,名詞,固有名詞,人名,一般,*,*,モニカ,モニカ,モニカ
ニコラ,1289,1289,15000,名詞,固有名詞,人名,一般,*,*,ニコラ,ニコラ,ニコラ
マルク,1289,1289,15000,名詞,固有名詞,人名,一般,*,*,マルク,マルク,マルク
ギル,1289,1289,15000,名詞,固有名詞,人名,一般,*,*,ギル,ギル,ギル
ギュンター,1289,1289,15000,名詞,固有名詞,人名,一般,*,*,ギュンター,ギュンター,ギュンター
トゥーリ,1289,1289,15000,名詞,固有名詞,人名,一般,*,*,トゥーリ,トゥーリ,トゥーリ
フーゴ,1289,1289,15000,名詞,固有名詞,人名,一般,*,*,フーゴ,フーゴ,フーゴ
エラ,1289,1289,15000,名詞,固有名詞,人名,一般,*,*,エラ,エラ,エラ
ハイデマリー,1289,1289,15000,名詞,固有名詞,人名,一般,*,*,ハイデマリー,ハイデマリー,ハイデマリー
マルティナ,1289,1289,15000,名詞,固有名詞,人名,一般,*,*,マルティナ,マルティナ,マルティナ
レオンツィオ,1289,1289,15000,名詞,固有名詞,人名,一般,*,*,レオンツィオ,レオンツィオ,レオンツィオ
ラルフ,1289,1289,15000,名詞,固有名詞,人名,一般,*,*,ラルフ,ラルフ,ラルフ
ユーディット,1289,1289,15000,名詞,固有名詞,人名,一般,*,*,ユーディット,ユーディット,ユーディット
オイサヴァール,1289,1289,15000,名詞,固有名詞,人名,一般,*,*,オイサヴァール,オイサヴァール,オイサヴァール
ハイルアインド,1289,1289,15000,名詞,固有名詞,人名,一般,*,*,ハイルアインド,ハイルアインド,ハイルアインド
トルキューンハイト,1289,1289,15000,名詞,固有名詞,人名,一般,*,*,トルキューンハイト,トルキューンハイト,トルキューンハイト
フロレンツィア,1289,1289,15000,名詞,固有名詞,人名,一般,*,*,フロレンツィア,フロレンツィア,フロレンツィア
ヒルシュール,1289,1289,15000,名詞,固有名詞,人名,一般,*,*,ヒルシュール,ヒルシュール,ヒルシュール
バルトルト,1289,1289,15000,名詞,固有名詞,人名,一般,*,*,バルトルト,バルトルト,バルトルト
フリッツ,1289,1289,15000,名詞,固有名詞,人名,一般,*,*,フリッツ,フリッツ,フリッツ
ザック,1289,1289,15000,名詞,固有名詞,人名,一般,*,*,ザック,ザック,ザック
ベルトラム,1289,1289,15000,名詞,固有名詞,人名,一般,*,*,ベルトラム,ベルトラム,ベルトラム
ドレッファングーア,1289,1289,15000,名詞,固有名詞,人名,一般,*,*,ドレッファングーア,ドレッファングーア,ドレッファングーア
リーベスクヒルフェ,1289,1289,15000,名詞,固有名詞,人名,一般,*,*,リーベスクヒルフェ,リーベスクヒルフェ,リーベスクヒルフェ
シックザントラハト,1289,1289,15000,名詞,固有名詞,人名,一般,*,*,シックザントラハト,シックザントラハト,シックザントラハト
フェアシュプレーディ,1289,1289,15000,名詞,固有名詞,人名,一般,*,*,フェアシュプレーディ,フェアシュプレーディ,フェアシュプレーディ
フリュートレーネ,1289,1289,15000,名詞,固有名詞,人名,一般,*,*,フリュートレーネ,フリュートレーネ,フリュートレーネ
ライデンシャフト,1289,1289,15000,名詞,固有名詞,人名,一般,*,*,ライデンシャフト,ライデンシャフト,ライデンシャフト
シュツェーリア,1289,1289,15000,名詞,固有名詞,人名,一般,*,*,シュツェーリア,シュツェーリア,シュツェーリア
ゲドゥルリーヒ,1289,1289,15000,名詞,固有名詞,人名,一般,*,*,ゲドゥルリーヒ,ゲドゥルリーヒ,ゲドゥルリーヒ
エーヴィリーベ,1289,1289,15000,名詞,固有名詞,人名,一般,*,*,エーヴィリーベ,エーヴィリーベ,エーヴィリーベ
メスティオノーラ,1289,1289,15000,名詞,固有名詞,人名,一般,*,*,メスティオノーラ,メスティオノーラ,メスティオノーラ
エントリンドゥーゲ,1289,1289,15000,名詞,固有名詞,人名,一般,*,*,エントリンドゥーゲ,エントリンドゥーゲ,エントリンドゥーゲ
グーテンベルク,1292,1292,15000,名詞,固有名詞,組織,*,*,*,グーテンベルク,グーテンベルク,グーテンベルク
ルネッサンス,1292,1292,15000,名詞,固有名詞,組織,*,*,*,ルネッサンス,ルネッサンス,
ギルベルタ商会,1292,1292,15000,名詞,固有名詞,組織,*,*,*,ギルベルタ商会,ギルベルタ商会,ギルベルタショーカイ
プランタン商会,1292,1292,15000,名詞,固有名詞,組織,*,*,*,プランタン商会,プランタン商会,プランタンショーカイ
ヴィルトル,1293,1293,15000,名詞,固有名詞,地域,一般,*,*,ヴィルトル,ヴィルトル,ヴィルトル
ゲルラッハ,1293,1293,15000,名詞,固有名詞,地域,一般,*,*,ゲルラッハ,ゲルラッハ,ゲルラッハ
イルクナー,1293,1293,15000,名詞,固有名詞,地域,一般,*,*,イルクナー,イルクナー,イルクナー
グレッシェル,1293,1293,15000,名詞,固有名詞,地域,一般,*,*,グレッシェル,グレッシェル,グレッシェル
キルンベルガ,1293,1293,15000,名詞,固有名詞,地域,一般,*,*,キルンベルガ,キルンベルガ,キルンベルガ
ハルデンツェル,1293,1293,15000,名詞,固有名詞,地域,一般,*,*,ハルデンツェル,ハルデンツェル,ハルデンツェル
ライゼガング,1293,1293,15000,名詞,固有名詞,地域,一般,*,*,ライゼガング,ライゼガング,ライゼガング
ドレヴァンヒェル,1293,1293,15000,名詞,固有名詞,地域,一般,*,*,ドレヴァンヒェル,ドレヴァンヒェル,ドレヴァンヒェル
ダンケルフェルガー,1293,1293,15000,名詞,固有名詞,地域,一般,*,*,ダンケルフェルガー,ダンケルフェルガー,ダンケルフェルガー
シュタープ,1288,1288,15000,名詞,固有名詞,一般,*,*,*,シュタープ,シュタープ,シュタープ
オルドナンツ,1288,1288,15000,名詞,固有名詞,一般,*,*,*,オルドナンツ,オルドナンツ,オルドナンツ
ナンセーブ,1288,1288,15000,名詞,固有名詞,一般,*,*,*,ナンセーブ,ナンセーブ,ナンセーブ
エイフォン,1288,1288,15000,名詞,固有名詞,一般,*,*,*,エイフォン,エイフォン,エイフォン
ロンダリング,1283,1283,15000,名詞,サ変接続,*,*,*,*,ロンダリング,ロンダリング,ロンダリング
フェシュピール,1288,1288,15000,名詞,固有名詞,一般,*,*,*,フェシュピール,フェシュピール,フェシュピール
エントヴィッケルン,1288,1288,15000,名詞,固有名詞,一般,*,*,*,エントヴィッケルン,エントヴィッケルン,エントヴィッケルン
ヴァッシェン,1288,1288,15000,名詞,固有名詞,一般,*,*,*,ヴァッシェン,ヴァッシェン,ヴァッシェン
ジャンシアーヌ,1289,1289,15000,名詞,固有名詞,人名,一般,*,*,ジャンシアーヌ,ジャンシアーヌ,ジャンシアーヌ
パウリーネ,1289,1289,15000,名詞,固有名詞,人名,一般,*,*,パウリーネ,パウリーネ,パウリーネ
スティロ,1288,1288,15000,名詞,固有名詞,一般,*,*,*,スティロ,スティロ,スティロ
エールデグラール,1289,1289,15000,名詞,固有名詞,人名,一般,*,*,エールデグラール,エールデグラール,エールデグラール
アーンヴァックス,1289,1289,15000,名詞,固有名詞,人名,一般,*,*,アーンヴァックス,アーンヴァックス,アーンヴァックス
エアヴェルミーン,1289,1289,15000,名詞,固有名詞,人名,一般,*,*,エアヴェルミーン,エアヴェルミーン,エアヴェルミーン
クインタ,1289,1289,15000,名詞,固有名詞,人名,一般,*,*,クインタ,クインタ,クインタ
アルステーデ,1289,1289,15000,名詞,固有名詞,人名,一般,*,*,アルステーデ,アルステーデ,アルステーデ
ロスヴィータ,1289,1289,15000,名詞,固有名詞,人名,一般,*,*,ロスヴィータ,ロスヴィータ,ロスヴィータ
フェアゼーレ,1289,1289,15000,名詞,固有名詞,人名,一般,*,*,フェアゼーレ,フェアゼーレ,フェアゼーレ
フェアドレーオス,1289,1289,15000,名詞,固有名詞,人名,一般,*,*,フェアドレーオス,フェアドレーオス,フェアドレーオス
ウンハイルシュナイデ,1289,1289,15000,名詞,固有名詞,人名,一般,*,*,ウンハイルシュナイデ,ウンハイルシュナイデ,ウンハイルシュナイデ
グラオザム,1289,1289,15000,名詞,固有名詞,人名,一般,*,*,グラオザム,グラオザム,グラオザム
ハイスヒッツェ,1289,1289,15000,名詞,固有名詞,人名,一般,*,*,ハイスヒッツェ,ハイスヒッツェ,ハイスヒッツェ
フリュートレーネ,1289,1289,15000,名詞,固有名詞,人名,一般,*,*,フリュートレーネ,フリュートレーネ,フリュートレーネ
ルングシュメール,1289,1289,15000,名詞,固有名詞,人名,一般,*,*,ルングシュメール,ルングシュメール,ルングシュメール
ゲドゥルリーヒ,1289,1289,15000,名詞,固有名詞,人名,一般,*,*,ゲドゥルリーヒ,ゲドゥルリーヒ,ゲドゥルリーヒ
ルーフェン,1289,1289,15000,名詞,固有名詞,人名,一般,*,*,ルーフェン,ルーフェン,ルーフェン
アンハルトゥング,1289,1289,15000,名詞,固有名詞,人名,一般,*,*,アンハルトゥング,アンハルトゥング,アンハルトゥング
フェアベルッケン,1289,1289,15000,名詞,固有名詞,人名,一般,*,*,フェアベルッケン,フェアベルッケン,フェアベルッケン
トルキューンハイト,1289,1289,15000,名詞,固有名詞,人名,一般,*,*,トルキューンハイト,トルキューンハイト,トルキューンハイト
ラオブルート,1289,1289,15000,名詞,固有名詞,人名,一般,*,*,ラオブルート,ラオブルート,ラオブルート
オルドシュネーリ,1289,1289,15000,名詞,固有名詞,人名,一般,*,*,オルドシュネーリ,オルドシュネーリ,オルドシュネーリ
シュラートラウム,1289,1289,15000,名詞,固有名詞,人名,一般,*,*,シュラートラウム,シュラートラウム,シュラートラウム
ゼルギウス,1289,1289,15000,名詞,固有名詞,人名,一般,*,*,ゼルギウス,ゼルギウス,ゼルギウス
ロスヴィータ,1289,1289,15000,名詞,固有名詞,人名,一般,*,*,ロスヴィータ,ロスヴィータ,ロスヴィータ
フェアゼーレ,1289,1289,15000,名詞,固有名詞,人名,一般,*,*,フェアゼーレ,フェアゼーレ,フェアゼーレ
アルステーデ,1289,1289,15000,名詞,固有名詞,人名,一般,*,*,アルステーデ,アルステーデ,アルステーデ
テルツァ,1289,1289,15000,名詞,固有名詞,人名,一般,*,*,テルツァ,テルツァ,テルツァ
ジェルヴァージオ,1289,1289,15000,名詞,固有名詞,人名,一般,*,*,ジェルヴァージオ,ジェルヴァージオ,ジェルヴァージオ
ゲボルトヌーン,1289,1289,15000,名詞,固有名詞,人名,一般,*,*,ゲボルトヌーン,ゲボルトヌーン,ゲボルトヌーン
エーファ,1289,1289,15000,名詞,固有名詞,人名,一般,*,*,エーファ,エーファ,エーファ
ベルケシュトック,1293,1293,15000,名詞,固有名詞,地域,一般,*,*,ベルケシュトック,ベルケシュトック,ベルケシュトック
ザウスガース,1293,1293,15000,名詞,固有名詞,地域,一般,*,*,ザウスガース,ザウスガース,ザウスガース
シャルファー,1293,1293,15000,名詞,固有名詞,地域,一般,*,*,シャルファー,シャルファー,シャルファー
ディッター,1288,1288,15000,名詞,固有名詞,一般,*,*,*,ディッター,ディッター,ディッター
シュトレイトコルベン,1288,1288,15000,名詞,固有名詞,一般,*,*,*,シュトレイトコルベン,シュトレイトコルベン,シュトレイトコルベン
ヴォルヘニール,1288,1288,15000,名詞,固有名詞,一般,*,*,*,ヴォルヘニール,ヴォルヘニール,ヴォルヘニール
リューケン,1288,1288,15000,名詞,固有名詞,一般,*,*,*,リューケン,リューケン,リューケン
タウ,1288,1288,15000,名詞,固有名詞,一般,*,*,*,タウ,タウ,タウ
カミル,1289,1289,15000,名詞,固有名詞,人名,一般,*,*,カミル,カミル,カミル
オットー,1289,1289,15000,名詞,固有名詞,人名,一般,*,*,オットー,オットー,オットー
ディード,1289,1289,15000,名詞,固有名詞,人名,一般,*,*,ディード,ディード,ディード
コリンナ,1289,1289,15000,名詞,固有名詞,人名,一般,*,*,コリンナ,コリンナ,コリンナ
ロジーナ,1289,1289,15000,名詞,固有名詞,人名,一般,*,*,ロジーナ,ロジーナ,ロジーナ
リジー,1289,1289,15000,名詞,固有名詞,人名,一般,*,*,リジー,リジー,リジー
リジー,1289,1289,15000,名詞,固有名詞,人名,一般,*,*,リジー,リジー,リジー
カルステッド,1289,1289,15000,名詞,固有名詞,人名,一般,*,*,カルステッド,カルステッド,カルステッド
クリスティーネ,1289,1289,15000,名詞,固有名詞,人名,一般,*,*,クリスティーネ,クリスティーネ,クリスティーネ
レナーテ,1289,1289,15000,名詞,固有名詞,人名,一般,*,*,レナーテ,レナーテ,レナーテ
ヴォルフ,1289,1289,15000,名詞,固有名詞,人名,一般,*,*,ヴォルフ,ボルフ,ボルフ
ハイディ,1289,1289,15000,名詞,固有名詞,人名,一般,*,*,ハイディ,ハイディ,ハイディ
ヨゼフ,1289,1289,15000,名詞,固有名詞,人名,一般,*,*,ヨゼフ,ヨゼフ,ヨゼフ
シキコーザ,1289,1289,15000,名詞,固有名詞,人名,一般,*,*,シキコーザ,シキコーザ,シキコーザ
ビンデバルト,1289,1289,15000,名詞,固有名詞,人名,一般,*,*,ビンデバルト,ビンデバルト,ビンデバルト
ローゼマリー,1289,1289,15000,名詞,固有名詞,人名,一般,*,*,ローゼマリー,ローゼマリー,ローゼマリー
ブラウ,1288,1288,15000,名詞,固有名詞,一般,*,*,*,ブラウ,ブラウ,ブラウ
リヒャルダ,1289,1289,15000,名詞,固有名詞,人名,一般,*,*,リヒャルダ,リヒャルダ,リヒャルダ
ユストクス,1289,1289,15000,名詞,固有名詞,人名,一般,*,*,ユストクス,ユストクス,ユストクス
リュディガー,,,15000,名詞,固有名詞,人名,一般,*,*,リュディガー,リュディガー,リュディガー
ゲオルギーネ,,,15000,名詞,固有名詞,人名,一般,*,*,ゲオルギーネ,ゲオルギーネ,ゲオルギーネ
シャルロッテ,,,15000,名詞,固有名詞,人名,一般,*,*,シャルロッテ,シャルロッテ,シャルロッテ
ソランジュ,,,15000,名詞,固有名詞,人名,一般,*,*,ソランジュ,ソランジュ,ソランジュ
グレートヒェン,,,15000,名詞,固有名詞,人名,一般,*,*,グレートヒェン,グレートヒェン,グレートヒェン
ガブリエーレ,,,15000,名詞,固有名詞,人名,一般,*,*,ガブリエーレ,ガブリエーレ,ガブリエーレ
シュティンルーク,,,15000,名詞,固有名詞,人名,一般,*,*,シュティンルーク,シュティンルーク,シュティンルーク
アングリーフ,,,15000,名詞,固有名詞,人名,一般,*,*,アングリーフ,アングリーフ,アングリーフ
レスティラウト,,,15000,名詞,固有名詞,人名,一般,*,*,レスティラウト,レスティラウト,レスティラウト
ランガナタン,,,15000,名詞,固有名詞,人名,一般,*,*,ランガナタン,ランガナタン,ランガナタン
ハッセ,1293,1293,15000,名詞,固有名詞,地域,一般,*,*,ハッセ,ハッセ,ハッセ
フレーベルターク,,,15000,名詞,固有名詞,地域,一般,*,*,フレーベルターク,フレーベルターク,フレーベルターク
オスヴィン,,,15000,名詞,固有名詞,人名,一般,*,*,オスヴィン,オスヴィン,オスヴィン
ノルベルト,,,15000,名詞,固有名詞,人名,一般,*,*,ノルベルト,ノルベルト,ノルベルト
ノル,,,15000,名詞,固有名詞,人名,一般,*,*,ノル,ノル,ノル
インゴ,,,15000,名詞,固有名詞,人名,一般,*,*,インゴ,インゴ,インゴ
テオ,,,15000,名詞,固有名詞,人名,一般,*,*,テオ,テオ,テオ
ヴィクトア,,,15000,名詞,固有名詞,人名,一般,*,*,ヴィクトア,ヴィクトア,ヴィクトア
フォルク,,,15000,名詞,固有名詞,人名,一般,*,*,フォルク,フォルク,フォルク
リンファイ,,,15000,名詞,固有名詞,人名,一般,*,*,リンファイ,リンファイ,リンファイ
カーヤ,,,15000,名詞,固有名詞,人名,一般,*,*,カーヤ,カーヤ,カーヤ
ダミアン,,,15000,名詞,固有名詞,人名,一般,*,*,ダミアン,ダミアン,ダミアン
モーリッツ,,,15000,名詞,固有名詞,人名,一般,*,*,モーリッツ,モーリッツ,モーリッツ
シュネティルム,,,15000,名詞,固有名詞,人名,一般,*,*,シュネティルム,シュネティルム,シュネティルム
ランプレヒト,,,15000,名詞,固有名詞,人名,一般,*,*,ランプレヒト,ランプレヒト,ランプレヒト
グードルーン,,,15000,名詞,固有名詞,人名,一般,*,*,グードルーン,グードルーン,グードルーン
オトマール,,,15000,名詞,固有名詞,人名,一般,*,*,オトマール,オトマール,オトマール
イグナーツ,,,15000,名詞,固有名詞,人名,一般,*,*,イグナーツ,イグナーツ,イグナーツ
リンシャン,,,15000,名詞,固有名詞,人名,一般,*,*,リンシャン,リンシャン,リンシャン
シッカーク,,,15000,名詞,固有名詞,人名,一般,*,*,シッカーク,シッカーク,シッカーク
ヨナサーラ,,,15000,名詞,固有名詞,人名,一般,*,*,ヨナサーラ,ヨナサーラ,ヨナサーラ
イルゼ,,,15000,名詞,固有名詞,人名,一般,*,*,イルゼ,イルゼ,イルゼ
フェイ,,,15000,名詞,固有名詞,人名,一般,*,*,フェイ,フェイ,フェイ
ダールドルフ,,,15000,名詞,固有名詞,人名,一般,*,*,ダールドルフ,ダールドルフ,ダールドルフ
アヒム,,,15000,名詞,固有名詞,人名,一般,*,*,アヒム,アヒム,アヒム
グリム,,,15000,名詞,固有名詞,人名,一般,*,*,グリム,グリム,グリム
ミッシュ,,,15000,名詞,固有名詞,人名,一般,*,*,ミッシュ,ミッシュ,ミッシュ
ペード,,,15000,名詞,固有名詞,人名,一般,*,*,ペード,ペード,ペード
リヒト,,,15000,名詞,固有名詞,人名,一般,*,*,リヒト,リヒト,リヒト
マルテ,,,15000,名詞,固有名詞,人名,一般,*,*,マルテ,マルテ,マルテ
エルネスタ,,,15000,名詞,固有名詞,人名,一般,*,*,エルネスタ,エルネスタ,エルネスタ
シュインジョウ,,,15000,名詞,固有名詞,人名,一般,*,*,シュインジョウ,シュインジョウ,シュインジョウ
フェアドレンナ,,,15000,名詞,固有名詞,人名,一般,*,*,フェアドレンナ,フェアドレンナ,フェアドレンナ
ヨハン,,,15000,名詞,固有名詞,人名,一般,*,*,ヨハン,ヨハン,ヨハン
アイフィント,,,15000,名詞,固有名詞,人名,一般,*,*,アイフィント,アイフィント,アイフィント
ベハンクラウト,,,15000,名詞,固有名詞,人名,一般,*,*,ベハンクラウト,ベハンクラウト,ベハンクラウト
シャルラウプ,,,15000,名詞,固有名詞,人名,一般,*,*,シャルラウプ,シャルラウプ,シャルラウプ
ルングオープ,,,15000,名詞,固有名詞,人名,一般,*,*,ルングオープ,ルングオープ,ルングオープ
フロイデン,,,15000,名詞,固有名詞,人名,一般,*,*,フロイデン,フロイデン,フロイデン
アドルフィーネ,,,15000,名詞,固有名詞,人名,一般,*,*,アドルフィーネ,アドルフィーネ,アドルフィーネ
フリーダ,,,15000,名詞,固有名詞,人名,一般,*,*,フリーダ,フリーダ,フリーダ
ニコラウス,,,15000,名詞,固有名詞,人名,一般,*,*,ニコラウス,ニコラウス,ニコラウス
トルデリーデ,,,15000,名詞,固有名詞,人名,一般,*,*,トルデリーデ,トルデリーデ,トルデリーデ
アウレーリア,,,15000,名詞,固有名詞,人名,一般,*,*,アウレーリア,アウレーリア,アウレーリア
クウェカルーラ,,,15000,名詞,固有名詞,人名,一般,*,*,クウェカルーラ,クウェカルーラ,クウェカルーラ
フラウレルム,,,15000,名詞,固有名詞,人名,一般,*,*,フラウレルム,フラウレルム,フラウレルム
ベティーナ,,,15000,名詞,固有名詞,人名,一般,*,*,ベティーナ,ベティーナ,ベティーナ
ツィトリン,,,15000,名詞,固有名詞,人名,一般,*,*,ツィトリン,ツィトリン,ツィトリン
ヴィオレーベ,,,15000,名詞,固有名詞,人名,一般,*,*,ヴィオレーベ,ヴィオレーベ,ヴィオレーベ
アイフィント,,,15000,名詞,固有名詞,人名,一般,*,*,アイフィント,アイフィント,アイフィント
ベハンクラウト,,,15000,名詞,固有名詞,人名,一般,*,*,ベハンクラウト,ベハンクラウト,ベハンクラウト
シャルラウプ,,,15000,名詞,固有名詞,人名,一般,*,*,シャルラウプ,シャルラウプ,シャルラウプ
シュヴェールト,,,15000,名詞,固有名詞,人名,一般,*,*,シュヴェールト,シュヴェールト,シュヴェールト
リーズィッヒェル,,,15000,名詞,固有名詞,人名,一般,*,*,リーズィッヒェル,リーズィッヒェル,リーズィッヒェル
ライムント,,,15000,名詞,固有名詞,人名,一般,*,*,ライムント,ライムント,ライムント
グンドルフ,,,15000,名詞,固有名詞,人名,一般,*,*,グンドルフ,グンドルフ,グンドルフ
アルトゥール,,,15000,名詞,固有名詞,人名,一般,*,*,アルトゥール,アルトゥール,アルトゥール
レリギオン,,,15000,名詞,固有名詞,人名,一般,*,*,レリギオン,レリギオン,レリギオン
ハウフレッツェ,,,15000,名詞,固有名詞,人名,一般,*,*,ハウフレッツェ,ハウフレッツェ,ハウフレッツェ
ルーツィンデ,,,15000,名詞,固有名詞,人名,一般,*,*,ルーツィンデ,ルーツィンデ,ルーツィンデ
ルードルフ,,,15000,名詞,固有名詞,人名,一般,*,*,ルードルフ,ルードルフ,ルードルフ
ナターリエ,,,15000,名詞,固有名詞,人名,一般,*,*,ナターリエ,ナターリエ,ナターリエ
フランメルツ,,,15000,名詞,固有名詞,人名,一般,*,*,フランメルツ,フランメルツ,フランメルツ
グランツリング,,,15000,名詞,固有名詞,人名,一般,*,*,グランツリング,グランツリング,グランツリング
フィンストゥルム,,,15000,名詞,固有名詞,人名,一般,*,*,フィンストゥルム,フィンストゥルム,フィンストゥルム
フェアフューレメーア,,,15000,名詞,固有名詞,人名,一般,*,*,フェアフューレメーア,フェアフューレメーア,フェアフューレメーア
フンデルトタイレン,,,15000,名詞,固有名詞,人名,一般,*,*,フンデルトタイレン,フンデルトタイレン,フンデルトタイレン
インメルディンク,1293,1293,15000,名詞,固有名詞,地域,一般,*,*,インメルディンク,インメルディンク,インメルディンク
ギレッセンマイアー,1293,1293,15000,名詞,固有名詞,地域,一般,*,*,ギレッセンマイアー,ギレッセンマイアー,ギレッセンマイアー
フルース,1293,1293,15000,名詞,固有名詞,地域,一般,*,*,フルース,フルース,フルース
ジョイソターク,,,15000,名詞,固有名詞,人名,一般,*,*,ジョイソターク,ジョイソターク,ジョイソターク
エグモント,,,15000,名詞,固有名詞,人名,一般,*,*,エグモント,エグモント,エグモント
イェレミアス,,,15000,名詞,固有名詞,人名,一般,*,*,イェレミアス,イェレミアス,イェレミアス
ユッテ,,,15000,名詞,固有名詞,人名,一般,*,*,ユッテ,ユッテ,ユッテ
クヌート,,,15000,名詞,固有名詞,人名,一般,*,*,クヌート,クヌート,クヌート
アレクシス,,,15000,名詞,固有名詞,人名,一般,*,*,アレクシス,アレクシス,アレクシス
キュントズィール,,,15000,名詞,固有名詞,人名,一般,*,*,キュントズィール,キュントズィール,キュントズィール
シュタイフェリーゼ,,,15000,名詞,固有名詞,人名,一般,*,*,シュタイフェリーゼ,シュタイフェリーゼ,シュタイフェリーゼ
コルドゥラ,,,15000,名詞,固有名詞,人名,一般,*,*,コルドゥラ,コルドゥラ,コルドゥラ
シェンティス,,,15000,名詞,固有名詞,人名,一般,*,*,シェンティス,シェンティス,シェンティス
コンスタンツェ,,,15000,名詞,固有名詞,人名,一般,*,*,コンスタンツェ,コンスタンツェ,コンスタンツェ
グリュックリテート,,,15000,名詞,固有名詞,人名,一般,*,*,グリュックリテート,グリュックリテート,グリュックリテート
カサンドラ,,,15000,名詞,固有名詞,人名,一般,*,*,カサンドラ,カサンドラ,カサンドラ
ブルーアンファ,,,15000,名詞,固有名詞,人名,一般,*,*,ブルーアンファ,ブルーアンファ,ブルーアンファ
リュールラディ,,,15000,名詞,固有名詞,人名,一般,*,*,リュールラディ,リュールラディ,リュールラディ
ルストラオネ,,,15000,名詞,固有名詞,人名,一般,*,*,ルストラオネ,ルストラオネ,ルストラオネ
ムレンロイエ,,,15000,名詞,固有名詞,人名,一般,*,*,ムレンロイエ,ムレンロイエ,ムレンロイエ
フェアツィーレ,,,15000,名詞,固有名詞,人名,一般,*,*,フェアツィーレ,フェアツィーレ,フェアツィーレ
ナーエラッヒェ,,,15000,名詞,固有名詞,人名,一般,*,*,ナーエラッヒェ,ナーエラッヒェ,ナーエラッヒェ
イージドール,,,15000,名詞,固有名詞,人名,一般,*,*,イージドール,イージドール,イージドール
ラールタルク,,,15000,名詞,固有名詞,人名,一般,*,*,ラールタルク,ラールタルク,ラールタルク
オズヴァルト,,,15000,名詞,固有名詞,人名,一般,*,*,オズヴァルト,オズヴァルト,オズヴァルト
ヨースブレンナー,,,15000,名詞,固有名詞,地域,一般,*,*,ヨースブレンナー,ヨースブレンナー,ヨースブレンナー
ローエンベルク,,,15000,名詞,固有名詞,地域,一般,*,*,ローエンベルク,ローエンベルク,ローエンベルク
ギレッセンマイヤー,,,15000,名詞,固有名詞,地域,一般,*,*,ギレッセンマイヤー,ギレッセンマイヤー,ギレッセンマイヤー
トルステン,,,15000,名詞,固有名詞,人名,一般,*,*,トルステン,トルステン,トルステン
マリー・アントワネット,,,15000,名詞,固有名詞,人名,一般,*,*,マリー・アントワネット,マリー・アントワネット,マリー・アントワネット
ブラージウス,,,15000,名詞,固有名詞,人名,一般,*,*,ブラージウス,ブラージウス,ブラージウス
カメーヴァレイン,,,15000,名詞,固有名詞,人名,一般,*,*,カメーヴァレイン,カメーヴァレイン,カメーヴァレイン
ベネディクタ,,,15000,名詞,固有名詞,人名,一般,*,*,ベネディクタ,ベネディクタ,ベネディクタ
ギーベ・ベッセル,,,15000,名詞,固有名詞,人名,一般,*,*,ギーベ・ベッセル,ギーベ・ベッセル,ギーベ・ベッセル
ズィーロレ,,,15000,名詞,固有名詞,人名,一般,*,*,ズィーロレ,ズィーロレ,ズィーロレ
ライレーネ,,,15000,名詞,固有名詞,人名,一般,*,*,ライレーネ,ライレーネ,ライレーネ
エアヴァクレーレン,,,15000,名詞,固有名詞,人名,一般,*,*,エアヴァクレーレン,エアヴァクレーレン,エアヴァクレーレン
カーオスフリーエ,,,15000,名詞,固有名詞,人名,一般,*,*,カーオスフリーエ,カーオスフリーエ,カーオスフリーエ
ダオアレーベン,,,15000,名詞,固有名詞,人名,一般,*,*,ダオアレーベン,ダオアレーベン,ダオアレーベン
グラマラトゥーア,,,15000,名詞,固有名詞,人名,一般,*,*,グラマラトゥーア,グラマラトゥーア,グラマラトゥーア
ユーゲライゼ,,,15000,名詞,固有名詞,人名,一般,*,*,ユーゲライゼ,ユーゲライゼ,ユーゲライゼ
しゅーちゃん,,,15000,名詞,固有名詞,人名,一般,*,*,しゅーちゃん,シューチャン,シューチャン
ディモ,,,15000,名詞,固有名詞,人名,一般,*,*,ディモ,ディモ,ディモ
アウブ・アイゼンライヒ,,,15000,名詞,固有名詞,人名,一般,*,*,アウブ・アイゼンライヒ,アウブ・アイゼンライヒ,アウブ・アイゼンライヒ
バイシュマハート,,,15000,名詞,固有名詞,人名,一般,*,*,バイシュマハート,バイシュマハート,バイシュマハート
アイファズナイト,,,15000,名詞,固有名詞,人名,一般,*,*,アイファズナイト,アイファズナイト,アイファズナイト
クレフタルク,,,15000,名詞,固有名詞,人名,一般,*,*,クレフタルク,クレフタルク,クレフタルク
タイディヒンダ,,,15000,名詞,固有名詞,人名,一般,*,*,タイディヒンダ,タイディヒンダ,タイディヒンダ
ヴェーリヌール,,,15000,名詞,固有名詞,人名,一般,*,*,ヴェーリヌール,ヴェーリヌール,ヴェーリヌール
ゲシュテフェールト,,,15000,名詞,固有名詞,人名,一般,*,*,ゲシュテフェールト,ゲシュテフェールト,ゲシュテフェールト
ゾネンシュラーク,,,15000,名詞,固有名詞,人名,一般,*,*,ゾネンシュラーク,ゾネンシュラーク,ゾネンシュラーク
ゲゼッツケッテ,,,15000,名詞,固有名詞,人名,一般,*,*,ゲゼッツケッテ,ゲゼッツケッテ,ゲゼッツケッテ
ジークレヒト,,,15000,名詞,固有名詞,人名,一般,*,*,ジークレヒト,ジークレヒト,ジークレヒト
トルステン,,,15000,名詞,固有名詞,人名,一般,*,*,トルステン,トルステン,トルステン
ザシャ,,,15000,名詞,固有名詞,人名,一般,*,*,ザシャ,ザシャ,ザシャ
ブロン,,,15000,名詞,固有名詞,人名,一般,*,*,ブロン,ブロン,ブロン
グラーツ,,,15000,名詞,固有名詞,人名,一般,*,*,グラーツ,グラーツ,グラーツ
ベルーフ,,,15000,名詞,固有名詞,人名,一般,*,*,ベルーフ,ベルーフ,ベルーフ
ビアス,,,15000,名詞,固有名詞,人名,一般,*,*,ビアス,ビアス,ビアス
ターナ,,,15000,名詞,固有名詞,人名,一般,*,*,ターナ,ターナ,ターナ
キアッフレード,,,15000,名詞,固有名詞,人名,一般,*,*,キアッフレード,キアッフレード,キアッフレード
エフロレルーメ,,,15000,名詞,固有名詞,人名,一般,*,*,エフロレルーメ,エフロレルーメ,エフロレルーメ
ハイウェスト,,,15000,名詞,固有名詞,人名,一般,*,*,ハイウェスト,ハイウェスト,ハイウェスト
アイゼンライヒ,,,15000,名詞,固有名詞,地域,一般,*,*,アイゼンライヒ,アイゼンライヒ,アイゼンライヒ
ボースガイツ,,,15000,名詞,固有名詞,地域,一般,*,*,ボースガイツ,ボースガイツ,ボースガイツ
ベッセル,,,15000,名詞,固有名詞,地域,一般,*,*,ベッセル,ベッセル,ベッセル
アドレット,,,15000,名詞,固有名詞,人名,一般,*,*,アドレット,アドレット,アドレット
ギーベ・ガルドゥーン,,,15000,名詞,固有名詞,人名,一般,*,*,ギーベ・ガルドゥーン,ギーベ・ガルドゥーン,ギーベ・ガルドゥーン
シュトラール,,,15000,名詞,固有名詞,人名,一般,*,*,シュトラール,シュトラール,シュトラール
シュネーアスト,,,15000,名詞,固有名詞,人名,一般,*,*,シュネーアスト,シュネーアスト,シュネーアスト
グライフェシャーン,,,15000,名詞,固有名詞,人名,一般,*,*,グライフェシャーン,グライフェシャーン,グライフェシャーン
シュラーゲツィール,,,15000,名詞,固有名詞,人名,一般,*,*,シュラーゲツィール,シュラーゲツィール,シュラーゲツィール
ドゥルトゼッツェン,,,15000,名詞,固有名詞,人名,一般,*,*,ドゥルトゼッツェン,ドゥルトゼッツェン,ドゥルトゼッツェン
エアヴァルミーン,,,15000,名詞,固有名詞,人名,一般,*,*,エアヴァルミーン,エアヴァルミーン,エアヴァルミーン
ローゼマインッ,,,15000,名詞,固有名詞,人名,一般,*,*,ローゼマイン,ローゼマインッ,ローゼマイン
エアストエーデ,,,15000,名詞,固有名詞,地域,一般,*,*,エアストエーデ,エアストエーデ,エアストエーデ
ザイツェン,,,15000,名詞,固有名詞,地域,一般,*,*,ザイツェン,ザイツェン,ザイツェン
美夜,1291,1291,15000,名詞,固有名詞,人名,名,*,*,美夜,ミヤ,ミヤ
神殿長,1285,1285,15000,名詞,一般,*,*,*,*,神殿長,シンデンチョウ,シンデンチョー
神官長,1285,1285,15000,名詞,一般,*,*,*,*,神官長,シンカンチョウ,シンカンチョー
ギルド長,1285,1285,15000,名詞,一般,*,*,*,*,ギルド長,ギルドチョウ,ギルドチョー
浩浩たる,1285,1285,15000,名詞,一般,*,*,*,*,浩浩たる,コウコウタル,コウコウタル
フォリン,1285,1285,15000,名詞,一般,*,*,*,*,フォリン,フォリン,フォリン
ファルファッレ,1285,1285,15000,名詞,一般,*,*,*,*,ファルファッレ,ファルファッレ,ファルファッレ
ルトレーベ,1285,1285,15000,名詞,一般,*,*,*,*,ルトレーベ,ルトレーベ,ルトレーベ
レッサーバス,,,15000,名詞,一般,*,*,*,*,レッサーバス,レッサーバス,レッサーバス
キャレル,,,15000,名詞,一般,*,*,*,*,キャレル,キャレル,キャレル
ライティングデスク,,,15000,名詞,一般,*,*,*,*,ライティングデスク,ライティングデスク,ライティングデスク
チェインドライブラリー,,,15000,名詞,一般,*,*,*,*,チェインドライブラリー,チェインドライブラリー,チェインドライブラリー
カトルカール,,,15000,名詞,一般,*,*,*,*,カトルカール,カトルカール,カトルカール
ルムトプフ,,,15000,名詞,一般,*,*,*,*,ルムトプフ,ルムトプフ,ルムトプフ
パウンドケーキ,,,15000,名詞,一般,*,*,*,*,パウンドケーキ,パウンドケーキ,パウンドケーキ
シュミル,,,15000,名詞,一般,*,*,*,*,シュミル,シュミル,シュミル
まりょく,,,15000,名詞,一般,*,*,*,*,まりょく,マリョク,マリョク
ゲッティルト,,,15000,名詞,一般,*,*,*,*,ゲッティルト,ゲッティルト,ゲッティルト
ターニスベファレン,,,15000,名詞,一般,*,*,*,*,ターニスベファレン,ターニスベファレン,ターニスベファレン
ザンツェ,,,15000,名詞,一般,*,*,*,*,ザンツェ,ザンツェ,ザンツェ
フェルツェ,,,15000,名詞,一般,*,*,*,*,フェルツェ,フェルツェ,フェルツェ
シュネーフェールト,,,15000,名詞,一般,*,*,*,*,シュネーフェールト,シュネーフェールト,シュネーフェールト
ゲヴィンネン,,,15000,名詞,一般,*,*,*,*,ゲヴィンネン,ゲヴィンネン,ゲヴィンネン
スリングショット,,,15000,名詞,一般,*,*,*,*,スリングショット,スリングショット,スリングショット
リュエル,,,15000,名詞,一般,*,*,*,*,リュエル,リュエル,リュエル
アウブ,,,15000,名詞,一般,*,*,*,*,アウブ,アウブ,アウブ
ゴルツェ,,,15000,名詞,一般,*,*,*,*,ゴルツェ,ゴルツェ,ゴルツェ
ズィルツェ,,,15000,名詞,一般,*,*,*,*,ズィルツェ,ズィルツェ,ズィルツェ
ミズデッポウ,,,15000,名詞,一般,*,*,*,*,ミズデッポウ,ミズデッポウ,ミズデッポウ
コピーキ,,,15000,名詞,一般,*,*,*,*,コピーキ,コピーキ,コピーキ
フィンスウンハン,,,15000,名詞,一般,*,*,*,*,フィンスウンハン,フィンスウンハン,フィンスウンハン
エントヴァフヌング,,,15000,名詞,一般,*,*,*,*,エントヴァフヌング,エントヴァフヌング,エントヴァフヌング
フェリジーネ,,,15000,名詞,一般,*,*,*,*,フェリジーネ,フェリジーネ,フェリジーネ
トショイイン,,,15000,名詞,一般,*,*,*,*,トショイイン,トショイイン,トショイイン
ランツェ,,,15000,名詞,一般,*,*,*,*,ランツェ,ランツェ,ランツェ
ヒーリング,,,15000,名詞,一般,*,*,*,*,ヒーリング,ヒーリング,ヒーリング
オミソシル,,,15000,名詞,一般,*,*,*,*,オミソシル,オミソシル,オミソシル
コロッセウム,,,15000,名詞,一般,*,*,*,*,コロッセウム,コロッセウム,コロッセウム
アダルジーザ,,,15000,名詞,一般,*,*,*,*,アダルジーザ,アダルジーザ,アダルジーザ
フンデルトタイレン,,,15000,名詞,一般,*,*,*,*,フンデルトタイレン,フンデルトタイレン,フンデルトタイレン
カルパッチョ,,,15000,名詞,一般,*,*,*,*,カルパッチョ,カルパッチョ,カルパッチョ
アクアパッツア,,,15000,名詞,一般,*,*,*,*,アクアパッツア,アクアパッツア,アクアパッツア
ブイヤベース,,,15000,名詞,一般,*,*,*,*,ブイヤベース,ブイヤベース,ブイヤベース
ツァンベルズッペ,,,15000,名詞,一般,*,*,*,*,ツァンベルズッペ,ツァンベルズッペ,ツァンベルズッペ
フィッケン,,,15000,名詞,一般,*,*,*,*,フィッケン,フィッケン,フィッケン
スープ・ド・ポワソン,,,15000,名詞,一般,*,*,*,*,スープ・ド・ポワソン,スープ・ド・ポワソン,スープ・ド・ポワソン
タウナーデル,,,15000,名詞,一般,*,*,*,*,タウナーデル,タウナーデル,タウナーデル
ハリセンボン,,,15000,名詞,一般,*,*,*,*,ハリセンボン,ハリセンボン,ハリセンボン
レーギッシュ,,,15000,名詞,一般,*,*,*,*,レーギッシュ,レーギッシュ,レーギッシュ
メーアシュラン,,,15000,名詞,一般,*,*,*,*,メーアシュラン,メーアシュラン,メーアシュラン
ペーパークロマトグラフィ,,,15000,名詞,一般,*,*,*,*,ペーパークロマトグラフィ,ペーパークロマトグラフィ,ペーパークロマトグラフィ
ファランゼ,,,15000,名詞,一般,*,*,*,*,ファランゼ,ファランゼ,ファランゼ
コージモ,,,15000,名詞,一般,*,*,*,*,コージモ,コージモ,コージモ
ラニーエ,,,15000,名詞,一般,*,*,*,*,ラニーエ,ラニーエ,ラニーエ
ツィーネ,,,15000,名詞,一般,*,*,*,*,ツィーネ,ツィーネ,ツィーネ
タニエ,,,15000,名詞,一般,*,*,*,*,タニエ,タニエ,タニエ
ラッフェルパイ,,,15000,名詞,一般,*,*,*,*,ラッフェルパイ,ラッフェルパイ,ラッフェルパイ
ラッフェル,,,15000,名詞,一般,*,*,*,*,ラッフェル,ラッフェル,ラッフェル
ロータル,,,15000,名詞,一般,*,*,*,*,ロータル,ロータル,ロータル
ブラッディカーニバル,,,15000,名詞,一般,*,*,*,*,ブラッディカーニバル,ブラッディカーニバル,ブラッディカーニバル
タイガネーメ,,,15000,名詞,一般,*,*,*,*,タイガネーメ,タイガネーメ,タイガネーメ
リーズファルケ,,,15000,名詞,一般,*,*,*,*,リーズファルケ,リーズファルケ,リーズファルケ
ネガローシ,,,15000,名詞,一般,*,*,*,*,ネガローシ,ネガローシ,ネガローシ
トルーク,,,15000,名詞,一般,*,*,*,*,トルーク,トルーク,トルーク
タルクス,,,15000,名詞,一般,*,*,*,*,タルクス,タルクス,タルクス
スパーン,,,15000,名詞,一般,*,*,*,*,スパーン,スパーン,スパーン
チェスト,,,15000,名詞,一般,*,*,*,*,チェスト,チェスト,チェスト
ウリアゲテキ,,,15000,名詞,一般,*,*,*,*,ウリアゲテキ,ウリアゲテキ,ウリアゲテキ
ウェストポーチ,,,15000,名詞,一般,*,*,*,*,ウェストポーチ,ウェストポーチ,ウェストポーチ
タルクロッシュ,,,15000,名詞,一般,*,*,*,*,タルクロッシュ,タルクロッシュ,タルクロッシュ
タオヒェン,,,15000,名詞,一般,*,*,*,*,タオヒェン,タオヒェン,タオヒェン
タスキガケ,,,15000,名詞,一般,*,*,*,*,タスキガケ,タスキガケ,タスキガケ
カルフェ芋,,,15000,名詞,一般,*,*,*,*,カルフェ芋,カルフェイモ,カルフェイモ
クローゼット,,,15000,名詞,一般,*,*,*,*,クローゼット,クローゼット,クローゼット
エンダーン,,,15000,名詞,一般,*,*,*,*,エンダーン,エンダーン,エンダーン
ハカ,,,15000,名詞,一般,*,*,*,*,ハカ,ハカ,ハカ
フェル,,,15000,名詞,固有名詞,人名,一般,*,*,フェル,フェル,フェル
ローゼ,,,15000,名詞,固有名詞,人名,一般,*,*,ローゼ,ローゼ,ローゼ
ハルトムートッ,,,15000,名詞,固有名詞,人名,一般,*,*,ハルトムートッ,ハルトムートッ,ハルトムートッ
カーオサイファ,,,15000,名詞,固有名詞,人名,一般,*,*,カーオサイファ,カーオサイファ,カーオサイファ
オパック,,,15000,名詞,固有名詞,人名,一般,*,*,オパック,オパック,オパック
アントニオ・パニッツィ,,,15000,名詞,固有名詞,人名,一般,*,*,アントニオ・パニッツィ,アントニオ・パニッツィ,アントニオ パニッツィ
アイアンクィル,,,15000,名詞,固有名詞,人名,一般,*,*,アイアンクィル,アイアンクィル,アイアンクィル
レオン・クロムウェル,,,15000,名詞,固有名詞,人名,一般,*,*,レオン・クロムウェル,レオンクロムウェル,レオンクロムウェル
ユウキカグラザカ,,,15000,名詞,固有名詞,人名,一般,*,*,ユウキカグラザカ,ユウキカグラザカ,ユウキカグラザカ
ヒナタサカグチ,,,15000,名詞,固有名詞,人名,一般,*,*,ヒナタサカグチ,ヒナタサカグチ,ヒナタサカグチ
ハルナ,,,15000,名詞,固有名詞,人名,一般,*,*,ハルナ,ハルナ,ハルナ
レグルド,,,15000,名詞,固有名詞,人名,一般,*,*,レグルド,レグルド,レグルド
ベニマル,,,15000,名詞,固有名詞,人名,一般,*,*,ベニマル,ベニマル,ベニマル
クロベエ,,,15000,名詞,固有名詞,人名,一般,*,*,クロベエ,クロベエ,クロベエ
ソウエイ,,,15000,名詞,固有名詞,人名,一般,*,*,ソウエイ,ソウエイ,ソウエイ
ルグルド,,,15000,名詞,固有名詞,人名,一般,*,*,ルグルド,ルグルド,ルグルド
ログルド,,,15000,名詞,固有名詞,人名,一般,*,*,ログルド,ログルド,ログルド
カビル,,,15000,名詞,固有名詞,人名,一般,*,*,カビル,カビル,カビル
シュナ,,,15000,名詞,固有名詞,人名,一般,*,*,シュナ,シュナ,シュナ
グラン・ドワルゴ,,,15000,名詞,固有名詞,人名,一般,*,*,グラン・ドワルゴ,グランドワルゴ,グランドワルゴ
ガゼル・ドワルゴ,,,15000,名詞,固有名詞,人名,一般,*,*,ガゼル・ドワルゴ,ガゼルドワルゴ,ガゼルドワルゴ
ゲルミュッド,,,15000,名詞,固有名詞,人名,一般,*,*,ゲルミュッド,ゲルミュッド,ゲルミュッド
ゴブタ,,,15000,名詞,固有名詞,人名,一般,*,*,ゴブタ,ゴブタ,ゴブタ
アメルド,,,15000,名詞,固有名詞,人名,一般,*,*,アメルド,アメルド,アメルド
カナート,,,15000,名詞,固有名詞,人名,一般,*,*,カナート,カナート,カナート
リムル,,,15000,名詞,固有名詞,人名,一般,*,*,リムル,リムル,リムル
ニドル・マイガム,,,15000,名詞,固有名詞,人名,一般,*,*,ニドル・マイガム,ニドルマイガム,ニドルマイガム
ニドル,,,15000,名詞,固有名詞,人名,一般,*,*,ニドル,ニドル,ニドル
ニコラウス・シュペルタス,,,15000,名詞,固有名詞,人名,一般,*,*,ニコラウス・シュペルタス,ニコラウスシュペルタス,ニコラウスシュペルタス
ヒナタ,,,15000,名詞,固有名詞,人名,一般,*,*,ヒナタ,ヒナタ,ヒナタ
ユウキ,,,15000,名詞,固有名詞,人名,一般,*,*,ユウキ,ユウキ,ユウキ
カグラザカ,,,15000,名詞,固有名詞,人名,一般,*,*,カグラザカ,カグラザカ,カグラザカ
リグル,,,15000,名詞,固有名詞,人名,一般,*,*,リグル,リグル,リグル
リグル・ド,,,15000,名詞,固有名詞,人名,一般,*,*,リグル・ド,リグルド,リグルド
リグルド,,,15000,名詞,固有名詞,人名,一般,*,*,リグルド,リグルド,リグルド
リグル・ドド,,,15000,名詞,固有名詞,人名,一般,*,*,リグル・ドド,リグルドド,リグルドド
リグル・ドドド,,,15000,名詞,固有名詞,人名,一般,*,*,リグル・ドドド,リグルドドド,リグルドドド
ヴェルドラ,,,15000,名詞,固有名詞,人名,一般,*,*,ヴェルドラ,ヴェルドラ,ヴェルドラ
ガルム,,,15000,名詞,固有名詞,人名,一般,*,*,ガルム,ガルム,ガルム
ベスター,,,15000,名詞,固有名詞,人名,一般,*,*,ベスター,ベスター,ベスター
ルグル・ド,,,15000,名詞,固有名詞,人名,一般,*,*,ルグル・ド,ルグルド,ルグルド
レグル・ド,,,15000,名詞,固有名詞,人名,一般,*,*,レグル・ド,レグルド,レグルド
ログル・ド,,,15000,名詞,固有名詞,人名,一般,*,*,ログル・ド,ログルド,ログルド
リリナ,,,15000,名詞,固有名詞,人名,一般,*,*,リリナ,リリナ,リリナ
ヨウム,,,15000,名詞,固有名詞,人名,一般,*,*,ヨウム,ヨウム,ヨウム
フューズ,,,15000,名詞,固有名詞,人名,一般,*,*,フューズ,フューズ,フューズ
ギド,,,15000,名詞,固有名詞,人名,一般,*,*,ギド,ギド,ギド
カバル,,,15000,名詞,固有名詞,人名,一般,*,*,カバル,カバル,カバル
エレン,,,15000,名詞,固有名詞,人名,一般,*,*,エレン,エレン,エレン
ニコラウス・シュペルタス,,,15000,名詞,固有名詞,人名,一般,*,*,ニコラウス・シュペルタス,ニコラウスシュペルタス,ニコラウスシュペルタス
ガルド・ミョルマイル,,,15000,名詞,固有名詞,人名,一般,*,*,ガルド・ミョルマイル,ガルドミョルマイル,ガルドミョルマイル
ミョルマイル,,,15000,名詞,固有名詞,人名,一般,*,*,ミョルマイル,ミョルマイル,ミョルマイル
三崎剣也,,,15000,名詞,固有名詞,人名,一般,*,*,三崎剣也,ミサキケンヤ,ミサキケンヤ
ゲイル・ギブスン,,,15000,名詞,固有名詞,人名,一般,*,*,ゲイル・ギブスン,ゲイルギブスン,ゲイルギブスン
クロエ・オベール,,,15000,名詞,固有名詞,人名,一般,*,*,クロエ・オベール,クロエオベール,クロエオベール
トレイニー,,,15000,名詞,固有名詞,人名,一般,*,*,トレイニー,トレイニー,トレイニー
ソーカ,,,15000,名詞,固有名詞,人名,一般,*,*,ソーカ,ソーカ,ソーカ
トーカ,,,15000,名詞,固有名詞,人名,一般,*,*,トーカ,トーカ,トーカ
サイカ,,,15000,名詞,固有名詞,人名,一般,*,*,サイカ,サイカ,サイカ
ナンソウ,,,15000,名詞,固有名詞,人名,一般,*,*,ナンソウ,ナンソウ,ナンソウ
ホクソウ,,,15000,名詞,固有名詞,人名,一般,*,*,ホクソウ,ホクソウ,ホクソウ
ミリム・ナーヴァ,,,15000,名詞,固有名詞,人名,一般,*,*,ミリム・ナーヴァ,ミリムナーヴァ,ミリムナーヴァ
カリオン,,,15000,名詞,固有名詞,人名,一般,*,*,カリオン,カリオン,カリオン
ガゼル,,,15000,名詞,固有名詞,人名,一般,*,*,ガゼル,ガゼル,ガゼル
グルーシス,,,15000,名詞,固有名詞,人名,一般,*,*,グルーシス,グルーシス,グルーシス
ミュウラン,,,15000,名詞,固有名詞,人名,一般,*,*,ミュウラン,ミュウラン,ミュウラン
ブルムンド,,,15000,名詞,固有名詞,地域,一般,*,*,ブルムンド,ブルムンド,ブルムンド
ユーラザニア,,,15000,名詞,固有名詞,地域,一般,*,*,ユーラザニア,ユーラザニア,ユーラザニア
サリオン,,,15000,名詞,固有名詞,地域,一般,*,*,サリオン,サリオン,サリオン
イングラシア,,,15000,名詞,固有名詞,地域,一般,*,*,イングラシア,イングラシア,イングラシア
ファルムス,,,15000,名詞,固有名詞,地域,一般,*,*,ファルムス,ファルムス,ファルムス
ルベリオス,,,15000,名詞,固有名詞,地域,一般,*,*,ルベリオス,ルベリオス,ルベリオス
ドワルゴン,,,15000,名詞,固有名詞,地域,一般,*,*,ドワルゴン,ドワルゴン,ドワルゴン
トロストヴェーク,,,15000,名詞,固有名詞,地域,一般,*,*,トロストヴェーク,トロストヴェーク,トロストヴェーク
ベネツィア,,,15000,名詞,固有名詞,地域,一般,*,*,ベネツィア,ベネツィア,ベネツィア
カンナヴィッツ,,,15000,名詞,固有名詞,地域,一般,*,*,カンナヴィッツ,カンナヴィッツ,カンナヴィッツ
エーレンドリア,,,15000,名詞,固有名詞,地域,一般,*,*,エーレンドリア,エーレンドリア,エーレンドリア
ヴルカターク,,,15000,名詞,固有名詞,地域,一般,*,*,ヴルカターク,ヴルカターク,ヴルカターク
ガルドゥーン,,,15000,名詞,固有名詞,地域,一般,*,*,ガルドゥーン,ガルドゥーン,ガルドゥーン
ジュラ,,,15000,名詞,固有名詞,地域,一般,*,*,ジュラ,ジュラ,ジュラ
ヴェルダナーヴァ,,,15000,名詞,固有名詞,人名,一般,*,*,ヴェルダナーヴァ,ヴェルダナーヴァ,ヴェルダナーヴァ
カザリーム,,,15000,名詞,固有名詞,人名,一般,*,*,カザリーム,カザリーム,カザリーム
リムル・テンペスト,,,15000,名詞,固有名詞,人名,一般,*,*,リムル・テンペスト,リムル・テンペスト,リムルテンペスト
ヴェルグリンド,,,15000,名詞,固有名詞,人名,一般,*,*,ヴェルグリンド,ヴェルグリンド,ヴェルグリンド
ルシファー,,,15000,名詞,固有名詞,人名,一般,*,*,ルシファー,ルシファー,ルシファー
シズエイザワ,,,15000,名詞,固有名詞,人名,一般,*,*,シズエイザワ,シズエイザワ,シズエイザワ
エドガー,,,15000,名詞,固有名詞,人名,一般,*,*,エドガー,エドガー,エドガー
マリウス,,,15000,名詞,固有名詞,人名,一般,*,*,マリウス,マリウス,マリウス
ソフィアー,,,15000,名詞,固有名詞,人名,一般,*,*,ソフィアー,ソフィアー,ソフィアー
アルノー・バウマン,,,15000,名詞,固有名詞,人名,一般,*,*,アルノー・バウマン,アルノー・バウマン,アルノーバウマン
アルノー,,,15000,名詞,固有名詞,人名,一般,*,*,アルノー,アルノー,アルノー
グレンダ,,,15000,名詞,固有名詞,人名,一般,*,*,グレンダ,グレンダ,グレンダ
グレゴリー,,,15000,名詞,固有名詞,人名,一般,*,*,グレゴリー,グレゴリー,グレゴリー
サタナエル,,,15000,名詞,固有名詞,人名,一般,*,*,サタナエル,サタナエル,サタナエル
ランガ,,,15000,名詞,固有名詞,人名,一般,*,*,ランガ,ランガ,ランガ
クロエ,,,15000,名詞,固有名詞,人名,一般,*,*,クロエ,クロエ,クロエ
ゲイル,,,15000,名詞,固有名詞,人名,一般,*,*,ゲイル,ゲイル,ゲイル
ラミリス,,,15000,名詞,固有名詞,人名,一般,*,*,ラミリス,ラミリス,ラミリス
ウルグレイシア,,,15000,名詞,固有名詞,人名,一般,*,*,ウルグレイシア,ウルグレイシア,ウルグレイシア
ウルグ,,,15000,名詞,固有名詞,人名,一般,*,*,ウルグ,ウルグ,ウルグ
ベレッタ,,,15000,名詞,固有名詞,人名,一般,*,*,ベレッタ,ベレッタ,ベレッタ
エドマリス,,,15000,名詞,固有名詞,人名,一般,*,*,エドマリス,エドマリス,エドマリス
レイヒム,,,15000,名詞,固有名詞,人名,一般,*,*,レイヒム,レイヒム,レイヒム
ミリム,,,15000,名詞,固有名詞,人名,一般,*,*,ミリム,ミリム,ミリム
エリューン,,,15000,名詞,固有名詞,人名,一般,*,*,エリューン,エリューン,エリューン
フォルゲン,,,15000,名詞,固有名詞,人名,一般,*,*,フォルゲン,フォルゲン,フォルゲン
ラファエル,,,15000,名詞,固有名詞,人名,一般,*,*,ラファエル,ラファエル,ラファエル
ベルゼビュート,,,15000,名詞,固有名詞,人名,一般,*,*,ベルゼビュート,ベルゼビュート,ベルゼビュート
ガビル,,,15000,名詞,固有名詞,人名,一般,*,*,ガビル,ガビル,ガビル
ファウスト,,,15000,名詞,固有名詞,人名,一般,*,*,ファウスト,ファウスト,ファウスト
エラルド,,,15000,名詞,固有名詞,人名,一般,*,*,エラルド,エラルド,エラルド
ゲルド,,,15000,名詞,固有名詞,人名,一般,*,*,ゲルド,ゲルド,ゲルド
ルミナス・バレンタイン,,,15000,名詞,固有名詞,人名,一般,*,*,ルミナス・バレンタイン,ルミナス・バレンタイン,ルミナスバレンタイン
ダグリュール,,,15000,名詞,固有名詞,人名,一般,*,*,ダグリュール,ダグリュール,ダグリュール
ディーノ,,,15000,名詞,固有名詞,人名,一般,*,*,ディーノ,ディーノ,ディーノ
ギィ・クリムゾン,,,15000,名詞,固有名詞,人名,一般,*,*,ギィ・クリムゾン,ギィ・クリムゾン,ギィクリムゾン
ミザリー,,,15000,名詞,固有名詞,人名,一般,*,*,ミザリー,ミザリー,ミザリー
ギィ,,,15000,名詞,固有名詞,人名,一般,*,*,ギィ,ギィ,ギィ
エルメシア・エルリュ・サリオン,,,15000,名詞,固有名詞,人名,一般,*,*,エルメシア・エルリュ・サリオン,エルメシア・エルリュ・サリオン,エルメシアエルリュサリオン
ヴェルザード,,,15000,名詞,固有名詞,人名,一般,*,*,ヴェルザード,ヴェルザード,ヴェルザード
三崎剣也,,,15000,名詞,固有名詞,人名,一般,*,*,三崎剣也,ミサキケンヤ,ミサキケンヤ
剣也,,,15000,名詞,固有名詞,人名,一般,*,*,剣也,ケンヤ,ケンヤ
関口良太,,,15000,名詞,固有名詞,人名,一般,*,*,関口良太,セキグチリョウタ,セキグチリョウタ
良太,,,15000,名詞,固有名詞,人名,一般,*,*,良太,リョウタ,リョウタ
ファルメナス,,,15000,名詞,固有名詞,地域,一般,*,*,ファルメナス,ファルメナス,ファルメナス
ラミリス,,,15000,名詞,固有名詞,人名,一般,*,*,ラミリス,ラミリス,ラミリス
アビル,,,15000,名詞,固有名詞,人名,一般,*,*,アビル,アビル,アビル
ゴズ,,,15000,名詞,固有名詞,人名,一般,*,*,ゴズ,ゴズ,ゴズ
メズ,,,15000,名詞,固有名詞,人名,一般,*,*,メズ,メズ,メズ
モミジ,,,15000,名詞,固有名詞,人名,一般,*,*,モミジ,モミジ,モミジ
ラファエル,,,15000,名詞,固有名詞,人名,一般,*,*,ラファエル,ラファエル,ラファエル
ブルド・ラム・ブルムンド,,,15000,名詞,固有名詞,人名,一般,*,*,ブルド・ラム・ブルムンド,ブルド・ラム・ブルムンド,ブルドラムブルムンド
ダムラダ,,,15000,名詞,固有名詞,人名,一般,*,*,ダムラダ,ダムラダ,ダムラダ
ディアブロ,,,15000,名詞,固有名詞,人名,一般,*,*,ディアブロ,ディアブロ,ディアブロ
ランガ,,,15000,名詞,固有名詞,人名,一般,*,*,ランガ,ランガ,ランガ
ゲルド,,,15000,名詞,固有名詞,人名,一般,*,*,ゲルド,ゲルド,ゲルド
ガビル,,,15000,名詞,固有名詞,人名,一般,*,*,ガビル,ガビル,ガビル
ベレッタ,,,15000,名詞,固有名詞,人名,一般,*,*,ベレッタ,ベレッタ,ベレッタ
アルノー・バウマン,,,15000,名詞,固有名詞,人名,一般,*,*,アルノー・バウマン,アルノー・バウマン,アルノーバウマン
アルノー,,,15000,名詞,固有名詞,人名,一般,*,*,アルノー,アルノー,アルノー
ダグリュール,,,15000,名詞,固有名詞,人名,一般,*,*,ダグリュール,ダグリュール,ダグリュール
ゴズール,,,15000,名詞,固有名詞,人名,一般,*,*,ゴズール,ゴズール,ゴズール
ダグラ,,,15000,名詞,固有名詞,人名,一般,*,*,ダグラ,ダグラ,ダグラ
リューラ,,,15000,名詞,固有名詞,人名,一般,*,*,リューラ,リューラ,リューラ
マサユキ,,,15000,名詞,固有名詞,人名,一般,*,*,マサユキ,マサユキ,マサユキ
マサユキホンジョウ,,,15000,名詞,固有名詞,人名,一般,*,*,マサユキホンジョウ,マサユキホンジョウ,マサユキホンジョウ
エルメシア・エルリュ・サリオン,,,15000,名詞,固有名詞,人名,一般,*,*,エルメシア・エルリュ・サリオン,エルメシア・エルリュ・サリオン,エルメシアエルリュサリオン
ファウスト,,,15000,名詞,固有名詞,人名,一般,*,*,ファウスト,ファウスト,ファウスト
マッサユキ,,,15000,名詞,固有名詞,人名,一般,*,*,マサユキ,マッサユキ,マッサユキ
マ〜サッユキ,,,15000,名詞,固有名詞,人名,一般,*,*,マサユキ,マッサユキ,マッサユキ
マ〜〜サッユキ,,,15000,名詞,固有名詞,人名,一般,*,*,マサユキ,マッサユキ,マッサユキ
ミ・リ・ム・,,,15000,名詞,固有名詞,人名,一般,*,*,ミリム,ミリム,ミリム
ルミナス,,,15000,名詞,固有名詞,人名,一般,*,*,ルミナス,ルミナス,ルミナス
レオン,,,15000,名詞,固有名詞,人名,一般,*,*,レオン,レオン,レオン
メズール,,,15000,名詞,固有名詞,人名,一般,*,*,メズール,メズール,メズール
バッソン,,,15000,名詞,固有名詞,人名,一般,*,*,バッソン,バッソン,バッソン
カガリ,,,15000,名詞,固有名詞,人名,一般,*,*,カガリ,カガリ,カガリ
マージャ,,,15000,名詞,固有名詞,人名,一般,*,*,マージャ,マージャ,マージャ
ナージャ,,,15000,名詞,固有名詞,人名,一般,*,*,ナージャ,ナージャ,ナージャ
ブルムント,,,15000,名詞,固有名詞,地域,一般,*,*,ブルムント,ブルムント,ブルムント
ヴァンパイアキングダム,,,15000,名詞,固有名詞,地域,一般,*,*,ヴァンパイアキングダム,ヴァンパイアキングダム,ヴァンパイアキングダム
エル・ドラド,,,15000,名詞,固有名詞,地域,一般,*,*,エルドラド,エルドラド,エルドラド
アダルマン,,,15000,名詞,固有名詞,人名,一般,*,*,アダルマン,アダルマン,アダルマン
ゼギオン,,,15000,名詞,固有名詞,人名,一般,*,*,ゼギオン,ゼギオン,ゼギオン
ギャバン,,,15000,名詞,固有名詞,人名,一般,*,*,ギャバン,ギャバン,ギャバン
エルリック,,,15000,名詞,固有名詞,人名,一般,*,*,エルリック,エルリック,エルリック
ギルシュ,,,15000,名詞,固有名詞,人名,一般,*,*,ギルシュ,ギルシュ,ギルシュ
ナスカ・ナムリウム・ウルメリア,,,15000,名詞,固有名詞,人名,一般,*,*,ナスカ・ナムリウム・ウルメリア,ナスカナムリウムウルメリア,ナスカナムリウムウルメリア
テスタロッサ,,,15000,名詞,固有名詞,人名,一般,*,*,テスタロッサ,テスタロッサ,テスタロッサ
ウルティマ,,,15000,名詞,固有名詞,人名,一般,*,*,ウルティマ,ウルティマ,ウルティマ
カレラ,,,15000,名詞,固有名詞,人名,一般,*,*,カレラ,カレラ,カレラ
ヴェノム,,,15000,名詞,固有名詞,人名,一般,*,*,ヴェノム,ヴェノム,ヴェノム
ヴェイロン,,,15000,名詞,固有名詞,人名,一般,*,*,ヴェイロン,ヴェイロン,ヴェイロン
シエン,,,15000,名詞,固有名詞,人名,一般,*,*,シエン,シエン,シエン
ゾンダ,,,15000,名詞,固有名詞,人名,一般,*,*,ゾンダ,ゾンダ,ゾンダ
アゲーラ,,,15000,名詞,固有名詞,人名,一般,*,*,アゲーラ,アゲーラ,アゲーラ
ヴェガ,,,15000,名詞,固有名詞,人名,一般,*,*,ヴェガ,ヴェガ,ヴェガ
ミランダ,,,15000,名詞,固有名詞,人名,一般,*,*,ミランダ,ミランダ,ミランダ
タツヤコンドウ,,,15000,名詞,固有名詞,人名,一般,*,*,タツヤコンドウ,タツヤコンドウ,タツヤコンドウ
タツヤ,,,15000,名詞,固有名詞,人名,一般,*,*,タツヤ,タツヤ,タツヤ
シンジタニムラ,,,15000,名詞,固有名詞,人名,一般,*,*,シンジタニムラ,シンジタニムラ,シンジタニムラ
シン・リュウセイ,,,15000,名詞,固有名詞,人名,一般,*,*,シン・リュウセイ,シンリュウセイ,シンリュウセイ
シンジ,,,15000,名詞,固有名詞,人名,一般,*,*,シンジ,シンジ,シンジ
シンジー,,,15000,名詞,固有名詞,人名,一般,*,*,シンジー,シンジー,シンジー
インセクトクイーン,,,15000,名詞,固有名詞,人名,一般,*,*,インセクトクイーン,インセクトクイーン,インセクトクイーン
アピト,,,15000,名詞,固有名詞,人名,一般,*,*,アピト,アピト,アピト
クマラ,,,15000,名詞,固有名詞,人名,一般,*,*,クマラ,クマラ,クマラ
インセクトカイザー,,,15000,名詞,固有名詞,人名,一般,*,*,インセクトカイザー,インセクトカイザー,インセクトカイザー
ガドラ,,,15000,名詞,固有名詞,人名,一般,*,*,ガドラ,ガドラ,ガドラ
カリギュリオ,,,15000,名詞,固有名詞,人名,一般,*,*,カリギュリオ,カリギュリオ,カリギュリオ
ルドラ・ナム・ウル・ナスカ,,,15000,名詞,固有名詞,人名,一般,*,*,ルドラ・ナム・ウル・ナスカ,ルドラナムウルナスカ,ルドラナムウルナスカ
ルドラ,,,15000,名詞,固有名詞,人名,一般,*,*,ルドラ,ルドラ,ルドラ
グラディム,,,15000,名詞,固有名詞,人名,一般,*,*,グラディム,グラディム,グラディム
ラグエル,,,15000,名詞,固有名詞,人名,一般,*,*,ラグエル,ラグエル,ラグエル
ガスター,,,15000,名詞,固有名詞,人名,一般,*,*,ガスター,ガスター,ガスター
ファラガ,,,15000,名詞,固有名詞,人名,一般,*,*,ファラガ,ファラガ,ファラガ
ダンス・ウィズ・ウルブス,,,15000,名詞,固有名詞,人名,一般,*,*,ダンス・ウィズ・ウルブス,ダンスウィズウルブス,ダンスウィズウルブス
テスタ,,,15000,名詞,固有名詞,人名,一般,*,*,テスタ,テスタ,テスタ
レイモンド,,,15000,名詞,固有名詞,人名,一般,*,*,レイモンド,レイモンド,レイモンド
ビャクエン,,,15000,名詞,固有名詞,人名,一般,*,*,ビャクエン,ビャクエン,ビャクエン
ミニッツ,,,15000,名詞,固有名詞,人名,一般,*,*,ミニッツ,ミニッツ,ミニッツ
ウリエル,,,15000,名詞,固有名詞,人名,一般,*,*,ウリエル,ウリエル,ウリエル
ヨーダ,,,15000,名詞,固有名詞,人名,一般,*,*,ヨーダ,ヨーダ,ヨーダ
バザン,,,15000,名詞,固有名詞,人名,一般,*,*,バザン,バザン,バザン
レイハ,,,15000,名詞,固有名詞,人名,一般,*,*,レイハ,レイハ,レイハ
ラビリガド,,,15000,名詞,固有名詞,人名,一般,*,*,ラビリガド,ラビリガド,ラビリガド
メフィスト,,,15000,名詞,固有名詞,人名,一般,*,*,メフィスト,メフィスト,メフィスト
ハクロウ,,,15000,名詞,固有名詞,人名,一般,*,*,ハクロウ,ハクロウ,ハクロウ
ウェンティ,,,15000,名詞,固有名詞,人名,一般,*,*,ウェンティ,ウェンティ,ウェンティ
ゼピュロス,,,15000,名詞,固有名詞,人名,一般,*,*,ゼピュロス,ゼピュロス,ゼピュロス
ボレアス,,,15000,名詞,固有名詞,人名,一般,*,*,ボレアス,ボレアス,ボレアス
エウロス,,,15000,名詞,固有名詞,人名,一般,*,*,エウロス,エウロス,エウロス
ミナザ,,,15000,名詞,固有名詞,人名,一般,*,*,ミナザ,ミナザ,ミナザ
ザムド,,,15000,名詞,固有名詞,人名,一般,*,*,ザムド,ザムド,ザムド
グリンド,,,15000,名詞,固有名詞,人名,一般,*,*,グリンド,グリンド,グリンド
ハストゥール,,,15000,名詞,固有名詞,人名,一般,*,*,ハストゥール,ハストゥール,ハストゥール
ヴェノム,,,15000,名詞,固有名詞,人名,一般,*,*,ヴェノム,ヴェノム,ヴェノム
ベリアル,,,15000,名詞,固有名詞,人名,一般,*,*,ベリアル,ベリアル,ベリアル
サマエル,,,15000,名詞,固有名詞,人名,一般,*,*,サマエル,サマエル,サマエル
アバドン,,,15000,名詞,固有名詞,人名,一般,*,*,アバドン,アバドン,アバドン
ルドラ・ナスカ,,,15000,名詞,固有名詞,人名,一般,*,*,ルドラ・ナスカ,ルドラナスカ,ルドラナスカ
アンラ・マンユ,,,15000,名詞,固有名詞,人名,一般,*,*,アンラ・マンユ,アンラマンユ,アンラマンユ
アジ・ダハーカ,,,15000,名詞,固有名詞,人名,一般,*,*,アジ・ダハーカ,アジダハーカ,アジダハーカ
ヴェルダ,,,15000,名詞,固有名詞,人名,一般,*,*,ヴェルダ,ヴェルダ,ヴェルダ
ヴェルダ・ナーヴァ,,,15000,名詞,固有名詞,人名,一般,*,*,ヴェルダ・ナーヴァ,ヴェルダナーヴァ,ヴェルダナーヴァ
アフラ・マズダ,,,15000,名詞,固有名詞,人名,一般,*,*,アフラ・マズダ,アフラマズダ,アフラマズダ
シエル,,,15000,名詞,固有名詞,人名,一般,*,*,シエル,シエル,シエル
シュブ・ニグラト,,,15000,名詞,固有名詞,人名,一般,*,*,シュブ・ニグラト,シュブニグラト,シュブニグラト
ツクヨミ,,,15000,名詞,固有名詞,人名,一般,*,*,ツクヨミ,ツクヨミ,ツクヨミ
ベルゼバブ,,,15000,名詞,固有名詞,人名,一般,*,*,ベルゼバブ,ベルゼバブ,ベルゼバブ
バハムート,,,15000,名詞,固有名詞,人名,一般,*,*,バハムート,バハムート,バハムート
アザトース,,,15000,名詞,固有名詞,人名,一般,*,*,アザトース,アザトース,アザトース
アザゼル,,,15000,名詞,固有名詞,人名,一般,*,*,アザゼル,アザゼル,アザゼル
マルドランド,,,15000,名詞,固有名詞,地域,一般,*,*,マルドランド,マルドランド,マルドランド
テンペスト,,,15000,名詞,固有名詞,地域,一般,*,*,テンペスト,テンペスト,テンペスト
マイ・フルキ,,,15000,名詞,固有名詞,人名,一般,*,*,マイ・フルキ,マイ、フルキ,マイ、フルキ
プラーナ,,,15000,名詞,固有名詞,人名,一般,*,*,プラーナ,プラーナ,プラーナ
クズハ,,,15000,名詞,固有名詞,人名,一般,*,*,クズハ,クズハ,クズハ
ルシフェル,,,15000,名詞,固有名詞,人名,一般,*,*,ルシフェル,ルシフェル,ルシフェル
ヴェルガイア,,,15000,名詞,固有名詞,人名,一般,*,*,ヴェルガイア,ヴェルガイア,ヴェルガイア
スサノオ,,,15000,名詞,固有名詞,人名,一般,*,*,スサノオ,スサノオ,スサノオ
メーテル,,,15000,名詞,固有名詞,人名,一般,*,*,メーテル,メーテル,メーテル
アルロス,,,15000,名詞,固有名詞,人名,一般,*,*,アルロス,アルロス,アルロス
フットマン,,,15000,名詞,固有名詞,人名,一般,*,*,フットマン,フットマン,フットマン
ティア,,,15000,名詞,固有名詞,人名,一般,*,*,ティア,ティア,ティア
ウィリアム・ロアーズ,,,15000,名詞,固有名詞,人名,一般,*,*,ウィリアム・ロアーズ,ウィリアム、ロアーズウィリアム、ロアーズ
キャロル・プリムローザ,,,15000,名詞,固有名詞,人名,一般,*,*,キャロル・プリムローザ,キャロルプリムローザ,キャロル、プリムローザ
ゴルダマ・シルバー,,,15000,名詞,固有名詞,人名,一般,*,*,ゴルダマ・シルバー,ゴルダマシルバー,ゴルダマ、シルバー
マリア・ログワール,,,15000,名詞,固有名詞,人名,一般,*,*,マリア・ログワール,マリアログワール,マリア、ログワール
デウス・エクス・マキナ,,,15000,名詞,固有名詞,人名,一般,*,*,デウス・エクス・マキナ,デウスエクスマキナ,デウス、エクスマキナ
アーミット,,,15000,名詞,固有名詞,人名,一般,*,*,アーミット,アーミット,アーミット
アイナ,,,15000,名詞,固有名詞,人名,一般,*,*,アイナ,アイナ,アイナ
アギト,,,15000,名詞,固有名詞,人名,一般,*,*,アギト,アギト,アギト
アルヴィン,,,15000,名詞,固有名詞,人名,一般,*,*,アルヴィン,アルヴィン,アルヴィン
アルムスバイン,,,15000,名詞,固有名詞,人名,一般,*,*,アルムスバイン,アルムスバイン,アルムスバイン
イリナ,,,15000,名詞,固有名詞,人名,一般,*,*,イリナ,イリナ,イリナ
カラフ,,,15000,名詞,固有名詞,人名,一般,*,*,カラフ,カラフ,カラフ
カルマン,,,15000,名詞,固有名詞,人名,一般,*,*,カルマン,カルマン,カルマン
ギエナ,,,15000,名詞,固有名詞,人名,一般,*,*,ギエナ,ギエナ,ギエナ
グラサム,,,15000,名詞,固有名詞,人名,一般,*,*,グラサム,グラサム,グラサム
クラッド,,,15000,名詞,固有名詞,人名,一般,*,*,クラッド,クラッド,クラッド
クリストフ,,,15000,名詞,固有名詞,人名,一般,*,*,クリストフ,クリストフ,クリストフ
ゴルダマ,,,15000,名詞,固有名詞,人名,一般,*,*,ゴルダマ,ゴルダマ,ゴルダマ
ザザ,,,15000,名詞,固有名詞,人名,一般,*,*,ザザ,ザザ,ザザ
ザランド,,,15000,名詞,固有名詞,人名,一般,*,*,ザランド,ザランド,ザランド
ジギル,,,15000,名詞,固有名詞,人名,一般,*,*,ジギル,ジギル,ジギル
シュヴァルツシルト,,,15000,名詞,固有名詞,人名,一般,*,*,シュヴァルツシルト,シュヴァルツシルト,シュヴァルツシルト
ゼクス,,,15000,名詞,固有名詞,人名,一般,*,*,ゼクス,ゼクス,ゼクス
ゼクスタイラント,,,15000,名詞,固有名詞,人名,一般,*,*,ゼクスタイラント,ゼクスタイラント,ゼクスタイラント
ドルド,,,15000,名詞,固有名詞,人名,一般,*,*,ドルド,ドルド,ドルド
バルゼフォン,,,15000,名詞,固有名詞,人名,一般,*,*,バルゼフォン,バルゼフォン,バルゼフォン
ピューリ,,,15000,名詞,固有名詞,人名,一般,*,*,ピューリ,ピューリ,ピューリ
フュードラ,,,15000,名詞,固有名詞,人名,一般,*,*,フュードラ,フュードラ,フュードラ
ベルナー,,,15000,名詞,固有名詞,人名,一般,*,*,ベルナー,ベルナー,ベルナー
ベレッタァーーーーッ,,,15000,名詞,固有名詞,人名,一般,*,*,ベレッタァーーーーッ,ベレッタァーーーーッ,ベレッタァーーーーッ
マーシャ,,,15000,名詞,固有名詞,人名,一般,*,*,マーシャ,マーシャ,マーシャ
マグナス,,,15000,名詞,固有名詞,人名,一般,*,*,マグナス,マグナス,マグナス
ミッシェル,,,15000,名詞,固有名詞,人名,一般,*,*,ミッシェル,ミッシェル,ミッシェル
ミニリムルン,,,15000,名詞,固有名詞,人名,一般,*,*,ミニリムルン,ミニリムルン,ミニリムルン
メルヒス,,,15000,名詞,固有名詞,人名,一般,*,*,メルヒス,メルヒス,メルヒス
モンド,,,15000,名詞,固有名詞,人名,一般,*,*,モンド,モンド,モンド
ユージラス,,,15000,名詞,固有名詞,人名,一般,*,*,ユージラス,ユージラス,ユージラス
リムルン,,,15000,名詞,固有名詞,人名,一般,*,*,リムルン,リムルン,リムルン
ロザリー,,,15000,名詞,固有名詞,人名,一般,*,*,ロザリー,ロザリー,ロザリー
ベルナクラッド,,,15000,名詞,固有名詞,人名,一般,*,*,ベルナクラッド,ベルナクラッド,ベルナクラッド
ベルヤード,,,15000,名詞,固有名詞,人名,一般,*,*,ベルヤード,ベルヤード,ベルヤード
カイジン,,,15000,名詞,固有名詞,人名,一般,*,*,カイジン,カイジン,カイジン
ミルド,,,15000,名詞,固有名詞,人名,一般,*,*,ミルド,ミルド,ミルド
ジル・リラ・ルベリオス,,,15000,名詞,固有名詞,人名,一般,*,*,ジル・リラ・ルベリオス,ジル・リラ・ルベリオス,ジル、リラ、ルベリオス
ウィリアム・ロアーズ,,,15000,名詞,固有名詞,人名,一般,*,*,ウィリアム・ロアーズ,ウィリアム・ロアーズ,ウィリアム、ロアーズ
舞衣,,,15000,名詞,固有名詞,人名,名,*,*,舞衣,マイ,マイ
希望之王,1285,1285,15000,名詞,一般,*,*,*,*,希望之王,キボウノオウ,キボウノオウ
智慧之王,1285,1285,15000,名詞,一般,*,*,*,*,智慧之王,チエノオウ,チエノオウ
暴食之王,1285,1285,15000,名詞,一般,*,*,*,*,暴食之王,ボウショクノオウ,ボウショクノオウ
誓約之王,1285,1285,15000,名詞,一般,*,*,*,*,誓約之王,セイヤクノオウ,セイヤクノオウ
浸透勁,,,15000,名詞,一般,*,*,*,*,浸透勁,シントウケイ,シントウケイ
勁力,,,15000,名詞,一般,*,*,*,*,勁力,ケイリョク,ケイリョク
二連蹴,,,15000,名詞,一般,*,*,*,*,二連蹴,ニレンゲリ,ニレンゲリ
妖魚,,,15000,名詞,一般,*,*,*,*,妖魚,ヨウギョ,ヨウギョ
強殖,,,15000,名詞,一般,*,*,*,*,強殖,キョウショク,キョウショク
デッド・エンド・ペイン,,,15000,名詞,一般,*,*,*,*,デッド・エンド・ペイン,デッド・エンド・ペイン,デッド、エンド、ペイン
ロングソード,,,15000,名詞,一般,*,*,*,*,ロングソード,ロングソード,ロングソード
オーガ,,,15000,名詞,一般,*,*,*,*,オーガ,オーガ,オーガ
マシンドール,,,15000,名詞,一般,*,*,*,*,マシンドール,マシンドール,マシンドール
ポイズンフラッグ,,,15000,名詞,一般,*,*,*,*,ポイズンフラッグ,ポイズンフラッグ,ポイズンフラッグ
ドレスチェンジ,,,15000,名詞,一般,*,*,*,*,ドレスチェンジ,ドレスチェンジ,ドレスチェンジ
アークドール,,,15000,名詞,一般,*,*,*,*,アークドール,アークドール,アークドール
アサシン,,,15000,名詞,一般,*,*,*,*,アサシン,アサシン,アサシン
プラチナデビル,,,15000,名詞,一般,*,*,*,*,プラチナデビル,プラチナデビル,プラチナデビル
パワーレベリング,,,15000,名詞,一般,*,*,*,*,パワーレベリング,パワーレベリング,パワーレベリング
フォーム,,,15000,名詞,一般,*,*,*,*,フォーム,フォーム,フォーム
チェンジ,,,15000,名詞,一般,*,*,*,*,チェンジ,チェンジ,チェンジ
アキマセン,,,15000,名詞,一般,*,*,*,*,アキマセン,アキマセン,アキマセン
オシオキ,,,15000,名詞,一般,*,*,*,*,オシオキ,オシオキ,オシオキ
VRMMO,,,15000,名詞,一般,*,*,*,*,VRMMO,VRMMO,ブイアールエムエムオー
MMO,,,15000,名詞,一般,*,*,*,*,MMO,MMO,エムエムオー
MO,,,15000,名詞,一般,*,*,*,*,MO,MO,エムオー
ＭＰ,,,15000,名詞,一般,*,*,*,*,ＭＰ,ＭＰ,エムピー
PT,,,15000,名詞,一般,*,*,*,*,PT,PT,ピーティー
Ａ+,4,4,2157,記号,アルファベット,*,*,*,*,Ａ+,エープラス,エープラス
Ａ-,4,4,2157,記号,アルファベット,*,*,*,*,Ａ-,エーマイナス,エーマイナス
Ａランク,1285,1285,2157,名詞,一般,*,*,*,*,Ａランク,エーランク,エーランク
Ｂ+,4,4,2157,記号,アルファベット,*,*,*,*,Ｂ+,ビープラス,ビープラス
Ｂ-,4,4,2157,記号,アルファベット,*,*,*,*,Ｂ-,ビーマイナス,ビーマイナス
Ｂランク,1285,1285,2157,名詞,一般,*,*,*,*,Ｂランク,ビーランク,ビーランク
Ｃ+,4,4,2157,記号,アルファベット,*,*,*,*,Ｃ+,シープラス,シープラス
Ｃ-,4,4,2157,記号,アルファベット,*,*,*,*,Ｃ-,シーマイナス,シーマイナス
Ｃランク,1285,1285,2157,名詞,一般,*,*,*,*,Ｃランク,シーランク,シーランク
ビースト・ロア,,,15000,名詞,一般,*,*,*,*,ビースト・ロア,ビースト・ロア,ビーストロア
ドラゴ・ノヴァ,,,15000,名詞,一般,*,*,*,*,ドラゴ・ノヴァ,ドラゴ・ノヴァ,ドラゴノヴァ
ブラッドシャドウ,,,15000,名詞,一般,*,*,*,*,ブラッドシャドウ,ブラッドシャドウ,ブラッドシャドウ
ウォータージェイル,,,15000,名詞,一般,*,*,*,*,ウォータージェイル,ウォータージェイル,ウォータージェイル
ヌイグルミ,,,15000,名詞,一般,*,*,*,*,ヌイグルミ,ヌイグルミ,ヌイグルミ
ダンジョン,,,15000,名詞,一般,*,*,*,*,ダンジョン,ダンジョン,ダンジョン
イカレタ,,,15000,名詞,一般,*,*,*,*,イカレタ,イカレタ,イカレタ
ハシャギ,,,15000,名詞,一般,*,*,*,*,ハシャギ,ハシャギ,ハシャギ
ツマラヌ,,,15000,名詞,一般,*,*,*,*,ツマラヌ,ツマラヌ,ツマラヌ
アストラル,,,15000,名詞,一般,*,*,*,*,アストラル,アストラル,アストラル
アリガト,,,15000,名詞,一般,*,*,*,*,アリガト,アリガト,アリガト
グレーターデーモン,,,15000,名詞,一般,*,*,*,*,グレーターデーモン,グレーターデーモン,グレーターデーモン
パネエ,,,15000,名詞,一般,*,*,*,*,パネエ,パネエ,パネエ
サヨウナラ,,,15000,名詞,一般,*,*,*,*,サヨウナラ,サヨウナラ,サヨウナラ
レイピア,,,15000,名詞,一般,*,*,*,*,レイピア,レイピア,レイピア
ホーリーフィールド,,,15000,名詞,一般,*,*,*,*,ホーリーフィールド,ホーリーフィールド,ホーリーフィールド
サッパリ,,,15000,名詞,一般,*,*,*,*,サッパリ,サッパリ,サッパリ
デッド・エンド・レインボー,,,15000,名詞,一般,*,*,*,*,デッド・エンド・レインボー,デッド・エンド・レインボー,デッドエンドレインボー
アストラル・ボディー,,,15000,名詞,一般,*,*,*,*,アストラル・ボディー,アストラル・ボディー,アストラルボディー
スピリチュアル・ボディー,,,15000,名詞,一般,*,*,*,*,スピリチュアル・ボディー,スピリチュアル・ボディー,スピリチュアルボディー
マテリアル・ボディー,,,15000,名詞,一般,*,*,*,*,マテリアル・ボディー,マテリアル・ボディー,マテリアルボディー
アストラルバインド,,,15000,名詞,一般,*,*,*,*,アストラルバインド,アストラルバインド,アストラルバインド
ディスインティグレーション,,,15000,名詞,一般,*,*,*,*,ディスインティグレーション,ディスインティグレーション,ディスインティグレーション
マーキング,,,15000,名詞,一般,*,*,*,*,マーキング,マーキング,マーキング
オーガイーター,,,15000,名詞,一般,*,*,*,*,オーガイーター,オーガイーター,オーガイーター
メギド,,,15000,名詞,一般,*,*,*,*,メギド,メギド,メギド
ムジヒナルモノ,,,15000,名詞,一般,*,*,*,*,ムジヒナルモノ,ムジヒナルモノ,ムジヒナルモノ
ヨウブン,,,15000,名詞,一般,*,*,*,*,ヨウブン,ヨウブン,ヨウブン
ハーベストフェスティバル,,,15000,名詞,一般,*,*,*,*,ハーベストフェスティバル,ハーベストフェスティバル,ハーベストフェスティバル
ヒトリ,,,15000,名詞,一般,*,*,*,*,ヒトリ,ヒトリ,ヒトリ
エイチアルモノ,,,15000,名詞,一般,*,*,*,*,エイチアルモノ,エイチアルモノ,エイチアルモノ
アルティメットスキル,,,15000,名詞,一般,*,*,*,*,アルティメットスキル,アルティメットスキル,アルティメットスキル
マモノ,,,15000,名詞,一般,*,*,*,*,マモノ,マモノ,マモノ
イケニエ,,,15000,名詞,一般,*,*,*,*,イケニエ,イケニエ,イケニエ
ザコ,,,15000,名詞,一般,*,*,*,*,ザコ,ザコ,ザコ
アクマ,,,15000,名詞,一般,*,*,*,*,アクマ,アクマ,アクマ
チカラ,,,15000,名詞,一般,*,*,*,*,チカラ,チカラ,チカラ
アッサリ,,,15000,名詞,一般,*,*,*,*,アッサリ,アッサリ,アッサリ
センセイ,,,15000,名詞,一般,*,*,*,*,センセイ,センセイ,センセイ
グレーター,,,15000,名詞,一般,*,*,*,*,グレーター,グレーター,グレーター
リーサル・ウェポン,,,15000,名詞,一般,*,*,*,*,リーサル・ウェポン,リーサル・ウェポン,リーサルウェポン
ロリショタコン,,,15000,名詞,一般,*,*,*,*,ロリショタコン,ロリショタコン,ロリショタコン
ヨミガエリ,,,15000,名詞,一般,*,*,*,*,ヨミガエリ,ヨミガエリ,ヨミガエリ
ディアブロ,,,15000,名詞,一般,*,*,*,*,ディアブロ,ディアブロ,ディアブロ
フレイムブレス,,,15000,名詞,一般,*,*,*,*,フレイムブレス,フレイムブレス,フレイムブレス
サンダーブレス,,,15000,名詞,一般,*,*,*,*,サンダーブレス,サンダーブレス,サンダーブレス
ヒリュウ,,,15000,名詞,一般,*,*,*,*,ヒリュウ,ヒリュウ,ヒリュウ
エライ,,,15000,名詞,一般,*,*,*,*,エライ,エライ,エライ
コヤツ,,,15000,名詞,一般,*,*,*,*,コヤツ,コヤツ,コヤツ
デカイ,,,15000,名詞,一般,*,*,*,*,デカイ,デカイ,デカイ
マモルモノ,,,15000,名詞,一般,*,*,*,*,マモルモノ,マモルモノ,マモルモノ
オニ,,,15000,名詞,一般,*,*,*,*,オニ,オニ,オニ
プチ,,,15000,名詞,一般,*,*,*,*,プチ,プチ,プチ
モテタ,,,15000,名詞,一般,*,*,*,*,モテタ,モテタ,モテタ
ホムンクルス,,,15000,名詞,一般,*,*,*,*,ホムンクルス,ホムンクルス,ホムンクルス
キタネエ,,,15000,名詞,一般,*,*,*,*,キタネエ,キタネエ,キタネエ
ワルプルギス,,,15000,名詞,一般,*,*,*,*,ワルプルギス,ワルプルギス,ワルプルギス
ヘテロクロミア,,,15000,名詞,一般,*,*,*,*,ヘテロクロミア,ヘテロクロミア,ヘテロクロミア
クイーン・オブ・ナイトメア,,,15000,名詞,一般,*,*,*,*,クイーン・オブ・ナイトメア,クイーン・オブ・ナイトメア,クイーンオブナイトメア
ロード・オブ・ダークネス,,,15000,名詞,一般,*,*,*,*,ロード・オブ・ダークネス,ロード・オブ・ダークネス,ロードオブダークネス
シモベ,,,15000,名詞,一般,*,*,*,*,シモベ,シモベ,シモベ
ブルーダイアモンド,,,15000,名詞,一般,*,*,*,*,ブルーダイアモンド,ブルーダイアモンド,ブルーダイアモンド
ヴァンパイア,,,15000,名詞,一般,*,*,*,*,ヴァンパイア,ヴァンパイア,ヴァンパイア
ガッシリ,,,15000,名詞,一般,*,*,*,*,ガッシリ,ガッシリ,ガッシリ
ピクシー,,,15000,名詞,一般,*,*,*,*,ピクシー,ピクシー,ピクシー
アースクエイク,,,15000,名詞,一般,*,*,*,*,アースクエイク,アースクエイク,アースクエイク
フォールン,,,15000,名詞,一般,*,*,*,*,フォールン,フォールン,フォールン
スリーピング・ルーラー,,,15000,名詞,一般,*,*,*,*,スリーピング・ルーラー,スリーピング・ルーラー,スリーピングルーラー
アンデット,,,15000,名詞,一般,*,*,*,*,アンデット,アンデット,アンデット
ウスノロ,,,15000,名詞,一般,*,*,*,*,ウスノロ,ウスノロ,ウスノロ
アチコチ,,,15000,名詞,一般,*,*,*,*,アチコチ,アチコチ,アチコチ
ジャミング,,,15000,名詞,一般,*,*,*,*,ジャミング,ジャミング,ジャミング
キサマ,,,15000,名詞,一般,*,*,*,*,キサマ,キサマ,キサマ
フーン,,,15000,名詞,一般,*,*,*,*,フーン,フーン,フーン
ソウルイーター,,,15000,名詞,一般,*,*,*,*,ソウルイーター,ソウルイーター,ソウルイーター
デモンブラスター,,,15000,名詞,一般,*,*,*,*,デモンブラスター,デモンブラスター,デモンブラスター
マヌケ,,,15000,名詞,一般,*,*,*,*,マヌケ,マヌケ,マヌケ
アヤツリビト,,,15000,名詞,一般,*,*,*,*,アヤツリビト,アヤツリビト,アヤツリビト
オクタグラム,,,15000,名詞,一般,*,*,*,*,オクタグラム,オクタグラム,オクタグラム
ニュービー,,,15000,名詞,一般,*,*,*,*,ニュービー,ニュービー,ニュービー
ウィザード,,,15000,名詞,一般,*,*,*,*,ウィザード,ウィザード,ウィザード
ハッタリ,,,15000,名詞,一般,*,*,*,*,ハッタリ,ハッタリ,ハッタリ
オマケ,,,15000,名詞,一般,*,*,*,*,オマケ,オマケ,オマケ
ホーリーメイル,,,15000,名詞,一般,*,*,*,*,ホーリーメイル,ホーリーメイル,ホーリーメイル
デモンスレイヤー,,,15000,名詞,一般,*,*,*,*,デモンスレイヤー,デモンスレイヤー,デモンスレイヤー
ホーリーカノン,,,15000,名詞,一般,*,*,*,*,ホーリーカノン,ホーリーカノン,ホーリーカノン
エーテルブレイク,,,15000,名詞,一般,*,*,*,*,エーテルブレイク,エーテルブレイク,エーテルブレイク
デジャヴュ,,,15000,名詞,一般,*,*,*,*,デジャヴュ,デジャヴュ,デジャヴュ
エレメンタルソード,,,15000,名詞,一般,*,*,*,*,エレメンタルソード,エレメンタルソード,エレメンタルソード
アースジェイル,,,15000,名詞,一般,*,*,*,*,アースジェイル,アースジェイル,アースジェイル
ウインドブレード,,,15000,名詞,一般,*,*,*,*,ウインドブレード,ウインドブレード,ウインドブレード
フェンリル,,,15000,名詞,一般,*,*,*,*,フェンリル,フェンリル,フェンリル
フルリカバリー,,,15000,名詞,一般,*,*,*,*,フルリカバリー,フルリカバリー,フルリカバリー
ネタバラシ,,,15000,名詞,一般,*,*,*,*,ネタバラシ,ネタバラシ,ネタバラシ
ドラゴンスレイヤー,,,15000,名詞,一般,*,*,*,*,ドラゴンスレイヤー,ドラゴンスレイヤー,ドラゴンスレイヤー
メルトスラッシュ,,,15000,名詞,一般,*,*,*,*,メルトスラッシュ,メルトスラッシュ,メルトスラッシュ
ウッカリ,,,15000,名詞,一般,*,*,*,*,ウッカリ,ウッカリ,ウッカリ
ヤロウ,,,15000,名詞,一般,*,*,*,*,ヤロウ,ヤロウ,ヤロウ
オッケー,,,15000,名詞,一般,*,*,*,*,オッケー,オッケー,オッケー
ジャージ,,,15000,名詞,一般,*,*,*,*,ジャージ,ジャージ,ジャージ
ゾンビ,,,15000,名詞,一般,*,*,*,*,ゾンビ,ゾンビ,ゾンビ
ガラクタ,,,15000,名詞,一般,*,*,*,*,ガラクタ,ガラクタ,ガラクタ
ダイア,,,15000,名詞,一般,*,*,*,*,ダイア,ダイア,ダイア
トリップ,,,15000,名詞,一般,*,*,*,*,トリップ,トリップ,トリップ
アドバンストダンジョン,,,15000,名詞,一般,*,*,*,*,アドバンストダンジョン,アドバンストダンジョン,アドバンストダンジョン
ダンジョンツクール,,,15000,名詞,一般,*,*,*,*,ダンジョンツクール,ダンジョンツクール,ダンジョンツクール
ムシケラ,,,15000,名詞,一般,*,*,*,*,ムシケラ,ムシケラ,ムシケラ
イチイチ,,,15000,名詞,一般,*,*,*,*,イチイチ,イチイチ,イチイチ
カルマ,,,15000,名詞,一般,*,*,*,*,カルマ,カルマ,カルマ
シゴキ,,,15000,名詞,一般,*,*,*,*,シゴキ,シゴキ,シゴキ
ミミック,,,15000,名詞,一般,*,*,*,*,ミミック,ミミック,ミミック
テイム,,,15000,名詞,一般,*,*,*,*,テイム,テイム,テイム
カラミティ・カノン,,,15000,名詞,一般,*,*,*,*,カラミティ・カノン,カラミティカノン,カラミティカノン
カオティックフェイト,,,15000,名詞,一般,*,*,*,*,カオティックフェイト,カオティックフェイト,カオティックフェイト
ハジメマシテ,,,15000,名詞,一般,*,*,*,*,ハジメマシテ,ハジメマシテ,ハジメマシテ
ヘンシン,,,15000,名詞,一般,*,*,*,*,ヘンシン,ヘンシン,ヘンシン
リバース・フレイム,,,15000,名詞,一般,*,*,*,*,リバース・フレイム,リバースフレイム,リバースフレイム
エレメンタラー,,,15000,名詞,一般,*,*,*,*,エレメンタラー,エレメンタラー,エレメンタラー
オーガロード,,,15000,名詞,一般,*,*,*,*,オーガロード,オーガロード,オーガロード
オーガシリーズ,,,15000,名詞,一般,*,*,*,*,オーガシリーズ,オーガシリーズ,オーガシリーズ
オーガアックス,,,15000,名詞,一般,*,*,*,*,オーガアックス,オーガアックス,オーガアックス
オーガレッグ,,,15000,名詞,一般,*,*,*,*,オーガレッグ,オーガレッグ,オーガレッグ
オーガベア,,,15000,名詞,一般,*,*,*,*,オーガベア,オーガベア,オーガベア
ギジコン,,,15000,名詞,一般,*,*,*,*,ギジコン,ギジコン,ギジコン
リビングアーマー,,,15000,名詞,一般,*,*,*,*,リビングアーマー,リビングアーマー,リビングアーマー
デスサイズ,,,15000,名詞,一般,*,*,*,*,デスサイズ,デスサイズ,デスサイズ
デス・バスタード,,,15000,名詞,一般,*,*,*,*,デス・バスタード,デスバスタード,デスバスタード
デスピックル,,,15000,名詞,一般,*,*,*,*,デスピックル,デスピックル,デスピックル
クリムゾンローブ,,,15000,名詞,一般,*,*,*,*,クリムゾンローブ,クリムゾンローブ,クリムゾンローブ
ヘヴィフルプレート,,,15000,名詞,一般,*,*,*,*,ヘヴィフルプレート,ヘヴィフルプレート,ヘヴィフルプレート
デスアックス,,,15000,名詞,一般,*,*,*,*,デスアックス,デスアックス,デスアックス
バーサーカー,,,15000,名詞,一般,*,*,*,*,バーサーカー,バーサーカー,バーサーカー
フザケタ,,,15000,名詞,一般,*,*,*,*,フザケタ,フザケタ,フザケタ
バインドスラッシュ,,,15000,名詞,一般,*,*,*,*,バインドスラッシュ,バインドスラッシュ,バインドスラッシュ
キルマシーン,,,15000,名詞,一般,*,*,*,*,キルマシーン,キルマシーン,キルマシーン
エクストラヒール,,,15000,名詞,一般,*,*,*,*,エクストラヒール,エクストラヒール,エクストラヒール
リザレクション,,,15000,名詞,一般,*,*,*,*,リザレクション,リザレクション,リザレクション
リ・バース,,,15000,名詞,一般,*,*,*,*,リ・バース,リバース,リバース
ヨグ・ソトース,,,15000,名詞,一般,*,*,*,*,ヨグ・ソトース,ヨグソトース,ヨグソトース
トルネードブレード,,,15000,名詞,一般,*,*,*,*,トルネードブレード,トルネードブレード,トルネードブレード
フィアーオーラ,,,15000,名詞,一般,*,*,*,*,フィアーオーラ,フィアーオーラ,フィアーオーラ
ドミネーター,,,15000,名詞,一般,*,*,*,*,ドミネーター,ドミネーター,ドミネーター
スネークソード,,,15000,名詞,一般,*,*,*,*,スネークソード,スネークソード,スネークソード
ハイエロファント,,,15000,名詞,一般,*,*,*,*,ハイエロファント,ハイエロファント,ハイエロファント
マジックナイツ,,,15000,名詞,一般,*,*,*,*,マジックナイツ,マジックナイツ,マジックナイツ
サーチエネミー,,,15000,名詞,一般,*,*,*,*,サーチエネミー,サーチエネミー,サーチエネミー
メタトロン,,,15000,名詞,一般,*,*,*,*,メタトロン,メタトロン,メタトロン
フォーミング,,,15000,名詞,一般,*,*,*,*,フォーミング,フォーミング,フォーミング
ユニークスキル,,,15000,名詞,一般,*,*,*,*,ユニークスキル,ユニークスキル,ユニークスキル
カオティックブレス,,,15000,名詞,一般,*,*,*,*,カオティックブレス,カオティックブレス,カオティックブレス
フレイムピラー,,,15000,名詞,一般,*,*,*,*,フレイムピラー,フレイムピラー,フレイムピラー
ホーリー,,,15000,名詞,一般,*,*,*,*,ホーリー,ホーリー,ホーリー
ブレイクダウン,,,15000,名詞,一般,*,*,*,*,ブレイクダウン,ブレイクダウン,ブレイクダウン
フォトン,,,15000,名詞,一般,*,*,*,*,フォトン,フォトン,フォトン
爪鋏刃,,,15000,名詞,一般,*,*,*,*,爪鋏刃,ツメバサミトウ,ツメバサミトウ
ブロードソード,,,15000,名詞,一般,*,*,*,*,ブロードソード,ブロードソード,ブロードソード
ボーンゴーレム,,,15000,名詞,一般,*,*,*,*,ボーンゴーレム,ボーンゴーレム,ボーンゴーレム
オーガウルフ,,,15000,名詞,一般,*,*,*,*,オーガウルフ,オーガウルフ,オーガウルフ
スターウルフ,,,15000,名詞,一般,*,*,*,*,スターウルフ,スターウルフ,スターウルフ
ミノスシリーズ,,,15000,名詞,一般,*,*,*,*,ミノスシリーズ,ミノスシリーズ,ミノスシリーズ
ミノスバルディッシュ,,,15000,名詞,一般,*,*,*,*,ミノスバルディッシュ,ミノスバルディッシュ,ミノスバルディッシュ
ミノストライデント,,,15000,名詞,一般,*,*,*,*,ミノストライデント,ミノストライデント,ミノストライデント
デスウルフ,,,15000,名詞,一般,*,*,*,*,デスウルフ,デスウルフ,デスウルフ
ウォーリア,,,15000,名詞,一般,*,*,*,*,ウォーリア,ウォーリア,ウォーリア
マジシャン,,,15000,名詞,一般,*,*,*,*,マジシャン,マジシャン,マジシャン
デス・パラディン,,,15000,名詞,一般,*,*,*,*,デス・パラディン,デスパラディン,デスパラディン
デス・ロード,,,15000,名詞,一般,*,*,*,*,デス・ロード,デスロード,デスロード
ネクロマンサー,,,15000,名詞,一般,*,*,*,*,ネクロマンサー,ネクロマンサー,ネクロマンサー
スペック,,,15000,名詞,一般,*,*,*,*,スペック,スペック,スペック
デス・ドラゴン,,,15000,名詞,一般,*,*,*,*,デス・ドラゴン,デスドラゴン,デスドラゴン
デスナイト,,,15000,名詞,一般,*,*,*,*,デスナイト,デスナイト,デスナイト
マジックキャンセラー,,,15000,名詞,一般,*,*,*,*,マジックキャンセラー,マジックキャンセラー,マジックキャンセラー
ニュークリアフレイム,,,15000,名詞,一般,*,*,*,*,ニュークリアフレイム,ニュークリアフレイム,ニュークリアフレイム
デスストリーク,,,15000,名詞,一般,*,*,*,*,デスストリーク,デスストリーク,デスストリーク
イモータルキング,,,15000,名詞,一般,*,*,*,*,イモータルキング,イモータルキング,イモータルキング
ルーンマスター,,,15000,名詞,一般,*,*,*,*,ルーンマスター,ルーンマスター,ルーンマスター
デストピア,,,15000,名詞,一般,*,*,*,*,デストピア,デストピア,デストピア
アーミーワスプ,,,15000,名詞,一般,*,*,*,*,アーミーワスプ,アーミーワスプ,アーミーワスプ
アダマンタイト,,,15000,名詞,一般,*,*,*,*,アダマンタイト,アダマンタイト,アダマンタイト
ダイアモンド,,,15000,名詞,一般,*,*,*,*,ダイアモンド,ダイアモンド,ダイアモンド
フルプレートメイル,,,15000,名詞,一般,*,*,*,*,フルプレートメイル,フルプレートメイル,フルプレートメイル
ディストーションフィールド,,,15000,名詞,一般,*,*,*,*,ディストーションフィールド,ディストーションフィールド,ディストーションフィールド
フルチューンナップ,,,15000,名詞,一般,*,*,*,*,フルチューンナップ,フルチューンナップ,フルチューンナップ
テラーナイト,,,15000,名詞,一般,*,*,*,*,テラーナイト,テラーナイト,テラーナイト
グラビティーコラプス,,,15000,名詞,一般,*,*,*,*,グラビティーコラプス,グラビティーコラプス,グラビティーコラプス
セイクリッド・バースディ,,,15000,名詞,一般,*,*,*,*,セイクリッド・バースディ,セイクリッドバースディ,セイクリッドバースディ
ファンタスティック,,,15000,名詞,一般,*,*,*,*,ファンタスティック,ファンタスティック,ファンタスティック
ドラグロード,,,15000,名詞,一般,*,*,*,*,ドラグロード,ドラグロード,ドラグロード
ウォーロード,,,15000,名詞,一般,*,*,*,*,ウォーロード,ウォーロード,ウォーロード
ディアブルシュバリエ,,,15000,名詞,一般,*,*,*,*,ディアブルシュバリエ,ディアブルシュバリエ,ディアブルシュバリエ
デモンシュバリエ,,,15000,名詞,一般,*,*,*,*,デモンシュバリエ,デモンシュバリエ,デモンシュバリエ
ミストロード,,,15000,名詞,一般,*,*,*,*,ミストロード,ミストロード,ミストロード
ゲヘナロード,,,15000,名詞,一般,*,*,*,*,ゲヘナロード,ゲヘナロード,ゲヘナロード
コアブレイク,,,15000,名詞,一般,*,*,*,*,コアブレイク,コアブレイク,コアブレイク
メナスロード,,,15000,名詞,一般,*,*,*,*,メナスロード,メナスロード,メナスロード
カオスクリエイト,,,15000,名詞,一般,*,*,*,*,カオスクリエイト,カオスクリエイト,カオスクリエイト
カースパフューム,,,15000,名詞,一般,*,*,*,*,カースパフューム,カースパフューム,カースパフューム
バランスブレイカー,,,15000,名詞,一般,*,*,*,*,バランスブレイカー,バランスブレイカー,バランスブレイカー
ロイヤルナイツ,,,15000,名詞,一般,*,*,*,*,ロイヤルナイツ,ロイヤルナイツ,ロイヤルナイツ
マモン,,,15000,名詞,一般,*,*,*,*,マモン,マモン,マモン
アルティメットエンチャント,,,15000,名詞,一般,*,*,*,*,アルティメットエンチャント,アルティメットエンチャント,アルティメットエンチャント
オルタナティブ,,,15000,名詞,一般,*,*,*,*,オルタナティブ,オルタナティブ,オルタナティブ
ネクロシス,,,15000,名詞,一般,*,*,*,*,ネクロシス,ネクロシス,ネクロシス
ブラッディーナイツ,,,15000,名詞,一般,*,*,*,*,ブラッディーナイツ,ブラッディーナイツ,ブラッディーナイツ
ナパームバースト,,,15000,名詞,一般,*,*,*,*,ナパームバースト,ナパームバースト,ナパームバースト
シャドウボクシング,,,15000,名詞,一般,*,*,*,*,シャドウボクシング,シャドウボクシング,シャドウボクシング
トランジットゲート,,,15000,名詞,一般,*,*,*,*,トランジットゲート,トランジットゲート,トランジットゲート
デヴィルロード,,,15000,名詞,一般,*,*,*,*,デヴィルロード,デヴィルロード,デヴィルロード
アゲーラ・エスプリ,,,15000,名詞,一般,*,*,*,*,アゲーラ・エスプリ,アゲーラエスプリ,アゲーラエスプリ
シエン・ゾンダ,,,15000,名詞,一般,*,*,*,*,シエン・ゾンダ,シエンゾンダ,シエンゾンダ
エターナルワールド,,,15000,名詞,一般,*,*,*,*,エターナルワールド,エターナルワールド,エターナルワールド
ハイパーエネルギー,,,15000,名詞,一般,*,*,*,*,ハイパーエネルギー,ハイパーエネルギー,ハイパーエネルギー
カーディナルオーラ,,,15000,名詞,一般,*,*,*,*,カーディナルオーラ,カーディナルオーラ,カーディナルオーラ
カーディナル,,,15000,名詞,一般,*,*,*,*,カーディナル,カーディナル,カーディナル
カーディナルケージ,,,15000,名詞,一般,*,*,*,*,カーディナルケージ,カーディナルケージ,カーディナルケージ
カーディナルアクセラレーション,,,15000,名詞,一般,*,*,*,*,カーディナルアクセラレーション,カーディナルアクセラレーション,カーディナルアクセラレーション
バーニングブレス,,,15000,名詞,一般,*,*,*,*,バーニングブレス,バーニングブレス,バーニングブレス
フレイムケージ,,,15000,名詞,一般,*,*,*,*,フレイムケージ,フレイムケージ,フレイムケージ
バーニングエンブレイス,,,15000,名詞,一般,*,*,*,*,バーニングエンブレイス,バーニングエンブレイス,バーニングエンブレイス
ストームブラスト,,,15000,名詞,一般,*,*,*,*,ストームブラスト,ストームブラスト,ストームブラスト
コールデーモン,,,15000,名詞,一般,*,*,*,*,コールデーモン,コールデーモン,コールデーモン
クリエイトサモンゲート,,,15000,名詞,一般,*,*,*,*,クリエイトサモンゲート,クリエイトサモンゲート,クリエイトサモンゲート
サモンゲート,,,15000,名詞,一般,*,*,*,*,サモンゲート,サモンゲート,サモンゲート
レガリアドミニオン,,,15000,名詞,一般,*,*,*,*,レガリアドミニオン,レガリアドミニオン,レガリアドミニオン
ヒートブラスター,,,15000,名詞,一般,*,*,*,*,ヒートブラスター,ヒートブラスター,ヒートブラスター
カリキュレーションプリズン,,,15000,名詞,一般,*,*,*,*,カリキュレーションプリズン,カリキュレーションプリズン,カリキュレーションプリズン
アルティメットスライム,,,15000,名詞,一般,*,*,*,*,アルティメットスライム,アルティメットスライム,アルティメットスライム
ストームライトニング,,,15000,名詞,一般,*,*,*,*,ストームライトニング,ストームライトニング,ストームライトニング
ブレードコア,,,15000,名詞,一般,*,*,*,*,ブレードコア,ブレードコア,ブレードコア
ナイアルラトホテップ,,,15000,名詞,一般,*,*,*,*,ナイアルラトホテップ,ナイアルラトホテップ,ナイアルラトホテップ
ニュークリアカノン,,,15000,名詞,一般,*,*,*,*,ニュークリアカノン,ニュークリアカノン,ニュークリアカノン
バトルキマイラ,,,15000,名詞,一般,*,*,*,*,バトルキマイラ,バトルキマイラ,バトルキマイラ
シークレットコマンド,,,15000,名詞,一般,*,*,*,*,シークレットコマンド,シークレットコマンド,シークレットコマンド
キマイラナイト,,,15000,名詞,一般,*,*,*,*,キマイラナイト,キマイラナイト,キマイラナイト
キャッスルガード,,,15000,名詞,一般,*,*,*,*,キャッスルガード,キャッスルガード,キャッスルガード
デスブレード,,,15000,名詞,一般,*,*,*,*,デスブレード,デスブレード,デスブレード
アビスコア,,,15000,名詞,一般,*,*,*,*,アビスコア,アビスコア,アビスコア
ガードナー,,,15000,名詞,一般,*,*,*,*,ガードナー,ガードナー,ガードナー
エコーリフレクション,,,15000,名詞,一般,*,*,*,*,エコーリフレクション,エコーリフレクション,エコーリフレクション
グラニート,,,15000,名詞,一般,*,*,*,*,グラニート,グラニート,グラニート
マネルモノ,,,15000,名詞,一般,*,*,*,*,マネルモノ,マネルモノ,マネルモノ
チェンジウェポン,,,15000,名詞,一般,*,*,*,*,チェンジウェポン,チェンジウェポン,チェンジウェポン
デーモンスピア,,,15000,名詞,一般,*,*,*,*,デーモンスピア,デーモンスピア,デーモンスピア
カリトルモノ,,,15000,名詞,一般,*,*,*,*,カリトルモノ,カリトルモノ,カリトルモノ
チェインプロミネンス,,,15000,名詞,一般,*,*,*,*,チェインプロミネンス,チェインプロミネンス,チェインプロミネンス
ジャッジメント,,,15000,名詞,一般,*,*,*,*,ジャッジメント,ジャッジメント,ジャッジメント
アビスアナイアレーション,,,15000,名詞,一般,*,*,*,*,アビスアナイアレーション,アビスアナイアレーション,アビスアナイアレーション
リムーブブラスト,,,15000,名詞,一般,*,*,*,*,リムーブブラスト,リムーブブラスト,リムーブブラスト
イレーザーショット,,,15000,名詞,一般,*,*,*,*,イレーザーショット,イレーザーショット,イレーザーショット
リゼントメントフィア,,,15000,名詞,一般,*,*,*,*,リゼントメントフィア,リゼントメントフィア,リゼントメントフィア
セラフィム,,,15000,名詞,一般,*,*,*,*,セラフィム,セラフィム,セラフィム
バトルクリーチャー,,,15000,名詞,一般,*,*,*,*,バトルクリーチャー,バトルクリーチャー,バトルクリーチャー
ホーリーブレード,,,15000,名詞,一般,*,*,*,*,ホーリーブレード,ホーリーブレード,ホーリーブレード
クリムゾン,,,15000,名詞,一般,*,*,*,*,クリムゾン,クリムゾン,クリムゾン
ベルフェゴール,,,15000,名詞,一般,*,*,*,*,ベルフェゴール,ベルフェゴール,ベルフェゴール
カオスドール,,,15000,名詞,一般,*,*,*,*,カオスドール,カオスドール,カオスドール
フォールンヒュプノ,,,15000,名詞,一般,*,*,*,*,フォールンヒュプノ,フォールンヒュプノ,フォールンヒュプノ
ハイパーモード,,,15000,名詞,一般,*,*,*,*,ハイパーモード,ハイパーモード,ハイパーモード
フォールンタナトス,,,15000,名詞,一般,*,*,*,*,フォールンタナトス,フォールンタナトス,フォールンタナトス
メルキゼデク,,,15000,名詞,一般,*,*,*,*,メルキゼデク,メルキゼデク,メルキゼデク
ディープヒュプノ,,,15000,名詞,一般,*,*,*,*,ディープヒュプノ,ディープヒュプノ,ディープヒュプノ
エクスキューショナーズ,,,15000,名詞,一般,*,*,*,*,エクスキューショナーズ,エクスキューショナーズ,エクスキューショナーズ
アルティメット,,,15000,名詞,一般,*,*,*,*,アルティメット,アルティメット,アルティメット
マナス,,,15000,名詞,一般,*,*,*,*,マナス,マナス,マナス
サブブレイン,,,15000,名詞,一般,*,*,*,*,サブブレイン,サブブレイン,サブブレイン
アルティメットギフト,,,15000,名詞,一般,*,*,*,*,アルティメットギフト,アルティメットギフト,アルティメットギフト
ネクロノミコン,,,15000,名詞,一般,*,*,*,*,ネクロノミコン,ネクロノミコン,ネクロノミコン
グリモワール,,,15000,名詞,一般,*,*,*,*,グリモワール,グリモワール,グリモワール
イモータル,,,15000,名詞,一般,*,*,*,*,イモータル,イモータル,イモータル
ヴェルドラ・テンペスト,,,15000,名詞,一般,*,*,*,*,ヴェルドラ・テンペスト,ヴェルドラ・テンペスト,ヴェルドラテンペスト
カオスメタロイド,,,15000,名詞,一般,*,*,*,*,カオスメタロイド,カオスメタロイド,カオスメタロイド
デウス・エクス・,,,15000,名詞,一般,*,*,*,*,デウス・エクス・,デウス・エクス・,デウスエクス
リィーン,,,15000,名詞,一般,*,*,*,*,リィーン,リィーン,リィーン
グリフォン,,,15000,名詞,一般,*,*,*,*,グリフォン,グリフォン,グリフォン
バーム,,,15000,名詞,一般,*,*,*,*,バーム,バーム,バーム
ウォーハンマー,,,15000,名詞,一般,*,*,*,*,ウォーハンマー,ウォーハンマー,ウォーハンマー
ライトニングボンバー,,,15000,名詞,一般,*,*,*,*,ライトニングボンバー,ライトニングボンバー,ライトニングボンバー
ハーピィー,,,15000,名詞,一般,*,*,*,*,ハーピィー,ハーピィー,ハーピィー
ディフュージョン・ロア,,,15000,名詞,一般,*,*,*,*,ディフュージョン・ロア,ディフュージョンロア,ディフュージョン、ロア
オトコ,,,15000,名詞,一般,*,*,*,*,オトコ,オトコ,オトコ
トルネオット,,,15000,名詞,一般,*,*,*,*,トルネオット,トルネオット,トルネオット
グレートアクス,,,15000,名詞,一般,*,*,*,*,グレートアクス,グレートアクス,グレートアクス
トライデント,,,15000,名詞,一般,*,*,*,*,トライデント,トライデント,トライデント
オルカ,,,15000,名詞,一般,*,*,*,*,オルカ,オルカ,オルカ
ナインテイル,,,15000,名詞,一般,*,*,*,*,ナインテイル,ナインテイル,ナインテイル
プリシラ,,,15000,名詞,一般,*,*,*,*,プリシラ,プリシラ,プリシラ
マスターウェポン,,,15000,名詞,一般,*,*,*,*,マスターウェポン,マスターウェポン,マスターウェポン
ウェポン,,,15000,名詞,一般,*,*,*,*,ウェポン,ウェポン,ウェポン
メルトプラズマ,,,15000,名詞,一般,*,*,*,*,メルトプラズマ,メルトプラズマ,メルトプラズマ
デスウィップ,,,15000,名詞,一般,*,*,*,*,デスウィップ,デスウィップ,デスウィップ
ドラゴン・ロア,,,15000,名詞,一般,*,*,*,*,ドラゴン・ロア,ドラゴンロア,ドラゴン、ロア
エターナルペイン,,,15000,名詞,一般,*,*,*,*,エターナルペイン,エターナルペイン,エターナルペイン
レゾンデートル,,,15000,名詞,一般,*,*,*,*,レゾンデートル,レゾンデートル,レゾンデートル
オキシアン,,,15000,名詞,一般,*,*,*,*,オキシアン,オキシアン,オキシアン
キゾナ,,,15000,名詞,一般,*,*,*,*,キゾナ,キゾナ,キゾナ
アングリーピエロ,,,15000,名詞,一般,*,*,*,*,アングリーピエロ,アングリーピエロ,アングリーピエロ
ティアドロップ,,,15000,名詞,一般,*,*,*,*,ティアドロップ,ティアドロップ,ティアドロップ
ワンダーピエロ,,,15000,名詞,一般,*,*,*,*,ワンダーピエロ,ワンダーピエロ,ワンダーピエロ
クレイジーピエロ,,,15000,名詞,一般,*,*,*,*,クレイジーピエロ,クレイジーピエロ,クレイジーピエロ
フトルモノ,,,15000,名詞,一般,*,*,*,*,フトルモノ,フトルモノ,フトルモノ
マテリアル,,,15000,名詞,一般,*,*,*,*,マテリアル,マテリアル,マテリアル
ムチナルモノ,,,15000,名詞,一般,*,*,*,*,ムチナルモノ,ムチナルモノ,ムチナルモノ
ユルガヌモノ,,,15000,名詞,一般,*,*,*,*,ユルガヌモノ,ユルガヌモノ,ユルガヌモノ
イドムモノ,,,15000,名詞,一般,*,*,*,*,イドムモノ,イドムモノ,イドムモノ
ミエルモノ,,,15000,名詞,一般,*,*,*,*,ミエルモノ,ミエルモノ,ミエルモノ
アザムクモノ,,,15000,名詞,一般,*,*,*,*,アザムクモノ,アザムクモノ,アザムクモノ
イモータルレギオン,,,15000,名詞,一般,*,*,*,*,イモータルレギオン,イモータルレギオン,イモータルレギオン
ゾンビソルジャー,,,15000,名詞,一般,*,*,*,*,ゾンビソルジャー,ゾンビソルジャー,ゾンビソルジャー
ポーンソルジャー,,,15000,名詞,一般,*,*,*,*,ポーンソルジャー,ポーンソルジャー,ポーンソルジャー
ポーンアーチャー,,,15000,名詞,一般,*,*,*,*,ポーンアーチャー,ポーンアーチャー,ポーンアーチャー
ポーンナイト,,,15000,名詞,一般,*,*,*,*,ポーンナイト,ポーンナイト,ポーンナイト
コークスクリューパンチ,,,15000,名詞,一般,*,*,*,*,コークスクリューパンチ,コークスクリューパンチ,コークスクリューパンチ
ジャイアントオーガ,,,15000,名詞,一般,*,*,*,*,ジャイアントオーガ,ジャイアントオーガ,ジャイアントオーガ
サイクロプス,,,15000,名詞,一般,*,*,*,*,サイクロプス,サイクロプス,サイクロプス
ヘカトンケイル,,,15000,名詞,一般,*,*,*,*,ヘカトンケイル,ヘカトンケイル,ヘカトンケイル
レザーアーマー,,,15000,名詞,一般,*,*,*,*,レザーアーマー,レザーアーマー,レザーアーマー
ブレストアーマー,,,15000,名詞,一般,*,*,*,*,ブレストアーマー,ブレストアーマー,ブレストアーマー
テンペストミーティア,,,15000,名詞,一般,*,*,*,*,テンペストミーティア,テンペストミーティア,テンペストミーティア
アンチマジックガード,,,15000,名詞,一般,*,*,*,*,アンチマジックガード,アンチマジックガード,アンチマジックガード
ヒールレイン,,,15000,名詞,一般,*,*,*,*,ヒールレイン,ヒールレイン,ヒールレイン
ビッグジャイアント,,,15000,名詞,一般,*,*,*,*,ビッグジャイアント,ビッグジャイアント,ビッグジャイアント
グラソード,,,15000,名詞,一般,*,*,*,*,グラソード,グラソード,グラソード
フェン,,,15000,名詞,一般,*,*,*,*,フェン,フェン,フェン
グレイプニール,,,15000,名詞,一般,*,*,*,*,グレイプニール,グレイプニール,グレイプニール
デスジャイアント,,,15000,名詞,一般,*,*,*,*,デスジャイアント,デスジャイアント,デスジャイアント
カラミティクロウ,,,15000,名詞,一般,*,*,*,*,カラミティクロウ,カラミティクロウ,カラミティクロウ
ガブリエル,,,15000,名詞,一般,*,*,*,*,ガブリエル,ガブリエル,ガブリエル
レヴィアタン,,,15000,名詞,一般,*,*,*,*,レヴィアタン,レヴィアタン,レヴィアタン
トマン,,,15000,名詞,一般,*,*,*,*,トマン,トマン,トマン
オカマ,,,15000,名詞,一般,*,*,*,*,オカマ,オカマ,オカマ
スピリットボム,,,15000,名詞,一般,*,*,*,*,スピリットボム,スピリットボム,スピリットボム
ホンマ,,,15000,名詞,一般,*,*,*,*,ホンマ,ホンマ,ホンマ
カウンターラプス,,,15000,名詞,一般,*,*,*,*,カウンターラプス,カウンターラプス,カウンターラプス
アークデプレッション,,,15000,名詞,一般,*,*,*,*,アークデプレッション,アークデプレッション,アークデプレッション
プロミネンスアクセラレーション,,,15000,名詞,一般,*,*,*,*,プロミネンスアクセラレーション,プロミネンスアクセラレーション,プロミネンスアクセラレーション
チェインエクスプロージョン,,,15000,名詞,一般,*,*,*,*,チェインエクスプロージョン,チェインエクスプロージョン,チェインエクスプロージョン
ザマー,,,15000,名詞,一般,*,*,*,*,ザマー,ザマー,ザマー
ゼリフ,,,15000,名詞,一般,*,*,*,*,ゼリフ,ゼリフ,ゼリフ
スッカラカン,,,15000,名詞,一般,*,*,*,*,スッカラカン,スッカラカン,スッカラカン
キチガイ,,,15000,名詞,一般,*,*,*,*,キチガイ,キチガイ,キチガイ
デスブレッシング,,,15000,名詞,一般,*,*,*,*,デスブレッシング,デスブレッシング,デスブレッシング
エネルギークリーチャー,,,15000,名詞,一般,*,*,*,*,エネルギークリーチャー,エネルギークリーチャー,エネルギークリーチャー
マイナスブレイク,,,15000,名詞,一般,*,*,*,*,マイナスブレイク,マイナスブレイク,マイナスブレイク
トリニティ,,,15000,名詞,一般,*,*,*,*,トリニティ,トリニティ,トリニティ
サンダーストーム,,,15000,名詞,一般,*,*,*,*,サンダーストーム,サンダーストーム,サンダーストーム
ドラゴンクロー,,,15000,名詞,一般,*,*,*,*,ドラゴンクロー,ドラゴンクロー,ドラゴンクロー
ウイングブレード,,,15000,名詞,一般,*,*,*,*,ウイングブレード,ウイングブレード,ウイングブレード
ブレード,,,15000,名詞,一般,*,*,*,*,ブレード,ブレード,ブレード
クエーサーブレイク,,,15000,名詞,一般,*,*,*,*,クエーサーブレイク,クエーサーブレイク,クエーサーブレイク
ファータイルパラドックス,,,15000,名詞,一般,*,*,*,*,ファータイルパラドックス,ファータイルパラドックス,ファータイルパラドックス
クレセントボウ,,,15000,名詞,一般,*,*,*,*,クレセントボウ,クレセントボウ,クレセントボウ
スターダストレイン,,,15000,名詞,一般,*,*,*,*,スターダストレイン,スターダストレイン,スターダストレイン
マナ,,,15000,名詞,一般,*,*,*,*,マナ,マナ,マナ
バスタードソード,,,15000,名詞,一般,*,*,*,*,バスタードソード,バスタードソード,バスタードソード
ユルガザルモノ,,,15000,名詞,一般,*,*,*,*,ユルガザルモノ,ユルガザルモノ,ユルガザルモノ
ワンマンアーミー,,,15000,名詞,一般,*,*,*,*,ワンマンアーミー,ワンマンアーミー,ワンマンアーミー
ファントムペイン,,,15000,名詞,一般,*,*,*,*,ファントムペイン,ファントムペイン,ファントムペイン
ラッキースケベ,,,15000,名詞,一般,*,*,*,*,ラッキースケベ,ラッキースケベ,ラッキースケベ
アサシネイション,,,15000,名詞,一般,*,*,*,*,アサシネイション,アサシネイション,アサシネイション
ドゥームエネミー,,,15000,名詞,一般,*,*,*,*,ドゥームエネミー,ドゥームエネミー,ドゥームエネミー
キヅクモノ,,,15000,名詞,一般,*,*,*,*,キヅクモノ,キヅクモノ,キヅクモノ
マテリアルシールド,,,15000,名詞,一般,*,*,*,*,マテリアルシールド,マテリアルシールド,マテリアルシールド
タガヤスモノ,,,15000,名詞,一般,*,*,*,*,タガヤスモノ,タガヤスモノ,タガヤスモノ
アドバンストウェポン,,,15000,名詞,一般,*,*,*,*,アドバンストウェポン,アドバンストウェポン,アドバンストウェポン
エレメンタルナイト,,,15000,名詞,一般,*,*,*,*,エレメンタルナイト,エレメンタルナイト,エレメンタルナイト
ソードウェポン,,,15000,名詞,一般,*,*,*,*,ソードウェポン,ソードウェポン,ソードウェポン
アンリミテッド,,,15000,名詞,一般,*,*,*,*,アンリミテッド,アンリミテッド,アンリミテッド
ジャスティスブリンガー,,,15000,名詞,一般,*,*,*,*,ジャスティスブリンガー,ジャスティスブリンガー,ジャスティスブリンガー
ボウウェポン,,,15000,名詞,一般,*,*,*,*,ボウウェポン,ボウウェポン,ボウウェポン
ブラックサンダー,,,15000,名詞,一般,*,*,*,*,ブラックサンダー,ブラックサンダー,ブラックサンダー
テンノサバキ,,,15000,名詞,一般,*,*,*,*,テンノサバキ,テンノサバキ,テンノサバキ
フォールンスピア,,,15000,名詞,一般,*,*,*,*,フォールンスピア,フォールンスピア,フォールンスピア
ドラゴニックボルテクス,,,15000,名詞,一般,*,*,*,*,ドラゴニックボルテクス,ドラゴニックボルテクス,ドラゴニックボルテクス
ヒュージシールド,,,15000,名詞,一般,*,*,*,*,ヒュージシールド,ヒュージシールド,ヒュージシールド
ブラフ,,,15000,名詞,一般,*,*,*,*,ブラフ,ブラフ,ブラフ
ゼロフィルウェーブ,,,15000,名詞,一般,*,*,*,*,ゼロフィルウェーブ,ゼロフィルウェーブ,ゼロフィルウェーブ
アポテオーシス,,,15000,名詞,一般,*,*,*,*,アポテオーシス,アポテオーシス,アポテオーシス
オクト,,,15000,名詞,一般,*,*,*,*,オクト,オクト,オクト
エクスカリバー,,,15000,名詞,一般,*,*,*,*,エクスカリバー,エクスカリバー,エクスカリバー
ミニドラ,,,15000,名詞,一般,*,*,*,*,ミニドラ,ミニドラ,ミニドラ
ディープブレット,,,15000,名詞,一般,*,*,*,*,ディープブレット,ディープブレット,ディープブレット
ナビゲート,,,15000,名詞,一般,*,*,*,*,ナビゲート,ナビゲート,ナビゲート
ミディアム,,,15000,名詞,一般,*,*,*,*,ミディアム,ミディアム,ミディアム
フォールンクルセイド,,,15000,名詞,一般,*,*,*,*,フォールンクルセイド,フォールンクルセイド,フォールンクルセイド
フィフスドラゴン,,,15000,名詞,一般,*,*,*,*,フィフスドラゴン,フィフスドラゴン,フィフスドラゴン
フリージングブレス,,,15000,名詞,一般,*,*,*,*,フリージングブレス,フリージングブレス,フリージングブレス
カーディナルレイン,,,15000,名詞,一般,*,*,*,*,カーディナルレイン,カーディナルレイン,カーディナルレイン
アルティメットドミニオン,,,15000,名詞,一般,*,*,*,*,アルティメットドミニオン,アルティメットドミニオン,アルティメットドミニオン
トゥルーワード,,,15000,名詞,一般,*,*,*,*,トゥルーワード,トゥルーワード,トゥルーワード
オルタレーション,,,15000,名詞,一般,*,*,*,*,オルタレーション,オルタレーション,オルタレーション
クトゥグア,,,15000,名詞,一般,*,*,*,*,クトゥグア,クトゥグア,クトゥグア
クトゥルフ,,,15000,名詞,一般,*,*,*,*,クトゥルフ,クトゥルフ,クトゥルフ
クトゥルウ,,,15000,名詞,一般,*,*,*,*,クトゥルウ,クトゥルウ,クトゥルウ
スノークリスタル,,,15000,名詞,一般,*,*,*,*,スノークリスタル,スノークリスタル,スノークリスタル
スピリチュアルダイブ,,,15000,名詞,一般,*,*,*,*,スピリチュアルダイブ,スピリチュアルダイブ,スピリチュアルダイブ
イグニッション,,,15000,名詞,一般,*,*,*,*,イグニッション,イグニッション,イグニッション
ホワイトアウトアブソーブ,,,15000,名詞,一般,*,*,*,*,ホワイトアウトアブソーブ,ホワイトアウトアブソーブ,ホワイトアウトアブソーブ
セセイション・ロスト,,,15000,名詞,一般,*,*,*,*,セセイション・ロスト,セセイション・ロスト,セセイション、ロスト
ソリディフィケーション,,,15000,名詞,一般,*,*,*,*,ソリディフィケーション,ソリディフィケーション,ソリディフィケーション
アブソーブ,,,15000,名詞,一般,*,*,*,*,アブソーブ,アブソーブ,アブソーブ
デスブリザード,,,15000,名詞,一般,*,*,*,*,デスブリザード,デスブリザード,デスブリザード
セレスティアルエンド,,,15000,名詞,一般,*,*,*,*,セレスティアルエンド,セレスティアルエンド,セレスティアルエンド
ダークネビュラ,,,15000,名詞,一般,*,*,*,*,ダークネビュラ,ダークネビュラ,ダークネビュラ
スターブレイカー,,,15000,名詞,一般,*,*,*,*,スターブレイカー,スターブレイカー,スターブレイカー
ジェネシス,,,15000,名詞,一般,*,*,*,*,ジェネシス,ジェネシス,ジェネシス
プリミティブマジック,,,15000,名詞,一般,*,*,*,*,プリミティブマジック,プリミティブマジック,プリミティブマジック
アカシックレコード,,,15000,名詞,一般,*,*,*,*,アカシックレコード,アカシックレコード,アカシックレコード
クロノサルテーション,,,15000,名詞,一般,*,*,*,*,クロノサルテーション,クロノサルテーション,クロノサルテーション
ディストピア,,,15000,名詞,一般,*,*,*,*,ディストピア,ディストピア,ディストピア
タイムリープ,,,15000,名詞,一般,*,*,*,*,タイムリープ,タイムリープ,タイムリープ
ノーデンス,,,15000,名詞,一般,*,*,*,*,ノーデンス,ノーデンス,ノーデンス
エレメンタル・ザ・ワールド,,,15000,名詞,一般,*,*,*,*,エレメンタル・ザ・ワールド,エレメンタルザワールド,エレメンタル、ザ、ワールド
エンド・ヴァイブレーション,,,15000,名詞,一般,*,*,*,*,エンド・ヴァイブレーション,エンドヴァイブレーション,エンド、ヴァイブレーション
アイスナーガ,,,15000,名詞,一般,*,*,*,*,アイスナーガ,アイスナーガ,アイスナーガ
アイスブレット,,,15000,名詞,一般,*,*,*,*,アイスブレット,アイスブレット,アイスブレット
アナグラムマジック,,,15000,名詞,一般,*,*,*,*,アナグラムマジック,アナグラムマジック,アナグラムマジック
イマジナリーブロウ,,,15000,名詞,一般,*,*,*,*,イマジナリーブロウ,イマジナリーブロウ,イマジナリーブロウ
ウェーブブラスト,,,15000,名詞,一般,*,*,*,*,ウェーブブラスト,ウェーブブラスト,ウェーブブラスト
エアブラスト,,,15000,名詞,一般,*,*,*,*,エアブラスト,エアブラスト,エアブラスト
エーテルリングバリア,,,15000,名詞,一般,*,*,*,*,エーテルリングバリア,エーテルリングバリア,エーテルリングバリア
エストロゲン,,,15000,名詞,一般,*,*,*,*,エストロゲン,エストロゲン,エストロゲン
エレメンタルフュージョン,,,15000,名詞,一般,*,*,*,*,エレメンタルフュージョン,エレメンタルフュージョン,エレメンタルフュージョン
オートバトルモード,,,15000,名詞,一般,*,*,*,*,オートバトルモード,オートバトルモード,オートバトルモード
オートマータ,,,15000,名詞,一般,*,*,*,*,オートマータ,オートマータ,オートマータ
オキシトシン,,,15000,名詞,一般,*,*,*,*,オキシトシン,オキシトシン,オキシトシン
カラミティ,,,15000,名詞,一般,*,*,*,*,カラミティ,カラミティ,カラミティ
ギガバスター,,,15000,名詞,一般,*,*,*,*,ギガバスター,ギガバスター,ギガバスター
キャンプファイアー,,,15000,名詞,一般,*,*,*,*,キャンプファイアー,キャンプファイアー,キャンプファイアー
クナイ,,,15000,名詞,一般,*,*,*,*,クナイ,クナイ,クナイ
グリードサーカス,,,15000,名詞,一般,*,*,*,*,グリードサーカス,グリードサーカス,グリードサーカス
クリエイトウェポン,,,15000,名詞,一般,*,*,*,*,クリエイトウェポン,クリエイトウェポン,クリエイトウェポン
グローリーナイツ,,,15000,名詞,一般,*,*,*,*,グローリーナイツ,グローリーナイツ,グローリーナイツ
グローリーナイト,,,15000,名詞,一般,*,*,*,*,グローリーナイト,グローリーナイト,グローリーナイト
サイバーボディ,,,15000,名詞,一般,*,*,*,*,サイバーボディ,サイバーボディ,サイバーボディ
サイボーグソルジャー,,,15000,名詞,一般,*,*,*,*,サイボーグソルジャー,サイボーグソルジャー,サイボーグソルジャー
サムズアップ,,,15000,名詞,一般,*,*,*,*,サムズアップ,サムズアップ,サムズアップ
サモナー,,,15000,名詞,一般,*,*,*,*,サモナー,サモナー,サモナー
サンドスコーピオン,,,15000,名詞,一般,*,*,*,*,サンドスコーピオン,サンドスコーピオン,サンドスコーピオン
ダークサモナー,,,15000,名詞,一般,*,*,*,*,ダークサモナー,ダークサモナー,ダークサモナー
タイタニウム,,,15000,名詞,一般,*,*,*,*,タイタニウム,タイタニウム,タイタニウム
ツインサーペント,,,15000,名詞,一般,*,*,*,*,ツインサーペント,ツインサーペント,ツインサーペント
ディファレントゲート,,,15000,名詞,一般,*,*,*,*,ディファレントゲート,ディファレントゲート,ディファレントゲート
テンペストエアライン,,,15000,名詞,一般,*,*,*,*,テンペストエアライン,テンペストエアライン,テンペストエアライン
ドラゴーーーーン,,,15000,名詞,一般,*,*,*,*,ドラゴーーーーン,ドラゴーーーーン,ドラゴーーーーン
ドラゴニックアーマー,,,15000,名詞,一般,*,*,*,*,ドラゴニックアーマー,ドラゴニックアーマー,ドラゴニックアーマー
ドラゴンパーーーンチ,,,15000,名詞,一般,*,*,*,*,ドラゴンパーーーンチ,ドラゴンパーーーンチ,ドラゴンパーーーンチ
ドリルブレイク,,,15000,名詞,一般,*,*,*,*,ドリルブレイク,ドリルブレイク,ドリルブレイク
ニュートロンランチャー,,,15000,名詞,一般,*,*,*,*,ニュートロンランチャー,ニュートロンランチャー,ニュートロンランチャー
バイオノイド,,,15000,名詞,一般,*,*,*,*,バイオノイド,バイオノイド,バイオノイド
ハイパーインパクト,,,15000,名詞,一般,*,*,*,*,ハイパーインパクト,ハイパーインパクト,ハイパーインパクト
バスターナックル,,,15000,名詞,一般,*,*,*,*,バスターナックル,バスターナックル,バスターナックル
パラサイトブレスレット,,,15000,名詞,一般,*,*,*,*,パラサイトブレスレット,パラサイトブレスレット,パラサイトブレスレット
パワードアーマー,,,15000,名詞,一般,*,*,*,*,パワードアーマー,パワードアーマー,パワードアーマー
パワードスーツ,,,15000,名詞,一般,*,*,*,*,パワードスーツ,パワードスーツ,パワードスーツ
バンカーバスター,,,15000,名詞,一般,*,*,*,*,バンカーバスター,バンカーバスター,バンカーバスター
ヒートニードル,,,15000,名詞,一般,*,*,*,*,ヒートニードル,ヒートニードル,ヒートニードル
ファータイルパラドックス,,,15000,名詞,一般,*,*,*,*,ファータイルパラドックス,ファータイルパラドックス,ファータイルパラドックス
プラズマガトリング,,,15000,名詞,一般,*,*,*,*,プラズマガトリング,プラズマガトリング,プラズマガトリング
ブランチャ,,,15000,名詞,一般,*,*,*,*,ブランチャ,ブランチャ,ブランチャ
フリージングダンス,,,15000,名詞,一般,*,*,*,*,フリージングダンス,フリージングダンス,フリージングダンス
プリミティブワード,,,15000,名詞,一般,*,*,*,*,プリミティブワード,プリミティブワード,プリミティブワード
ヘドログリフォン,,,15000,名詞,一般,*,*,*,*,ヘドログリフォン,ヘドログリフォン,ヘドログリフォン
ポイズンタイガー,,,15000,名詞,一般,*,*,*,*,ポイズンタイガー,ポイズンタイガー,ポイズンタイガー
ポイズンブラッド,,,15000,名詞,一般,*,*,*,*,ポイズンブラッド,ポイズンブラッド,ポイズンブラッド
マーダードッグ,,,15000,名詞,一般,*,*,*,*,マーダードッグ,マーダードッグ,マーダードッグ
マシーナリーアーツ,,,15000,名詞,一般,*,*,*,*,マシーナリーアーツ,マシーナリーアーツ,マシーナリーアーツ
マシーナリーフォー,,,15000,名詞,一般,*,*,*,*,マシーナリーフォー,マシーナリーフォー,マシーナリーフォー
マジックジャマー,,,15000,名詞,一般,*,*,*,*,マジックジャマー,マジックジャマー,マジックジャマー
マジュジュ,,,15000,名詞,一般,*,*,*,*,マジュジュ,マジュジュ,マジュジュ
ラミティ,,,15000,名詞,一般,*,*,*,*,ラミティ,ラミティ,ラミティ
レーション,,,15000,名詞,一般,*,*,*,*,レーション,レーション,レーション
ローダラーン,,,15000,名詞,一般,*,*,*,*,ローダラーン,ローダラーン,ローダラーン
ロケットパーーーーーンチ,,,15000,名詞,一般,*,*,*,*,ロケットパーーーーーンチ,ロケットパーーーーーンチ,ロケットパーーーーーンチ
ロックエレファント,,,15000,名詞,一般,*,*,*,*,ロックエレファント,ロックエレファント,ロックエレファント
ロボティクスユートピア,,,15000,名詞,一般,*,*,*,*,ロボティクスユートピア,ロボティクスユートピア,ロボティクスユートピア
クアーーーハハハハハ,,,15000,副詞,一般,*,*,*,*,クアーーーハハハハハ,クアーーーハハハハハ,クアーーーハハハハハ
パァーーーーーン,,,15000,副詞,一般,*,*,*,*,パァーーーーーン,パァーーーーーン,パァーーーーーン
クアハハハ,,,15000,副詞,一般,*,*,*,*,クアハハハ,クアハハハ,クアハハハ
クハッ,,,15000,副詞,一般,*,*,*,*,クハッ,クハッ,クハッ
クハハハハ,,,15000,副詞,一般,*,*,*,*,クハハハハ,クハハハハ,クハハハハ
クアハハハッ,,,15000,副詞,一般,*,*,*,*,クアハハハッ,クアハハハッ,クアハハハッ
クアーーーハッハッハ,,,15000,副詞,一般,*,*,*,*,クアーーーハッハッハ,クアーーーハッハッハ,クアーーーハッハッハ
ブキュイーーー,,,15000,副詞,一般,*,*,*,*,ブキュイーーー,ブキュイーーー,ブキュイーーー
クアーーー,,,15000,副詞,一般,*,*,*,*,クアーーー,クアーーー,クアーーー
グヌゥ,,,15000,副詞,一般,*,*,*,*,グヌゥ,グヌゥ,グヌゥ
ぐぬうぅ,,,15000,副詞,一般,*,*,*,*,ぐぬうぅ,グヌウゥ,グヌウゥ
グワァッハハハハハ,,,15000,副詞,一般,*,*,*,*,グワァッハハハハハ,グワァッハハハハハ,グワァッハハハハハ
ワハハハハ,,,15000,副詞,一般,*,*,*,*,ワハハハハ,ワハハハハ,ワハハハハ
クハ,,,15000,副詞,一般,*,*,*,*,クハ,クハ,クハ
クハハハハハ,,,15000,副詞,一般,*,*,*,*,クハハハハハ,クハハハハハ,クハハハハハ
キュィ,,,15000,副詞,一般,*,*,*,*,キュィ,キュィ,キュィ
キュィーー,,,15000,副詞,一般,*,*,*,*,キュィーー,キュィーー,キュィーー
クア,,,15000,副詞,一般,*,*,*,*,クア,クア,クア
クァーーーッハッハッハ,,,15000,副詞,一般,*,*,*,*,クァーーーッハッハッハ,クァーーーッハッハッハ,クァーーーッハッハッハ
クアーーーッハッハッハッ,,,15000,副詞,一般,*,*,*,*,クアーーーッハッハッハッ,クアーーーッハッハッハッ,クアーーーッハッハッハッ
クアーーーッハッハッハッハ,,,15000,副詞,一般,*,*,*,*,クアーーーッハッハッハッハ,クアーーーッハッハッハッハ,クアーーーッハッハッハッハ
クァーッハッハッハッ,,,15000,副詞,一般,*,*,*,*,クァーッハッハッハッ,クァーッハッハッハッ,クァーッハッハッハッ
クアッハッハッハ,,,15000,副詞,一般,*,*,*,*,クアッハッハッハ,クアッハッハッハ,クアッハッハッハ
クィッ,,,15000,副詞,一般,*,*,*,*,クィッ,クィッ,クィッ
クッハッハ,,,15000,副詞,一般,*,*,*,*,クッハッハ,クッハッハ,クッハッハ
クッハッハッハッハッハ,,,15000,副詞,一般,*,*,*,*,クッハッハッハッハッハ,クッハッハッハッハッハ,クッハッハッハッハッハ
クハハ,,,15000,副詞,一般,*,*,*,*,クハハ,クハハ,クハハ
クハハハ,,,15000,副詞,一般,*,*,*,*,クハハハ,クハハハ,クハハハ
グルァアアアーーーー,,,15000,副詞,一般,*,*,*,*,グルァアアアーーーー,グルァアアアーーーー,グルァアアアーーーー
グワーーーッ,,,15000,副詞,一般,*,*,*,*,グワーーーッ,グワーーーッ,グワーーーッ
ゴブイチ,,,15000,副詞,一般,*,*,*,*,ゴブイチ,ゴブイチ,ゴブイチ
コラプサー,,,15000,副詞,一般,*,*,*,*,コラプサー,コラプサー,コラプサー
ハーーーッハッハッハ,,,15000,副詞,一般,*,*,*,*,ハーーーッハッハッハ,ハーーーッハッハッハ,ハーーーッハッハッハ
ハーーーハッハッハ,,,15000,副詞,一般,*,*,*,*,ハーーーハッハッハ,ハーーーハッハッハ,ハーーーハッハッハ
ワハハハハハ,,,15000,副詞,一般,*,*,*,*,ワハハハハハ,ワハハハハハ,ワハハハハハ
クソボケ,,,15000,名詞,一般,*,*,*,*,クソボケ,クソボケ,クソボケ
グレートソード,,,15000,名詞,一般,*,*,*,*,グレートソード,グレートソード,グレートソード
クソトカゲ,,,15000,名詞,一般,*,*,*,*,クソトカゲ,クソトカゲ,クソトカゲ
マジックソード,,,15000,名詞,一般,*,*,*,*,マジックソード,マジックソード,マジックソード
サリエル,,,15000,名詞,固有名詞,人名,一般,*,*,サリエル,サリエル,サリエル
ゼロ,,,15000,名詞,固有名詞,人名,一般,*,*,ゼロ,ゼロ,ゼロ
ガラシャ,,,15000,名詞,固有名詞,人名,一般,*,*,ガラシャ,ガラシャ,ガラシャ
ルシア,,,15000,名詞,固有名詞,人名,一般,*,*,ルシア,ルシア,ルシア
崩羽,,,15000,名詞,一般,*,*,*,*,崩羽,クズハ,クズハ
ウィリアム・ロアーズ,,,15000,名詞,固有名詞,人名,一般,*,*,ウィリアム・ロアーズ,ウィリアム・ロアーズ,ウィリアム・ロアーズ
ウィリアム,,,15000,名詞,固有名詞,人名,一般,*,*,ウィリアム,ウィリアム,ウィリアム
ユリウス,,,15000,名詞,固有名詞,人名,一般,*,*,ユリウス,ユリウス,ユリウス
シャルマ,,,15000,名詞,固有名詞,人名,一般,*,*,シャルマ,シャルマ,シャルマ
ガーディアンドール,,,15000,名詞,一般,*,*,*,*,ガーディアンドール,ガーディアンドール,ガーディアンドール
ヴェルドラソード,,,15000,名詞,一般,*,*,*,*,ヴェルドラソード,ヴェルドラソード,ヴェルドラソード
インテリジェンスソード,,,15000,名詞,一般,*,*,*,*,インテリジェンスソード,インテリジェンスソード,インテリジェンスソード
レールキャノン,,,15000,名詞,一般,*,*,*,*,レールキャノン,レールキャノン,レールキャノン
破界,,,15000,名詞,一般,*,*,*,*,破界,ハカイ,ハカイ
ナスカ,,,15000,名詞,一般,*,*,*,*,ナスカ,ナスカ,ナスカ
ノーマルソード,,,15000,名詞,一般,*,*,*,*,ノーマルソード,ノーマルソード,ノーマルソード
ハーフエルフ,,,15000,名詞,一般,*,*,*,*,ハーフエルフ,ハーフエルフ,ハーフエルフ
エルメシア,,,15000,名詞,一般,*,*,*,*,エルメシア,エルメシア,エルメシア
ユニークモンスター,,,15000,名詞,一般,*,*,*,*,ユニークモンスター,ユニークモンスター,ユニークモンスター
ゴブリンライダー,,,15000,名詞,一般,*,*,*,*,ゴブリンライダー,ゴブリンライダー,ゴブリンライダー
エリクサー,,,15000,名詞,一般,*,*,*,*,エリクサー,エリクサー,エリクサー
オークキング,,,15000,名詞,一般,*,*,*,*,オークキング,オークキング,オークキング
クレイマン,,,15000,名詞,一般,*,*,*,*,クレイマン,クレイマン,クレイマン
アンデットキング,,,15000,名詞,一般,*,*,*,*,アンデットキング,アンデットキング,アンデットキング
アダルマン,,,15000,名詞,一般,*,*,*,*,アダルマン,アダルマン,アダルマン
フロアボス,,,15000,名詞,一般,*,*,*,*,フロアボス,フロアボス,フロアボス
クリシュナ,,,15000,名詞,一般,*,*,*,*,クリシュナ,クリシュナ,クリシュナ
セントラルコア,,,15000,名詞,一般,*,*,*,*,セントラルコア,セントラルコア,セントラルコア
アルベルト,,,15000,名詞,一般,*,*,*,*,アルベルト,アルベルト,アルベルト
アリオス,,,15000,名詞,一般,*,*,*,*,アリオス,アリオス,アリオス
本須,,,15000,名詞,固有名詞,人名,姓,*,*,本須,モトス,モトス
古城,,,15000,名詞,固有名詞,人名,姓,*,*,古城,フルキ,フルキ
ウィリアム・ロアーズ,,,15000,名詞,固有名詞,人名,一般,*,*,ウィリアム・ロアーズ,ウィリアム・ロアーズ,ウィリアムロアーズ
シャルル,,,15000,名詞,固有名詞,人名,名,*,*,シャルル,シャルル,シャルル
エンド・オブ・ワールド,,,15000,名詞,一般,*,*,*,*,エンド・オブ・ワールド,エンド・オブ・ワールド,エンドオブワールド
モンスターランド,,,15000,名詞,一般,*,*,*,*,モンスターランド,モンスターランド,モンスターランド
トゥーリィ,,,15000,名詞,固有名詞,人名,名,*,*,トゥーリィ,トゥーリィ,トゥーリィ
トゥーリッ,,,15000,名詞,固有名詞,人名,名,*,*,トゥーリッ,トゥーリッ,トゥーリッ
ハイルリーゼ,,,15000,名詞,一般,*,*,*,*,ハイルリーゼ,ハイルリーゼ,ハイルリーゼ
ラザンタルク,,,15000,名詞,一般,*,*,*,*,ラザンタルク,ラザンタルク,ラザンタルク
ケントリプス,,,15000,名詞,一般,*,*,*,*,ケントリプス,ケントリプス,ケントリプス
ブルーメフェルト,,,15000,名詞,一般,*,*,*,*,ブルーメフェルト,ブルーメフェルト,ブルーメフェルト
コリンツダウム,,,15000,名詞,一般,*,*,*,*,コリンツダウム,コリンツダウム,コリンツダウム
ガウスビュッテル,,,15000,名詞,一般,*,*,*,*,ガウスビュッテル,ガウスビュッテル,ガウスビュッテル
アインリーベ,,,15000,名詞,一般,*,*,*,*,アインリーベ,アインリーベ,アインリーベ
ラオフェレーグ,,,15000,名詞,一般,*,*,*,*,ラオフェレーグ,ラオフェレーグ,ラオフェレーグ
ルングターゼ,,,15000,名詞,一般,*,*,*,*,ルングターゼ,ルングターゼ,ルングターゼ
ルイポルト,,,15000,名詞,一般,*,*,*,*,ルイポルト,ルイポルト,ルイポルト
ベルシュマン,,,15000,名詞,一般,*,*,*,*,ベルシュマン,ベルシュマン,ベルシュマン
ノイエハウゼン,,,15000,名詞,一般,*,*,*,*,ノイエハウゼン,ノイエハウゼン,ノイエハウゼン
レームブルック,,,15000,名詞,一般,*,*,*,*,レームブルック,レームブルック,レームブルック
エラントゥーラ,,,15000,名詞,一般,*,*,*,*,エラントゥーラ,エラントゥーラ,エラントゥーラ
アウブ・コリンツダウム,,,15000,名詞,一般,*,*,*,*,アウブ・コリンツダウム,アウブ・コリンツダウム,アウブ・コリンツダウム
ボーネルビス,,,15000,名詞,一般,*,*,*,*,ボーネルビス,ボーネルビス,ボーネルビス
ヘルルーガ,,,15000,名詞,一般,*,*,*,*,ヘルルーガ,ヘルルーガ,ヘルルーガ
ヴェントゥヒーテ,,,15000,名詞,一般,*,*,*,*,ヴェントゥヒーテ,ヴェントゥヒーテ,ヴェントゥヒーテ
シュテルラート,,,15000,名詞,一般,*,*,*,*,シュテルラート,シュテルラート,シュテルラート
ディナン,,,15000,名詞,一般,*,*,*,*,ディナン,ディナン,ディナン
ツエルプベルク,,,15000,名詞,一般,*,*,*,*,ツエルプベルク,ツエルプベルク,ツエルプベルク
シュルーメ,,,15000,名詞,一般,*,*,*,*,シュルーメ,シュルーメ,シュルーメ
ゼレール,,,15000,名詞,一般,*,*,*,*,ゼレール,ゼレール,ゼレール
ブレンヴェルメ,,,15000,名詞,一般,*,*,*,*,ブレンヴェルメ,ブレンヴェルメ,ブレンヴェルメ
ヘルヴォル,,,15000,名詞,一般,*,*,*,*,ヘルヴォル,ヘルヴォル,ヘルヴォル
ジークリンデ,,,15000,名詞,一般,*,*,*,*,ジークリンデ,ジークリンデ,ジークリンデ
エルーシア,,,15000,名詞,一般,*,*,*,*,エルーシア,エルーシア,エルーシア
ヴェントンヒーテ,,,15000,名詞,一般,*,*,*,*,ヴェントンヒーテ,ヴェントンヒーテ,ヴェントンヒーテ
メリヤ,,,15000,名詞,一般,*,*,*,*,メリヤ,メリヤ,メリヤ
オカラホットケーキ,,,15000,名詞,一般,*,*,*,*,オカラホットケーキ,オカラホットケーキ,オカラホットケーキ
パルゥケーキ,,,15000,名詞,一般,*,*,*,*,パルゥケーキ,パルゥケーキ,パルゥケーキ
オカラハンバーグ,,,15000,名詞,一般,*,*,*,*,オカラハンバーグ,オカラハンバーグ,オカラハンバーグ
パルゥバーグ,,,15000,名詞,一般,*,*,*,*,パルゥバーグ,パルゥバーグ,パルゥバーグ
ネンドバン,,,15000,名詞,一般,*,*,*,*,ネンドバン,ネンドバン,ネンドバン
ギルドカード,,,15000,名詞,一般,*,*,*,*,ギルドカード,ギルドカード,ギルドカード
エディル,,,15000,名詞,一般,*,*,*,*,エディル,エディル,エディル
スラーモ,,,15000,名詞,一般,*,*,*,*,スラーモ,スラーモ,スラーモ
スーラモ,,,15000,名詞,一般,*,*,*,*,スーラモ,スーラモ,スーラモ
メリル,,,15000,名詞,一般,*,*,*,*,メリル,メリル,メリル
シュピンネ,,,15000,名詞,一般,*,*,*,*,シュピンネ,シュピンネ,シュピンネ
レグラース,,,15000,名詞,一般,*,*,*,*,レグラース,レグラース,レグラース
レージ,,,15000,名詞,一般,*,*,*,*,レージ,レージ,レージ
カンイチャンリンシャン,,,15000,名詞,一般,*,*,*,*,カンイチャンリンシャン,カンイチャンリンシャン,カンイチャンリンシャン
ポカン,,,15000,副詞,一般,*,*,*,*,ポカン,ポカン,ポカン
ニヨニヨ,,,15000,副詞,一般,*,*,*,*,ニヨニヨ,ニヨニヨ,ニヨニヨ
ぎっちり,,,15000,副詞,一般,*,*,*,*,ぎっちり,ぎっちり,ギッチリ
ぐわんぐわんと,,,15000,副詞,一般,*,*,*,*,ぐわんぐわんと,ぐわんぐわんと,グワングワント
ガッシャガッシャ,,,15000,副詞,一般,*,*,*,*,ガッシャガッシャ,ガッシャガッシャ,ガッシャガッシャ
バタン,,,15000,副詞,一般,*,*,*,*,バタン,バタン,バタン
ズザザザ,,,15000,副詞,一般,*,*,*,*,ズザザザ,ズザザザ,ズザザザ
ギシッギシッ,,,15000,副詞,一般,*,*,*,*,ギシッギシッ,ギシッギシッ,ギシッギシッ
カッポカッポ,,,15000,副詞,一般,*,*,*,*,カッポカッポ,カッポカッポ,カッポカッポ
ぎっちりと,,,15000,副詞,一般,*,*,*,*,ぎっちりと,ぎっちりと,ギッチリト
ポテポテ,,,15000,副詞,一般,*,*,*,*,ポテポテ,ポテポテ,ポテポテ
ブシャアッ,,,15000,副詞,一般,*,*,*,*,ブシャアッ,ブシャアッ,ブシャアッ
ピシピシッ,,,15000,副詞,一般,*,*,*,*,ピシピシッ,ピシピシッ,ピシピシッ
ダメッ,,,15000,副詞,一般,*,*,*,*,ダメッ,ダメッ,ダメッ
ダバッ,,,15000,副詞,一般,*,*,*,*,ダバッ,ダバッ,ダバッ
クピクピッ,,,15000,副詞,一般,*,*,*,*,クピクピッ,クピクピッ,クピクピッ
プハーッ,,,15000,副詞,一般,*,*,*,*,プハーッ,プハーッ,プハーッ
ジョリジョリ,,,15000,副詞,一般,*,*,*,*,ジョリジョリ,ジョリジョリ,ジョリジョリ
パキン,,,15000,副詞,一般,*,*,*,*,パキン,パキン,パキン
ザカザカ,,,15000,副詞,一般,*,*,*,*,ザカザカ,ザカザカ,ザカザカ
ドナドナ,,,15000,副詞,一般,*,*,*,*,ドナドナ,ドナドナ,ドナドナ
ペイッ,,,15000,副詞,一般,*,*,*,*,ペイッ,ペイッ,ペイッ
ブスッ,,,15000,副詞,一般,*,*,*,*,ブスッ,ブスッ,ブスッ
ドッパドッパ,,,15000,副詞,一般,*,*,*,*,ドッパドッパ,ドッパドッパ,ドッパドッパ
ゴロン,,,15000,副詞,一般,*,*,*,*,ゴロン,ゴロン,ゴロン
ジュウウゥゥ,,,15000,副詞,一般,*,*,*,*,ジュウウゥゥ,ジュウウゥゥ,ジュウウゥゥ
テンパ,,,15000,副詞,一般,*,*,*,*,テンパ,テンパ,テンパ
ぴとりと,,,15000,副詞,一般,*,*,*,*,ぴとりと,ぴとりと,ピトリト
ザリザリザリザリ,,,15000,副詞,一般,*,*,*,*,ザリザリザリザリ,ザリザリザリザリ,ザリザリザリザリ
ザリザリ,,,15000,副詞,一般,*,*,*,*,ザリザリ,ザリザリ,ザリザリ
ガッガッガッ,,,15000,副詞,一般,*,*,*,*,ガッガッガッ,ガッガッガッ,ガッガッガッ
ぐにぐにこねこねして,,,15000,副詞,一般,*,*,*,*,ぐにぐにこねこねして,ぐにぐにこねこねして,グニグニコネコネシテ
バカバカバカ,,,15000,副詞,一般,*,*,*,*,バカバカバカ,バカバカバカ,バカバカバカ
バカーン,,,15000,副詞,一般,*,*,*,*,バカーン,バカーン,バカーン
ポンコツ,,,15000,副詞,一般,*,*,*,*,ポンコツ,ポンコツ,ポンコツ
ズビッ,,,15000,副詞,一般,*,*,*,*,ズビッ,ズビッ,ズビッ
ゴトン,,,15000,副詞,一般,*,*,*,*,ゴトン,ゴトン,ゴトン
ダンッ,,,15000,副詞,一般,*,*,*,*,ダンッ,ダンッ,ダンッ
プチッ,,,15000,副詞,一般,*,*,*,*,プチッ,プチッ,プチッ
カクン,,,15000,副詞,一般,*,*,*,*,カクン,カクン,カクン
チカッ,,,15000,副詞,一般,*,*,*,*,チカッ,チカッ,チカッ
ショリショリ,,,15000,副詞,一般,*,*,*,*,ショリショリ,ショリショリ,ショリショリ
クーピー,,,15000,副詞,一般,*,*,*,*,クーピー,クーピー,クーピー
パパパパン,,,15000,副詞,一般,*,*,*,*,パパパパン,パパパパン,パパパパン
パパン,,,15000,副詞,一般,*,*,*,*,パパン,パパン,パパン
クンクン,,,15000,副詞,一般,*,*,*,*,クンクン,クンクン,クンクン
ダパッ,,,15000,副詞,一般,*,*,*,*,ダパッ,ダパッ,ダパッ
ジュワジュワ,,,15000,副詞,一般,*,*,*,*,ジュワジュワ,ジュワジュワ,ジュワジュワ
ガニガニ,,,15000,副詞,一般,*,*,*,*,ガニガニ,ガニガニ,ガニガニ
プラプラ,,,15000,副詞,一般,*,*,*,*,プラプラ,プラプラ,プラプラ
ペロッ,,,15000,副詞,一般,*,*,*,*,ペロッ,ペロッ,ペロッ
ぷくりと,,,15000,副詞,一般,*,*,*,*,ぷくりと,ぷくりと,プクリト
バクンバクン,,,15000,副詞,一般,*,*,*,*,バクンバクン,バクンバクン,バクンバクン
ドカドカ,,,15000,副詞,一般,*,*,*,*,ドカドカ,ドカドカ,ドカドカ
ズワン,,,15000,副詞,一般,*,*,*,*,ズワン,ズワン,ズワン
ムキムキ,,,15000,副詞,一般,*,*,*,*,ムキムキ,ムキムキ,ムキムキ
ペシリ,,,15000,副詞,一般,*,*,*,*,ペシリ,ペシリ,ペシリ
ポトン,,,15000,副詞,一般,*,*,*,*,ポトン,ポトン,ポトン
ザザッ,,,15000,副詞,一般,*,*,*,*,ザザッ,ザザッ,ザザッ
トロン,,,15000,副詞,一般,*,*,*,*,トロン,トロン,トロン
ぷらぷらと,,,15000,副詞,一般,*,*,*,*,ぷらぷらと,ぷらぷらと,プラプラト
クラン,,,15000,副詞,一般,*,*,*,*,クラン,クラン,クラン
ドキリ,,,15000,副詞,一般,*,*,*,*,ドキリ,ドキリ,ドキリ
チャリチャリ,,,15000,副詞,一般,*,*,*,*,チャリチャリ,チャリチャリ,チャリチャリ
ぎゅぅっと,,,15000,副詞,一般,*,*,*,*,ぎゅぅっと,ぎゅぅっと,ギュゥット
ヤキモチ,,,15000,副詞,一般,*,*,*,*,ヤキモチ,ヤキモチ,ヤキモチ
バクッ,,,15000,副詞,一般,*,*,*,*,バクッ,バクッ,バクッ
むぐむぐと,,,15000,副詞,一般,*,*,*,*,むぐむぐと,むぐむぐと,ムグムグト
ツルプル,,,15000,副詞,一般,*,*,*,*,ツルプル,ツルプル,ツルプル
ポソリ,,,15000,副詞,一般,*,*,*,*,ポソリ,ポソリ,ポソリ
ぎろりと,,,15000,副詞,一般,*,*,*,*,ぎろりと,ぎろりと,ギロリト
ヌースト,,,15000,副詞,一般,*,*,*,*,ヌースト,ヌースト,ヌースト
チャリチャリン,,,15000,副詞,一般,*,*,*,*,チャリチャリン,チャリチャリン,チャリチャリン
ぷくぅっと,,,15000,副詞,一般,*,*,*,*,ぷくぅっと,ぷくぅっと,プクゥット
プツリ,,,15000,副詞,一般,*,*,*,*,プツリ,プツリ,プツリ
グオォォッ,,,15000,副詞,一般,*,*,*,*,グオォォッ,グオォォッ,グオォォッ
ぎゅぎゅっとまとめて,,,15000,副詞,一般,*,*,*,*,ぎゅぎゅっとまとめて,ぎゅぎゅっとまとめて,ギュギュットマトメテ
トプン,,,15000,副詞,一般,*,*,*,*,トプン,トプン,トプン
ザパァッ,,,15000,副詞,一般,*,*,*,*,ザパァッ,ザパァッ,ザパァッ
ザパザパ,,,15000,副詞,一般,*,*,*,*,ザパザパ,ザパザパ,ザパザパ
ザパリ,,,15000,副詞,一般,*,*,*,*,ザパリ,ザパリ,ザパリ
パシャリ,,,15000,副詞,一般,*,*,*,*,パシャリ,パシャリ,パシャリ
ツッコミ,,,15000,副詞,一般,*,*,*,*,ツッコミ,ツッコミ,ツッコミ
ぷくぅと,,,15000,副詞,一般,*,*,*,*,ぷくぅと,ぷくぅと,プクゥト
ぎゅぎゅっと,,,15000,副詞,一般,*,*,*,*,ぎゅぎゅっと,ぎゅぎゅっと,ギュギュット
コロッ,,,15000,副詞,一般,*,*,*,*,コロッ,コロッ,コロッ
ょんっ,,,15000,副詞,一般,*,*,*,*,ょんっ,ょんっ,ョンッ
ダンダン,,,15000,副詞,一般,*,*,*,*,ダンダン,ダンダン,ダンダン
ガクガクブルブル,,,15000,副詞,一般,*,*,*,*,ガクガクブルブル,ガクガクブルブル,ガクガクブルブル
ぷぷっと,,,15000,副詞,一般,*,*,*,*,ぷぷっと,ぷぷっと,ププット
ホクホク,,,15000,副詞,一般,*,*,*,*,ホクホク,ホクホク,ホクホク
ペシッ,,,15000,副詞,一般,*,*,*,*,ペシッ,ペシッ,ペシッ
クピッ,,,15000,副詞,一般,*,*,*,*,クピッ,クピッ,クピッ
ピュイッ,,,15000,副詞,一般,*,*,*,*,ピュイッ,ピュイッ,ピュイッ
プツッ,,,15000,副詞,一般,*,*,*,*,プツッ,プツッ,プツッ
ケンケン,,,15000,副詞,一般,*,*,*,*,ケンケン,ケンケン,ケンケン
ププッ,,,15000,副詞,一般,*,*,*,*,ププッ,ププッ,ププッ
カツカツ,,,15000,副詞,一般,*,*,*,*,カツカツ,カツカツ,カツカツ
ゲフンゲフン,,,15000,副詞,一般,*,*,*,*,ゲフンゲフン,ゲフンゲフン,ゲフンゲフン
プイッ,,,15000,副詞,一般,*,*,*,*,プイッ,プイッ,プイッ
ドサリ,,,15000,副詞,一般,*,*,*,*,ドサリ,ドサリ,ドサリ
オハナシアイ,,,15000,副詞,一般,*,*,*,*,オハナシアイ,オハナシアイ,オハナシアイ
むぐむぐ,,,15000,副詞,一般,*,*,*,*,むぐむぐ,ムグムグ,ムグムグ
シャクシャク,,,15000,副詞,一般,*,*,*,*,シャクシャク,シャクシャク,シャクシャク
ググッ,,,15000,副詞,一般,*,*,*,*,ググッ,ググッ,ググッ
ウハウハ,,,15000,副詞,一般,*,*,*,*,ウハウハ,ウハウハ,ウハウハ
ガーッ,,,15000,副詞,一般,*,*,*,*,ガーッ,ガーッ,ガーッ
パァン,,,15000,副詞,一般,*,*,*,*,パァン,パァン,パァン
ニイッ,,,15000,副詞,一般,*,*,*,*,ニイッ,ニイッ,ニイッ
ポポイ,,,15000,副詞,一般,*,*,*,*,ポポイ,ポポイ,ポポイ
ぴらりと,,,15000,副詞,一般,*,*,*,*,ぴらりと,ピラリト,ピラリト
デコボコ,,,15000,副詞,一般,*,*,*,*,デコボコ,デコボコ,デコボコ
ざぁっと,,,15000,副詞,一般,*,*,*,*,ざぁっと,ザァット,ザァット
トクン,,,15000,副詞,一般,*,*,*,*,トクン,トクン,トクン
カルフェバター,,,15000,名詞,一般,*,*,*,*,カルフェバター,カルフェバター,カルフェバター
ギーベ・ハルデンツェル,,,15000,名詞,固有名詞,人名,一般,*,*,ギーベ・ハルデンツェル,ギーベハルデンツェル,ギーベハルデンツェル
ギーベ・ライゼガング,,,15000,名詞,固有名詞,人名,一般,*,*,ギーベ・ライゼガング,ギーベライゼガング,ギーベライゼガング
ユスティーナ,,,15000,名詞,固有名詞,人名,名,*,*,ユスティーナ,ユスティーナ,ユスティーナ
ユスティーネ,,,15000,名詞,固有名詞,人名,名,*,*,ユスティーネ,ユスティーネ,ユスティーネ
ダニロ,,,15000,名詞,固有名詞,人名,名,*,*,ダニロ,ダニロ,ダニロ
グスタフ,,,15000,名詞,固有名詞,人名,名,*,*,グスタフ,グスタフ,グスタフ
マリアンネ,,,15000,名詞,固有名詞,人名,一般,*,*,マリアンネ,マリアンネ,マリアンネ
ヘンリック,,,15000,名詞,固有名詞,人名,一般,*,*,ヘンリック,ヘンリック,ヘンリック
イマヌエル,,,15000,名詞,固有名詞,人名,一般,*,*,イマヌエル,イマヌエル,イマヌエル
ギーベ・ゲルラッハ,,,15000,名詞,固有名詞,人名,一般,*,*,ギーベ・ゲルラッハ,ギーベゲルラッハ,ギーベゲルラッハ
ノーラ,,,15000,名詞,固有名詞,人名,一般,*,*,ノーラ,ノーラ,ノーラ
フーバー,,,15000,名詞,固有名詞,人名,一般,*,*,フーバー,フーバー,フーバー
ヒルシュ,,,15000,名詞,固有名詞,人名,一般,*,*,ヒルシュ,ヒルシュ,ヒルシュ
ロウレ,,,15000,名詞,一般,*,*,*,*,ロウレ,ロウレ,ロウレ
オーバルカット,,,15000,名詞,一般,*,*,*,*,オーバルカット,オーバルカット,オーバルカット
グミモーカ,,,15000,名詞,一般,*,*,*,*,グミモーカ,グミモーカ,グミモーカ
リーガ,,,15000,名詞,一般,*,*,*,*,リーガ,リーガ,リーガ
ケンサク,,,15000,名詞,一般,*,*,*,*,ケンサク,ケンサク,ケンサク
カーリン,,,15000,名詞,一般,*,*,*,*,カーリン,カーリン,カーリン
ホレス,,,15000,名詞,一般,*,*,*,*,ホレス,ホレス,ホレス
ポン,,,15000,副詞,一般,*,*,*,*,ポン,ポン,ポン
ドサッ,,,15000,副詞,一般,*,*,*,*,ドサッ,ドサッ,ドサッ
ガチン,,,15000,副詞,一般,*,*,*,*,ガチン,ガチン,ガチン
ドドン,,,15000,副詞,一般,*,*,*,*,ドドン,ドドン,ドドン
チリン,,,15000,副詞,一般,*,*,*,*,チリン,チリン,チリン
ホホホホ,,,15000,副詞,一般,*,*,*,*,ホホホホ,ホホホホ,ホホホホ
ドキン,,,15000,副詞,一般,*,*,*,*,ドキン,ドキン,ドキン
ビターン,,,15000,副詞,一般,*,*,*,*,ビターン,ビターン,ビターン
ロウィンワルト,,,15000,名詞,固有名詞,人名,一般,*,*,ロウィンワルト,ロウィンワルト,ロウィンワルト
ゲルダ,,,15000,名詞,固有名詞,人名,一般,*,*,ゲルダ,ゲルダ,ゲルダ
フーシャ,,,15000,名詞,固有名詞,人名,一般,*,*,フーシャ,フーシャ,フーシャ
ギルベルタ,,,15000,名詞,固有名詞,人名,一般,*,*,ギルベルタ,ギルベルタ,ギルベルタ
ヨハネス,,,15000,名詞,固有名詞,人名,一般,*,*,ヨハネス,ヨハネス,ヨハネス
マインツー,,,15000,名詞,固有名詞,人名,一般,*,*,マインツー,マインツー,マインツー
マルグリット,,,15000,名詞,固有名詞,人名,一般,*,*,マルグリット,マルグリット,マルグリット
グスタフ,,,15000,名詞,固有名詞,人名,一般,*,*,グスタフ,グスタフ,グスタフ
リーゼ,,,15000,名詞,固有名詞,人名,一般,*,*,リーゼ,リーゼ,リーゼ
エーミール,,,15000,名詞,固有名詞,人名,一般,*,*,エーミール,エーミール,エーミール
エッボ,,,15000,名詞,固有名詞,人名,一般,*,*,エッボ,エッボ,エッボ
バルツ,,,15000,名詞,固有名詞,人名,一般,*,*,バルツ,バルツ,バルツ
ノルト,,,15000,名詞,固有名詞,人名,一般,*,*,ノルト,ノルト,ノルト
エゴン,,,15000,名詞,固有名詞,人名,一般,*,*,エゴン,エゴン,エゴン
ギード,,,15000,名詞,固有名詞,人名,一般,*,*,ギード,ギード,ギード
ミニジル,,,15000,名詞,固有名詞,人名,一般,*,*,ミニジル,ミニジル,ミニジル
ホルガー,,,15000,名詞,固有名詞,地域,一般,*,*,ホルガー,ホルガー,ホルガー
ルトベーレ,,,15000,名詞,一般,*,*,*,*,ルトベーレ,ルトベーレ,ルトベーレ
ヴァントール,,,15000,名詞,一般,*,*,*,*,ヴァントール,ヴァントール,ヴァントール
グラウヴァーシュ,,,15000,名詞,一般,*,*,*,*,グラウヴァーシュ,グラウヴァーシュ,グラウヴァーシュ
ティーフガフト,,,15000,名詞,一般,*,*,*,*,ティーフガフト,ティーフガフト,ティーフガフト
カルフェサラダ,,,15000,名詞,一般,*,*,*,*,カルフェサラダ,カルフェサラダ,カルフェサラダ
カルフェ,,,15000,名詞,一般,*,*,*,*,カルフェ,カルフェ,カルフェ
ディアンプルーラ,,,15000,名詞,一般,*,*,*,*,ディアンプルーラ,ディアンプルーラ,ディアンプルーラ
リュート,,,15000,名詞,一般,*,*,*,*,リュート,リュート,リュート
メインクーン,,,15000,名詞,一般,*,*,*,*,メインクーン,メインクーン,メインクーン
パテヘラ,,,15000,名詞,一般,*,*,*,*,パテヘラ,パテヘラ,パテヘラ
アズライト,,,15000,名詞,一般,*,*,*,*,アズライト,アズライト,アズライト
ディエンブ,,,15000,名詞,一般,*,*,*,*,ディエンブ,ディエンブ,ディエンブ
ルモザー,,,15000,名詞,一般,*,*,*,*,ルモザー,ルモザー,ルモザー
ギエリー,,,15000,名詞,一般,*,*,*,*,ギエリー,ギエリー,ギエリー
サルコレロ,,,15000,名詞,一般,*,*,*,*,サルコレロ,サルコレロ,サルコレロ
シュトーレン,,,15000,名詞,一般,*,*,*,*,シュトーレン,シュトーレン,シュトーレン
クロテッドクリーム,,,15000,名詞,一般,*,*,*,*,クロテッドクリーム,クロテッドクリーム,クロテッドクリーム
ヴァルカニフト,,,15000,名詞,一般,*,*,*,*,ヴァルカニフト,ヴァルカニフト,ヴァルカニフト
ベルンデット,,,15000,名詞,一般,*,*,*,*,ベルンデット,ベルンデット,ベルンデット
ラグレーテ,,,15000,名詞,一般,*,*,*,*,ラグレーテ,ラグレーテ,ラグレーテ
サイリウム,,,15000,名詞,一般,*,*,*,*,サイリウム,サイリウム,サイリウム
ヘッドバンギング,,,15000,名詞,一般,*,*,*,*,ヘッドバンギング,ヘッドバンギング,ヘッドバンギング
アイデロート,,,15000,名詞,一般,*,*,*,*,アイデロート,アイデロート,アイデロート
ドールヴァン,,,15000,名詞,一般,*,*,*,*,ドールヴァン,ドールヴァン,ドールヴァン
ディンケル,,,15000,名詞,一般,*,*,*,*,ディンケル,ディンケル,ディンケル
シュピーゲルン,,,15000,名詞,一般,*,*,*,*,シュピーゲルン,シュピーゲルン,シュピーゲルン
カントーナ,,,15000,名詞,一般,*,*,*,*,カントーナ,カントーナ,カントーナ
バッヘルム,,,15000,名詞,一般,*,*,*,*,バッヘルム,バッヘルム,バッヘルム
フォルマート,,,15000,名詞,一般,*,*,*,*,フォルマート,フォルマート,フォルマート
ファーニチュア,,,15000,名詞,一般,*,*,*,*,ファーニチュア,ファーニチュア,ファーニチュア
レンフール,,,15000,名詞,一般,*,*,*,*,レンフール,レンフール,レンフール
フォンテドルフ,,,15000,名詞,一般,*,*,*,*,フォンテドルフ,フォンテドルフ,フォンテドルフ
ドロワーズ,,,15000,名詞,一般,*,*,*,*,ドロワーズ,ドロワーズ,ドロワーズ
ポリグロット・バイブル,,,15000,名詞,一般,*,*,*,*,ポリグロット・バイブル,ポリグロットバイブル,ポリグロットバイブル
ぺたんこ,,,15000,名詞,一般,*,*,*,*,ぺたんこ,ペタンコ,ペタンコ
トラオペルレ,,,15000,名詞,一般,*,*,*,*,トラオペルレ,トラオペルレ,トラオペルレ
レズーク,,,15000,名詞,一般,*,*,*,*,レズーク,レズーク,レズーク
リンハルト,,,15000,名詞,一般,*,*,*,*,リンハルト,リンハルト,リンハルト
クライゼル,,,15000,名詞,一般,*,*,*,*,クライゼル,クライゼル,クライゼル
ハーメンバー,,,15000,名詞,一般,*,*,*,*,ハーメンバー,ハーメンバー,ハーメンバー
ニルエン,,,15000,名詞,一般,*,*,*,*,ニルエン,ニルエン,ニルエン
グリコポーズ,,,15000,名詞,一般,*,*,*,*,グリコポーズ,グリコポーズ,グリコポーズ
レーブ,,,15000,名詞,一般,*,*,*,*,レーブ,レーブ,レーブ
プヒュル,,,15000,名詞,一般,*,*,*,*,プヒュル,プヒュル,プヒュル
ベレア,,,15000,名詞,一般,*,*,*,*,ベレア,ベレア,ベレア
メーレン,,,15000,名詞,一般,*,*,*,*,メーレン,メーレン,メーレン
ディプティク,,,15000,名詞,一般,*,*,*,*,ディプティク,ディプティク,ディプティク
ピューター,,,15000,名詞,一般,*,*,*,*,ピューター,ピューター,ピューター
コンフィ,,,15000,名詞,一般,*,*,*,*,コンフィ,コンフィ,コンフィ
チェシャ猫,,,15000,名詞,一般,*,*,*,*,チェシャ猫,チェシャ猫,チェシャ猫
ステム,,,15000,名詞,一般,*,*,*,*,ステム,ステム,ステム
トゥルム,,,15000,名詞,一般,*,*,*,*,トゥルム,トゥルム,トゥルム
グナーデ,,,15000,名詞,一般,*,*,*,*,グナーデ,グナーデ,グナーデ
コーヴェ,,,15000,名詞,一般,*,*,*,*,コーヴェ,コーヴェ,コーヴェ
クワタ,,,15000,名詞,一般,*,*,*,*,クワタ,クワタ,クワタ
ジョス,,,15000,名詞,一般,*,*,*,*,ジョス,ジョス,ジョス
バートアッフェ,,,15000,名詞,一般,*,*,*,*,バートアッフェ,バートアッフェ,バートアッフェ
トゥラカ,,,15000,名詞,一般,*,*,*,*,トゥラカ,トゥラカ,トゥラカ
バニヒツ,,,15000,名詞,一般,*,*,*,*,バニヒツ,バニヒツ,バニヒツ
アクスト,,,15000,名詞,一般,*,*,*,*,アクスト,アクスト,アクスト
デグルヴァ,,,15000,名詞,一般,*,*,*,*,デグルヴァ,デグルヴァ,デグルヴァ
カチンカチン,,,15000,副詞,一般,*,*,*,*,カチンカチン,カチンカチン,カチンカチン
ホクホク,,,15000,副詞,一般,*,*,*,*,ホクホク,ホクホク,ホクホク
オーライ,,,15000,副詞,一般,*,*,*,*,オーライ,オーライ,オーライ
ドバドバ,,,15000,副詞,一般,*,*,*,*,ドバドバ,ドバドバ,ドバドバ
パパーッ,,,15000,副詞,一般,*,*,*,*,パパーッ,パパーッ,パパーッ
ガフガフ,,,15000,副詞,一般,*,*,*,*,ガフガフ,ガフガフ,ガフガフ
ゴクゴクゴク,,,15000,副詞,一般,*,*,*,*,ゴクゴクゴク,ゴクゴクゴク,ゴクゴクゴク
ぷはぁ,,,15000,副詞,一般,*,*,*,*,ぷはぁ,プハァ,プハァ
ギョロリ,,,15000,副詞,一般,*,*,*,*,ギョロリ,ギョロリ,ギョロリ
ぐぐぐ,,,15000,副詞,一般,*,*,*,*,ぐぐぐ,グググ,グググ
ぴぴっ,,,15000,副詞,一般,*,*,*,*,ぴぴっ,ピピッ,ピピッ
カチーン,,,15000,副詞,一般,*,*,*,*,カチーン,カチーン,カチーン
ギュー,,,15000,副詞,一般,*,*,*,*,ギュー,ギュー,ギュー
ガチャッ,,,15000,副詞,一般,*,*,*,*,ガチャッ,ガチャッ,ガチャッ
ガックンガックン,,,15000,副詞,一般,*,*,*,*,ガックンガックン,ガックンガックン,ガックンガックン
ガクンガクン,,,15000,副詞,一般,*,*,*,*,ガクンガクン,ガクンガクン,ガクンガクン
ギギギギギギ,,,15000,副詞,一般,*,*,*,*,ギギギギギギ,ギギギギギギ,ギギギギギギ
ガタガタボコボコ,,,15000,副詞,一般,*,*,*,*,ガタガタボコボコ,ガタガタボコボコ,ガタガタボコボコ
ぷはっ,,,15000,副詞,一般,*,*,*,*,ぷはっ,プハッ,プハッ
むわっ,,,15000,副詞,一般,*,*,*,*,むわっ,ムワッ,ムワッ
カチャ,,,15000,副詞,一般,*,*,*,*,カチャ,カチャ,カチャ
ぴょいっ,,,15000,副詞,一般,*,*,*,*,ぴょいっ,ぴょいっ,ぴょいっ
バッタリ,,,15000,副詞,一般,*,*,*,*,バッタリ,バッタリ,バッタリ
ぷよぷよ,,,15000,副詞,一般,*,*,*,*,ぷよぷよ,プヨプヨ,プヨプヨ
ボヨボヨ,,,15000,副詞,一般,*,*,*,*,ボヨボヨ,ボヨボヨ,ボヨボヨ
ボロン,,,15000,副詞,一般,*,*,*,*,ボロン,ボロン,ボロン
ポロン,,,15000,副詞,一般,*,*,*,*,ポロン,ポロン,ポロン
ドレミファソラシ,,,15000,副詞,一般,*,*,*,*,ドレミファソラシ,ドレミファソラシ,ドレミファソラシ
ギュウッ,,,15000,副詞,一般,*,*,*,*,ギュウッ,ギュウッ,ギュウッ
ガタガコ,,,15000,副詞,一般,*,*,*,*,ガタガコ,ガタガコ,ガタガコ
ドクドク,,,15000,副詞,一般,*,*,*,*,ドクドク,ドクドク,ドクドク
パシリ,,,15000,副詞,一般,*,*,*,*,パシリ,パシリ,パシリ
ぐにぐに,,,15000,副詞,一般,*,*,*,*,ぐにぐに,グニグニ,グニグニ
ペタペタ,,,15000,副詞,一般,*,*,*,*,ペタペタ,ペタペタ,ペタペタ
ぺらり,,,15000,副詞,一般,*,*,*,*,ぺらり,ペラリ,ペラリ
タタタッ,,,15000,副詞,一般,*,*,*,*,タタタッ,タタタッ,タタタッ
ブルンブルン,,,15000,副詞,一般,*,*,*,*,ブルンブルン,ブルンブルン,ブルンブルン
ポタリ,,,15000,副詞,一般,*,*,*,*,ポタリ,ポタリ,ポタリ
ボゴボゴ,,,15000,副詞,一般,*,*,*,*,ボゴボゴ,ボゴボゴ,ボゴボゴ
ポコポコポコ,,,15000,副詞,一般,*,*,*,*,ポコポコポコ,ポコポコポコ,ポコポコポコ
ドゴン,,,15000,副詞,一般,*,*,*,*,ドゴン,ドゴン,ドゴン
ガシャッ,,,15000,副詞,一般,*,*,*,*,ガシャッ,ガシャッ,ガシャッ
ポコリポコリ,,,15000,副詞,一般,*,*,*,*,ポコリポコリ,ポコリポコリ,ポコリポコリ
ザアッ,,,15000,副詞,一般,*,*,*,*,ザアッ,ザアッ,ザアッ
ザンザン,,,15000,副詞,一般,*,*,*,*,ザンザン,ザンザン,ザンザン
パシッ,,,15000,副詞,一般,*,*,*,*,パシッ,パシッ,パシッ
むぐぐっ,,,15000,副詞,一般,*,*,*,*,むぐぐっ,ムググッ,ムググッ
カチャカチャ,,,15000,副詞,一般,*,*,*,*,カチャカチャ,カチャカチャ,カチャカチャ
ドコン,,,15000,副詞,一般,*,*,*,*,ドコン,ドコン,ドコン
サヤサヤ,,,15000,副詞,一般,*,*,*,*,サヤサヤ,サヤサヤ,サヤサヤ
スースー,,,15000,副詞,一般,*,*,*,*,スースー,スースー,スースー
ブオオオォォォ,,,15000,副詞,一般,*,*,*,*,ブオオオォォォ,ブオオオォォォ,ブオオオォォォ
ペロン,,,15000,副詞,一般,*,*,*,*,ペロン,ペロン,ペロン
ぴろんと,,,15000,副詞,一般,*,*,*,*,ぴろんと,ピロント,ピロント
ぐりっ,,,15000,副詞,一般,*,*,*,*,ぐりっ,グリッ,グリッ
スパパーン,,,15000,副詞,一般,*,*,*,*,スパパーン,スパパーン,スパパーン
ぺっぺっ,,,15000,副詞,一般,*,*,*,*,ぺっぺっ,ペッペッ,ペッペッ
トットッ,,,15000,副詞,一般,*,*,*,*,トットッ,トットッ,トットッ
ブォン,,,15000,副詞,一般,*,*,*,*,ブォン,ブォン,ブォン
ジャボジャボ,,,15000,副詞,一般,*,*,*,*,ジャボジャボ,ジャボジャボ,ジャボジャボ
ハプッ,,,15000,副詞,一般,*,*,*,*,ハプッ,ハプッ,ハプッ
ギギギギッ,,,15000,副詞,一般,*,*,*,*,ギギギギッ,ギギギギッ,ギギギギッ
ニヘッ,,,15000,副詞,一般,*,*,*,*,ニヘッ,ニヘッ,ニヘッ
バサーッ,,,15000,副詞,一般,*,*,*,*,バサーッ,バサーッ,バサーッ
ニヘェッ,,,15000,副詞,一般,*,*,*,*,ニヘェッ,ニヘェッ,ニヘェッ
ピキッ,,,15000,副詞,一般,*,*,*,*,ピキッ,ピキッ,ピキッ
ゴホッ,,,15000,副詞,一般,*,*,*,*,ゴホッ,ゴホッ,ゴホッ
シャキッ,,,15000,副詞,一般,*,*,*,*,シャキッ,シャキッ,シャキッ
ダダッ,,,15000,副詞,一般,*,*,*,*,ダダッ,ダダッ,ダダッ
バシバシ,,,15000,副詞,一般,*,*,*,*,バシバシ,バシバシ,バシバシ
ガビガビ,,,15000,副詞,一般,*,*,*,*,ガビガビ,ガビガビ,ガビガビ
ぎりっ,,,15000,副詞,一般,*,*,*,*,ぎりっ,ギリッ,ギリッ
ニヤァッ,,,15000,副詞,一般,*,*,*,*,ニヤァッ,ニヤァッ,ニヤァッ
ぐえぇっ,,,15000,副詞,一般,*,*,*,*,ぐえぇっ,グエェッ,グエェッ
グケグケ,,,15000,副詞,一般,*,*,*,*,グケグケ,グケグケ,グケグケ
ざぶざぶ,,,15000,副詞,一般,*,*,*,*,ざぶざぶ,ザブザブ,ザブザブ
ジコジコ,,,15000,副詞,一般,*,*,*,*,ジコジコ,ジコジコ,ジコジコ
ぐひぃぃっ,,,15000,副詞,一般,*,*,*,*,ぐひぃぃっ,グヒィィッ,グヒィィッ
ぷぷっ,,,15000,副詞,一般,*,*,*,*,ぷぷっ,ププッ,ププッ
カチッ,,,15000,副詞,一般,*,*,*,*,カチッ,カチッ,カチッ
チャリ,,,15000,副詞,一般,*,*,*,*,チャリ,チャリ,チャリ
ポッカポカ,,,15000,副詞,一般,*,*,*,*,ポッカポカ,ポッカポカ,ポッカポカ
ぷいっと,,,15000,副詞,一般,*,*,*,*,ぷいっと,プイット,プイット
ぷちっ,,,15000,副詞,一般,*,*,*,*,ぷちっ,プチッ,プチッ
ぎゅっぎゅっ,,,15000,副詞,一般,*,*,*,*,ぎゅっぎゅっ,ギュッギュッ,ギュッギュッ
ぐにょん,,,15000,副詞,一般,*,*,*,*,ぐにょん,グニョン,グニョン
ぐぐぐっ,,,15000,副詞,一般,*,*,*,*,ぐぐぐっ,グググッ,グググッ
カパッ,,,15000,副詞,一般,*,*,*,*,カパッ,カパッ,カパッ
びったり,,,15000,副詞,一般,*,*,*,*,びったり,ビッタリ,ビッタリ
しぱしぱ,,,15000,副詞,一般,*,*,*,*,しぱしぱ,シパシパ,シパシパ
ぴぎゃあっ,,,15000,副詞,一般,*,*,*,*,ぴぎゃあっ,ピギャアッ,ピギャアッ
トトントトン,,,15000,副詞,一般,*,*,*,*,トトントトン,トトントトン,トトントトン
グサグサ,,,15000,副詞,一般,*,*,*,*,グサグサ,グサグサ,グサグサ
ツーン,,,15000,副詞,一般,*,*,*,*,ツーン,ツーン,ツーン
コポコポ,,,15000,副詞,一般,*,*,*,*,コポコポ,コポコポ,コポコポ
ドブン,,,15000,副詞,一般,*,*,*,*,ドブン,ドブン,ドブン
ぷふっ,,,15000,副詞,一般,*,*,*,*,ぷふっ,プフッ,プフッ
ぷこっ,,,15000,副詞,一般,*,*,*,*,ぷこっ,プコッ,プコッ
パシパシ,,,15000,副詞,一般,*,*,*,*,パシパシ,パシパシ,パシパシ
ザバッ,,,15000,副詞,一般,*,*,*,*,ザバッ,ザバッ,ザバッ
ギッコギッコ,,,15000,副詞,一般,*,*,*,*,ギッコギッコ,ギッコギッコ,ギッコギッコ
ドプドプ,,,15000,副詞,一般,*,*,*,*,ドプドプ,ドプドプ,ドプドプ
ガッチン,,,15000,副詞,一般,*,*,*,*,ガッチン,ガッチン,ガッチン
ぴゃっと,,,15000,副詞,一般,*,*,*,*,ぴゃっと,ピャット,ピャット
グスグス,,,15000,副詞,一般,*,*,*,*,グスグス,グスグス,グスグス
カランコロン,,,15000,副詞,一般,*,*,*,*,カランコロン,カランコロン,カランコロン
カチャン,,,15000,副詞,一般,*,*,*,*,カチャン,カチャン,カチャン
ぱたぱた,,,15000,副詞,一般,*,*,*,*,ぱたぱた,パタパタ,パタパタ
ガクン,,,15000,副詞,一般,*,*,*,*,ガクン,ガクン,ガクン
ババッ,,,15000,副詞,一般,*,*,*,*,ババッ,ババッ,ババッ
ドコンドコン,,,15000,副詞,一般,*,*,*,*,ドコンドコン,ドコンドコン,ドコンドコン
ガックガック,,,15000,副詞,一般,*,*,*,*,ガックガック,ガックガック,ガックガック
ゲシゲシ,,,15000,副詞,一般,*,*,*,*,ゲシゲシ,ゲシゲシ,ゲシゲシ
ザボッ,,,15000,副詞,一般,*,*,*,*,ザボッ,ザボッ,ザボッ
ボチャン,,,15000,副詞,一般,*,*,*,*,ボチャン,ボチャン,ボチャン
ポスポス,,,15000,副詞,一般,*,*,*,*,ポスポス,ポスポス,ポスポス
ドカッ,,,15000,副詞,一般,*,*,*,*,ドカッ,ドカッ,ドカッ
ゴゴン,,,15000,副詞,一般,*,*,*,*,ゴゴン,ゴゴン,ゴゴン
ぺしぺし,,,15000,副詞,一般,*,*,*,*,ぺしぺし,ペシペシ,ペシペシ
ブランブラン,,,15000,副詞,一般,*,*,*,*,ブランブラン,ブランブラン,ブランブラン
ピッタリ,,,15000,副詞,一般,*,*,*,*,ピッタリ,ピッタリ,ピッタリ
ズズズズッ,,,15000,副詞,一般,*,*,*,*,ズズズズッ,ズズズズッ,ズズズズッ
スパリ,,,15000,副詞,一般,*,*,*,*,スパリ,スパリ,スパリ
ヒューン,,,15000,副詞,一般,*,*,*,*,ヒューン,ヒューン,ヒューン
ドパッ,,,15000,副詞,一般,*,*,*,*,ドパッ,ドパッ,ドパッ
ぐぬっ,,,15000,副詞,一般,*,*,*,*,ぐぬっ,グヌッ,グヌッ
ヤメヤメ,,,15000,副詞,一般,*,*,*,*,ヤメヤメ,ヤメヤメ,ヤメヤメ
フルフル,,,15000,副詞,一般,*,*,*,*,フルフル,フルフル,フルフル
ピロピロ,,,15000,副詞,一般,*,*,*,*,ピロピロ,ピロピロ,ピロピロ
パパッ,,,15000,副詞,一般,*,*,*,*,パパッ,パパッ,パパッ
ビリビリ,,,15000,副詞,一般,*,*,*,*,ビリビリ,ビリビリ,ビリビリ
トクトク,,,15000,副詞,一般,*,*,*,*,トクトク,トクトク,トクトク
